certification_number,service_name,organization_name,certification_detail_url,certified_target_url_listed,certification_status_listed,cert_start_date,cert_end_date,list_page,list_index,source_url,raw_sha256,collected_at,in_period_at_audit,cert_valid_candidate
2521,국립망향의동산,망향의동산관리원,http://www.kwacc.or.kr/CertificationSite/WA/2521/Detail?page=1,http://www.nmhc.go.kr,VALID,2026-08-27,2027-08-26,1,1,http://www.kwacc.or.kr/CertificationSite/WA/List,8a5fdb88e636148c44b7330958678f996121f4d2eb628903f54324a2c85dc57b,2026-08-26T03:24:39.300186+00:00,0,0
2520,영양군청,영양군청,http://www.kwacc.or.kr/CertificationSite/WA/2520/Detail?page=1,https://www.yyg.go.kr/www,VALID,2026-08-20,2027-08-19,1,2,http://www.kwacc.or.kr/CertificationSite/WA/List,8a5fdb88e636148c44b7330958678f996121f4d2eb628903f54324a2c85dc57b,2026-08-26T03:24:39.300186+00:00,1,1
2514,서울특별시 동부병원,서울특별시 동부병원,http://www.kwacc.or.kr/CertificationSite/WA/2514/Detail?page=1,https://www.dbhosp.go.kr,VALID,2026-08-10,2027-08-09,1,3,http://www.kwacc.or.kr/CertificationSite/WA/List,8a5fdb88e636148c44b7330958678f996121f4d2eb628903f54324a2c85dc57b,2026-08-26T03:24:39.300186+00:00,1,1
2511,서울특별시 주차정보안내시스템,서울특별시,http://www.kwacc.or.kr/CertificationSite/WA/2511/Detail?page=1,https://parking.seoul.go.kr,VALID,2026-08-10,2027-08-09,1,4,http://www.kwacc.or.kr/CertificationSite/WA/List,8a5fdb88e636148c44b7330958678f996121f4d2eb628903f54324a2c85dc57b,2026-08-26T03:24:39.300186+00:00,1,1
2519,한국식품연구원 전자도서관,한국식품연구원,http://www.kwacc.or.kr/CertificationSite/WA/2519/Detail?page=1,https://elib.kfri.re.kr,VALID,2026-08-07,2027-08-06,1,5,http://www.kwacc.or.kr/CertificationSite/WA/List,8a5fdb88e636148c44b7330958678f996121f4d2eb628903f54324a2c85dc57b,2026-08-26T03:24:39.300186+00:00,1,1
2522,국가정신건강정보포털,국립정신건강센터,http://www.kwacc.or.kr/CertificationSite/WA/2522/Detail?page=1,https://www.mentalhealth.go.kr,VALID,2026-08-04,2027-08-03,1,6,http://www.kwacc.or.kr/CertificationSite/WA/List,8a5fdb88e636148c44b7330958678f996121f4d2eb628903f54324a2c85dc57b,2026-08-26T03:24:39.300186+00:00,1,1
2518,명지전문대학,명지전문대학,http://www.kwacc.or.kr/CertificationSite/WA/2518/Detail?page=1,https://www.mjc.ac.kr,VALID,2026-08-02,2027-08-01,1,7,http://www.kwacc.or.kr/CertificationSite/WA/List,8a5fdb88e636148c44b7330958678f996121f4d2eb628903f54324a2c85dc57b,2026-08-26T03:24:39.300186+00:00,1,1
2515,식품안전나라,식품의약품안전처,http://www.kwacc.or.kr/CertificationSite/WA/2515/Detail?page=1,https://www.foodsafetykorea.go.kr/main.do,VALID,2026-07-31,2027-07-30,1,8,http://www.kwacc.or.kr/CertificationSite/WA/List,8a5fdb88e636148c44b7330958678f996121f4d2eb628903f54324a2c85dc57b,2026-08-26T03:24:39.300186+00:00,1,1
2512,현대HDS,현대에이치디에스(주),http://www.kwacc.or.kr/CertificationSite/WA/2512/Detail?page=1,http://210.118.135.41,VALID,2026-07-30,2027-07-29,1,9,http://www.kwacc.or.kr/CertificationSite/WA/List,8a5fdb88e636148c44b7330958678f996121f4d2eb628903f54324a2c85dc57b,2026-08-26T03:24:39.300186+00:00,1,1
2508,공예포털,한국공예·디자인문화진흥원,http://www.kwacc.or.kr/CertificationSite/WA/2508/Detail?page=1,https://craft.kcdf.kr:8443,VALID,2026-07-29,2027-07-28,1,10,http://www.kwacc.or.kr/CertificationSite/WA/List,8a5fdb88e636148c44b7330958678f996121f4d2eb628903f54324a2c85dc57b,2026-08-26T03:24:39.300186+00:00,1,1
2507,방송문화진흥회,방송문화진흥회,http://www.kwacc.or.kr/CertificationSite/WA/2507/Detail?page=2,http://www.fbc.or.kr,VALID,2026-07-29,2027-07-28,2,1,http://www.kwacc.or.kr/CertificationSite/WA/List?page=2,7e987e0cffed41e7856d92361f283e494ef5d59e540dffd6525a48cf848e9882,2026-08-26T03:24:40.143725+00:00,1,1
2509,보성군청,보성군청,http://www.kwacc.or.kr/CertificationSite/WA/2509/Detail?page=2,https://www.boseong.go.kr/www,VALID,2026-07-28,2027-07-27,2,2,http://www.kwacc.or.kr/CertificationSite/WA/List?page=2,7e987e0cffed41e7856d92361f283e494ef5d59e540dffd6525a48cf848e9882,2026-08-26T03:24:40.143725+00:00,1,1
2487,장흥군청,장흥군청,http://www.kwacc.or.kr/CertificationSite/WA/2487/Detail?page=2,https://www.jangheung.go.kr/www,VALID,2026-07-15,2027-07-14,2,3,http://www.kwacc.or.kr/CertificationSite/WA/List?page=2,7e987e0cffed41e7856d92361f283e494ef5d59e540dffd6525a48cf848e9882,2026-08-26T03:24:40.143725+00:00,1,1
2494,여신금융협회 소비자지원센터,(사)한국여신전문금융업협회,http://www.kwacc.or.kr/CertificationSite/WA/2494/Detail?page=2,https://customer.crefia.or.kr,VALID,2026-07-07,2027-07-06,2,4,http://www.kwacc.or.kr/CertificationSite/WA/List?page=2,7e987e0cffed41e7856d92361f283e494ef5d59e540dffd6525a48cf848e9882,2026-08-26T03:24:40.143725+00:00,1,1
2493,여신금융협회 대표,(사)한국여신전문금융업협회,http://www.kwacc.or.kr/CertificationSite/WA/2493/Detail?page=2,https://www.crefia.or.kr,VALID,2026-07-07,2027-07-06,2,5,http://www.kwacc.or.kr/CertificationSite/WA/List?page=2,7e987e0cffed41e7856d92361f283e494ef5d59e540dffd6525a48cf848e9882,2026-08-26T03:24:40.143725+00:00,1,1
2506,자살예방교육센터,자살예방교육센터,http://www.kwacc.or.kr/CertificationSite/WA/2506/Detail?page=2,https://edu.kfsp.or.kr,VALID,2026-07-01,2027-06-30,2,6,http://www.kwacc.or.kr/CertificationSite/WA/List?page=2,7e987e0cffed41e7856d92361f283e494ef5d59e540dffd6525a48cf848e9882,2026-08-26T03:24:40.143725+00:00,1,1
2503,백제문화전당,공주문화관광재단,http://www.kwacc.or.kr/CertificationSite/WA/2503/Detail?page=2,https://www.gongjucf.or.kr/bjac/main/view,VALID,2026-07-01,2027-06-30,2,7,http://www.kwacc.or.kr/CertificationSite/WA/List?page=2,7e987e0cffed41e7856d92361f283e494ef5d59e540dffd6525a48cf848e9882,2026-08-26T03:24:40.143725+00:00,1,1
2502,인천연구원,인천연구원,http://www.kwacc.or.kr/CertificationSite/WA/2502/Detail?page=2,https://www.ii.re.kr,VALID,2026-07-01,2027-06-30,2,8,http://www.kwacc.or.kr/CertificationSite/WA/List?page=2,7e987e0cffed41e7856d92361f283e494ef5d59e540dffd6525a48cf848e9882,2026-08-26T03:24:40.143725+00:00,1,1
2513,데이터 문제해결은행,한국데이터산업진흥원,http://www.kwacc.or.kr/CertificationSite/WA/2513/Detail?page=2,https://www.kdata.or.kr/datahub/portal/home,VALID,2026-06-30,2027-06-29,2,9,http://www.kwacc.or.kr/CertificationSite/WA/List?page=2,7e987e0cffed41e7856d92361f283e494ef5d59e540dffd6525a48cf848e9882,2026-08-26T03:24:40.143725+00:00,1,1
2510,안산시평생비전센터,안산시평생비전센터,http://www.kwacc.or.kr/CertificationSite/WA/2510/Detail?page=2,https://wm.ansan.go.kr,VALID,2026-06-30,2027-06-29,2,10,http://www.kwacc.or.kr/CertificationSite/WA/List?page=2,7e987e0cffed41e7856d92361f283e494ef5d59e540dffd6525a48cf848e9882,2026-08-26T03:24:40.143725+00:00,1,1
2505,해양교육포털,한국해양재단,http://www.kwacc.or.kr/CertificationSite/WA/2505/Detail?page=3,https://www.ilovesea.or.kr,VALID,2026-06-28,2027-06-27,3,1,http://www.kwacc.or.kr/CertificationSite/WA/List?page=3,87a07c1b6e5f905461c35723605a03699ef6e9ed9aa4e0866b5737b45e65b6cf,2026-08-26T03:24:40.928082+00:00,1,1
2500,안양도시공사,안양도시공사,http://www.kwacc.or.kr/CertificationSite/WA/2500/Detail?page=3,https://www.auc.or.kr,VALID,2026-06-26,2027-06-25,3,2,http://www.kwacc.or.kr/CertificationSite/WA/List?page=3,87a07c1b6e5f905461c35723605a03699ef6e9ed9aa4e0866b5737b45e65b6cf,2026-08-26T03:24:40.928082+00:00,1,1
2497,세종예술의전당,재단법인 세종시문화관광재단,http://www.kwacc.or.kr/CertificationSite/WA/2497/Detail?page=3,https://www.sjac.or.kr/base/main/view,VALID,2026-06-26,2027-06-25,3,3,http://www.kwacc.or.kr/CertificationSite/WA/List?page=3,87a07c1b6e5f905461c35723605a03699ef6e9ed9aa4e0866b5737b45e65b6cf,2026-08-26T03:24:40.928082+00:00,1,1
2496,서울바이오허브,한국과학기술연구원,http://www.kwacc.or.kr/CertificationSite/WA/2496/Detail?page=3,https://www.seoulbiohub.kr,VALID,2026-06-26,2027-06-25,3,4,http://www.kwacc.or.kr/CertificationSite/WA/List?page=3,87a07c1b6e5f905461c35723605a03699ef6e9ed9aa4e0866b5737b45e65b6cf,2026-08-26T03:24:40.928082+00:00,1,1
2495,화성시복지재단,화성시복지재단,http://www.kwacc.or.kr/CertificationSite/WA/2495/Detail?page=3,https://www.hcare.kr,VALID,2026-06-26,2027-06-25,3,5,http://www.kwacc.or.kr/CertificationSite/WA/List?page=3,87a07c1b6e5f905461c35723605a03699ef6e9ed9aa4e0866b5737b45e65b6cf,2026-08-26T03:24:40.928082+00:00,1,1
2492,문화도시 수원,수원문화재단,http://www.kwacc.or.kr/CertificationSite/WA/2492/Detail?page=3,https://www.swculture.or.kr,VALID,2026-06-26,2027-06-25,3,6,http://www.kwacc.or.kr/CertificationSite/WA/List?page=3,87a07c1b6e5f905461c35723605a03699ef6e9ed9aa4e0866b5737b45e65b6cf,2026-08-26T03:24:40.928082+00:00,1,1
2489,키움예스저축은행(모바일웹),키움예스저축은행,http://www.kwacc.or.kr/CertificationSite/WA/2489/Detail?page=3,https://m.kiwoomyesbank.com,VALID,2026-06-26,2027-06-25,3,7,http://www.kwacc.or.kr/CertificationSite/WA/List?page=3,87a07c1b6e5f905461c35723605a03699ef6e9ed9aa4e0866b5737b45e65b6cf,2026-08-26T03:24:40.928082+00:00,1,1
2488,키움예스저축은행,키움예스저축은행,http://www.kwacc.or.kr/CertificationSite/WA/2488/Detail?page=3,https://www.kiwoomyesbank.com,VALID,2026-06-26,2027-06-25,3,8,http://www.kwacc.or.kr/CertificationSite/WA/List?page=3,87a07c1b6e5f905461c35723605a03699ef6e9ed9aa4e0866b5737b45e65b6cf,2026-08-26T03:24:40.928082+00:00,1,1
2486,LG Content Store(모바일웹),엘지전자 (주),http://www.kwacc.or.kr/CertificationSite/WA/2486/Detail?page=3,https://www.lgappstv.com,VALID,2026-06-23,2027-06-22,3,9,http://www.kwacc.or.kr/CertificationSite/WA/List?page=3,87a07c1b6e5f905461c35723605a03699ef6e9ed9aa4e0866b5737b45e65b6cf,2026-08-26T03:24:40.928082+00:00,1,1
2485,LG Content Store,엘지전자 (주),http://www.kwacc.or.kr/CertificationSite/WA/2485/Detail?page=3,https://www.lgappstv.com,VALID,2026-06-23,2027-06-22,3,10,http://www.kwacc.or.kr/CertificationSite/WA/List?page=3,87a07c1b6e5f905461c35723605a03699ef6e9ed9aa4e0866b5737b45e65b6cf,2026-08-26T03:24:40.928082+00:00,1,1
2484,(사)한국장애인단체총연합회 한국정보접근성인증평가원,(사)한국장애인단체총연합회 한국정보접근성인증평가원,http://www.kwacc.or.kr/CertificationSite/WA/2484/Detail?page=4,https://www.wa.or.kr,VALID,2026-06-20,2027-06-19,4,1,http://www.kwacc.or.kr/CertificationSite/WA/List?page=4,2746c88b53948c63313062b495d99a61bf3c06b169c558923242d717f73c39f3,2026-08-26T03:24:41.717366+00:00,1,1
2498,서울안전누리,서울시청,http://www.kwacc.or.kr/CertificationSite/WA/2498/Detail?page=4,https://safecity.seoul.go.kr,VALID,2026-06-19,2027-06-18,4,2,http://www.kwacc.or.kr/CertificationSite/WA/List?page=4,2746c88b53948c63313062b495d99a61bf3c06b169c558923242d717f73c39f3,2026-08-26T03:24:41.717366+00:00,1,1
2481,서울특별시 도로굴착복구시스템,서울특별시청,http://www.kwacc.or.kr/CertificationSite/WA/2481/Detail?page=4,https://roaddig.seoul.go.kr,VALID,2026-06-18,2027-06-17,4,3,http://www.kwacc.or.kr/CertificationSite/WA/List?page=4,2746c88b53948c63313062b495d99a61bf3c06b169c558923242d717f73c39f3,2026-08-26T03:24:41.717366+00:00,1,1
2479,한국학사서 글로벌 네트워크,국립중앙도서관,http://www.kwacc.or.kr/CertificationSite/WA/2479/Detail?page=4,https://inkslib.nl.go.kr,VALID,2026-06-15,2027-06-14,4,4,http://www.kwacc.or.kr/CertificationSite/WA/List?page=4,2746c88b53948c63313062b495d99a61bf3c06b169c558923242d717f73c39f3,2026-08-26T03:24:41.717366+00:00,1,1
2482,휴·폐업 의료기관 진료기록보관시스템,한국보건의료정보원,http://www.kwacc.or.kr/CertificationSite/WA/2482/Detail?page=4,https://chmr.mohw.go.kr,VALID,2026-06-12,2027-06-11,4,5,http://www.kwacc.or.kr/CertificationSite/WA/List?page=4,2746c88b53948c63313062b495d99a61bf3c06b169c558923242d717f73c39f3,2026-08-26T03:24:41.717366+00:00,1,1
2473,사서지원서비스,국립중앙도서관,http://www.kwacc.or.kr/CertificationSite/WA/2473/Detail?page=4,https://librarian.nl.go.kr,VALID,2026-06-09,2027-06-08,4,6,http://www.kwacc.or.kr/CertificationSite/WA/List?page=4,2746c88b53948c63313062b495d99a61bf3c06b169c558923242d717f73c39f3,2026-08-26T03:24:41.717366+00:00,1,1
2472,이음5G지원포털,한국방송통신전파진흥원,http://www.kwacc.or.kr/CertificationSite/WA/2472/Detail?page=4,https://spectrummap.kr/eum5gportal/index,VALID,2026-06-08,2027-06-07,4,7,http://www.kwacc.or.kr/CertificationSite/WA/List?page=4,2746c88b53948c63313062b495d99a61bf3c06b169c558923242d717f73c39f3,2026-08-26T03:24:41.717366+00:00,1,1
2471,국립중앙도서관,국립중앙도서관,http://www.kwacc.or.kr/CertificationSite/WA/2471/Detail?page=4,https://nl.go.kr,VALID,2026-06-02,2027-06-01,4,8,http://www.kwacc.or.kr/CertificationSite/WA/List?page=4,2746c88b53948c63313062b495d99a61bf3c06b169c558923242d717f73c39f3,2026-08-26T03:24:41.717366+00:00,1,1
2501,경기도여성가족재단,경기도여성가족재단,http://www.kwacc.or.kr/CertificationSite/WA/2501/Detail?page=4,https://www.gwff.kr,VALID,2026-05-29,2027-05-28,4,9,http://www.kwacc.or.kr/CertificationSite/WA/List?page=4,2746c88b53948c63313062b495d99a61bf3c06b169c558923242d717f73c39f3,2026-08-26T03:24:41.717366+00:00,1,1
2499,수원문화재단 대표,수원문화재단,http://www.kwacc.or.kr/CertificationSite/WA/2499/Detail?page=4,https://www.swcf.or.kr,VALID,2026-05-29,2027-05-28,4,10,http://www.kwacc.or.kr/CertificationSite/WA/List?page=4,2746c88b53948c63313062b495d99a61bf3c06b169c558923242d717f73c39f3,2026-08-26T03:24:41.717366+00:00,1,1
2469,노인일자리 여기(모바일웹),한국노인인력개발원,http://www.kwacc.or.kr/CertificationSite/WA/2469/Detail?page=5,https://www.seniorro.or.kr,VALID,2026-05-29,2027-05-28,5,1,http://www.kwacc.or.kr/CertificationSite/WA/List?page=5,dae963762cf5f77c568602fe275df54d92278489cc6aee5bd6592e936145b8de,2026-08-26T03:24:42.512244+00:00,1,1
2475,경기지역화폐,경기도시장상권진흥원,http://www.kwacc.or.kr/CertificationSite/WA/2475/Detail?page=5,https://gmoney.or.kr/base/main/view,VALID,2026-05-22,2027-05-21,5,2,http://www.kwacc.or.kr/CertificationSite/WA/List?page=5,dae963762cf5f77c568602fe275df54d92278489cc6aee5bd6592e936145b8de,2026-08-26T03:24:42.512244+00:00,1,1
2483,시흥도시공사 대표,시흥도시공사,http://www.kwacc.or.kr/CertificationSite/WA/2483/Detail?page=5,https://shsi.or.kr,VALID,2026-05-19,2027-05-18,5,3,http://www.kwacc.or.kr/CertificationSite/WA/List?page=5,dae963762cf5f77c568602fe275df54d92278489cc6aee5bd6592e936145b8de,2026-08-26T03:24:42.512244+00:00,1,1
2456,보건복지부 어린이,보건복지부,http://www.kwacc.or.kr/CertificationSite/WA/2456/Detail?page=5,https://www.mohw.go.kr/kids,VALID,2026-05-19,2027-05-18,5,4,http://www.kwacc.or.kr/CertificationSite/WA/List?page=5,dae963762cf5f77c568602fe275df54d92278489cc6aee5bd6592e936145b8de,2026-08-26T03:24:42.512244+00:00,1,1
2463,세계법제정보센터,법제처,http://www.kwacc.or.kr/CertificationSite/WA/2463/Detail?page=5,https://world.moleg.go.kr,VALID,2026-05-17,2027-05-16,5,5,http://www.kwacc.or.kr/CertificationSite/WA/List?page=5,dae963762cf5f77c568602fe275df54d92278489cc6aee5bd6592e936145b8de,2026-08-26T03:24:42.512244+00:00,1,1
2468,대구공공시설관리공단 대표,대구공공시설관리공단,http://www.kwacc.or.kr/CertificationSite/WA/2468/Detail?page=5,https://www.dpfc.or.kr,VALID,2026-05-15,2027-05-14,5,6,http://www.kwacc.or.kr/CertificationSite/WA/List?page=5,dae963762cf5f77c568602fe275df54d92278489cc6aee5bd6592e936145b8de,2026-08-26T03:24:42.512244+00:00,1,1
2460,한국노인인력개발원(모바일웹),한국노인인력개발원,http://www.kwacc.or.kr/CertificationSite/WA/2460/Detail?page=5,https://www.kordi.or.kr/m/main.do,VALID,2026-05-12,2027-05-11,5,7,http://www.kwacc.or.kr/CertificationSite/WA/List?page=5,dae963762cf5f77c568602fe275df54d92278489cc6aee5bd6592e936145b8de,2026-08-26T03:24:42.512244+00:00,1,1
2480,부안군문화재단,(재)부안군문화재단,http://www.kwacc.or.kr/CertificationSite/WA/2480/Detail?page=5,https://www.bacf.or.kr,VALID,2026-05-03,2027-05-02,5,8,http://www.kwacc.or.kr/CertificationSite/WA/List?page=5,dae963762cf5f77c568602fe275df54d92278489cc6aee5bd6592e936145b8de,2026-08-26T03:24:42.512244+00:00,1,1
2448,더케이저축은행,더케이저축은행,http://www.kwacc.or.kr/CertificationSite/WA/2448/Detail?page=5,https://www.thekbank.co.kr,VALID,2026-04-29,2027-04-28,5,9,http://www.kwacc.or.kr/CertificationSite/WA/List?page=5,dae963762cf5f77c568602fe275df54d92278489cc6aee5bd6592e936145b8de,2026-08-26T03:24:42.512244+00:00,1,1
2457,국회도서관,국회도서관,http://www.kwacc.or.kr/CertificationSite/WA/2457/Detail?page=5,https://www.nanet.go.kr,VALID,2026-04-28,2027-04-27,5,10,http://www.kwacc.or.kr/CertificationSite/WA/List?page=5,dae963762cf5f77c568602fe275df54d92278489cc6aee5bd6592e936145b8de,2026-08-26T03:24:42.512244+00:00,1,1
2449,EBS 장애인 서비스,한국교육방송공사,http://www.kwacc.or.kr/CertificationSite/WA/2449/Detail?page=6,https://www.ebs.co.kr/free,VALID,2026-04-28,2027-04-27,6,1,http://www.kwacc.or.kr/CertificationSite/WA/List?page=6,242b9ddb5c5509090f0bf20f85cca20dbd014fb760d11270ddcbfd0e9f0828f2,2026-08-26T03:24:43.303628+00:00,1,1
2458,kt M mobile 다이렉트몰,주식회사 케이티엠모바일,http://www.kwacc.or.kr/CertificationSite/WA/2458/Detail?page=6,https://www.ktmmobile.com,VALID,2026-04-26,2027-04-25,6,2,http://www.kwacc.or.kr/CertificationSite/WA/List?page=6,242b9ddb5c5509090f0bf20f85cca20dbd014fb760d11270ddcbfd0e9f0828f2,2026-08-26T03:24:43.303628+00:00,1,1
2446,삼척의료원,삼척의료원,http://www.kwacc.or.kr/CertificationSite/WA/2446/Detail?page=6,https://www.ksmc.or.kr,VALID,2026-04-21,2027-04-20,6,3,http://www.kwacc.or.kr/CertificationSite/WA/List?page=6,242b9ddb5c5509090f0bf20f85cca20dbd014fb760d11270ddcbfd0e9f0828f2,2026-08-26T03:24:43.303628+00:00,1,1
2467,경상북도개발공사 대표,경상북도개발공사,http://www.kwacc.or.kr/CertificationSite/WA/2467/Detail?page=6,https://www.gbdc.co.kr,VALID,2026-04-19,2027-04-18,6,4,http://www.kwacc.or.kr/CertificationSite/WA/List?page=6,242b9ddb5c5509090f0bf20f85cca20dbd014fb760d11270ddcbfd0e9f0828f2,2026-08-26T03:24:43.303628+00:00,1,1
2450,목포시청,목포시청,http://www.kwacc.or.kr/CertificationSite/WA/2450/Detail?page=6,https://www.mokpo.go.kr,VALID,2026-04-19,2027-04-18,6,5,http://www.kwacc.or.kr/CertificationSite/WA/List?page=6,242b9ddb5c5509090f0bf20f85cca20dbd014fb760d11270ddcbfd0e9f0828f2,2026-08-26T03:24:43.303628+00:00,1,1
2462,애큐온저축은행,애큐온저축은행,http://www.kwacc.or.kr/CertificationSite/WA/2462/Detail?page=6,https://www.acuonsb.co.kr,VALID,2026-04-18,2027-04-17,6,6,http://www.kwacc.or.kr/CertificationSite/WA/List?page=6,242b9ddb5c5509090f0bf20f85cca20dbd014fb760d11270ddcbfd0e9f0828f2,2026-08-26T03:24:43.303628+00:00,1,1
2447,학점은행제 정보공시(학점은행제 알리미),국가평생교육진흥원,http://www.kwacc.or.kr/CertificationSite/WA/2447/Detail?page=6,https://info.cb.or.kr,VALID,2026-04-16,2027-04-15,6,7,http://www.kwacc.or.kr/CertificationSite/WA/List?page=6,242b9ddb5c5509090f0bf20f85cca20dbd014fb760d11270ddcbfd0e9f0828f2,2026-08-26T03:24:43.303628+00:00,1,1
2440,지역문화통합정보시스템,한국문화정보원,http://www.kwacc.or.kr/CertificationSite/WA/2440/Detail?page=6,https://www.culture.go.kr/local,VALID,2026-04-15,2027-04-14,6,8,http://www.kwacc.or.kr/CertificationSite/WA/List?page=6,242b9ddb5c5509090f0bf20f85cca20dbd014fb760d11270ddcbfd0e9f0828f2,2026-08-26T03:24:43.303628+00:00,1,1
2461,사이버한국외국어대학교,사이버한국외국어대학교,http://www.kwacc.or.kr/CertificationSite/WA/2461/Detail?page=6,https://www.cufs.ac.kr,VALID,2026-04-10,2027-04-09,6,9,http://www.kwacc.or.kr/CertificationSite/WA/List?page=6,242b9ddb5c5509090f0bf20f85cca20dbd014fb760d11270ddcbfd0e9f0828f2,2026-08-26T03:24:43.303628+00:00,1,1
2436,모두가도시농부,농림수산식품교육문화정보원,http://www.kwacc.or.kr/CertificationSite/WA/2436/Detail?page=6,https://www.modunong.or.kr:449,VALID,2026-04-08,2027-04-07,6,10,http://www.kwacc.or.kr/CertificationSite/WA/List?page=6,242b9ddb5c5509090f0bf20f85cca20dbd014fb760d11270ddcbfd0e9f0828f2,2026-08-26T03:24:43.303628+00:00,1,1
2451,보건복지상담센터,보건복지부,http://www.kwacc.or.kr/CertificationSite/WA/2451/Detail?page=7,https://www.129.go.kr,VALID,2026-04-02,2027-04-01,7,1,http://www.kwacc.or.kr/CertificationSite/WA/List?page=7,9cf711b90aca39f055907bfaf8575ef321bdbf26595009623a77d6659ebb08ef,2026-08-26T03:24:44.099141+00:00,1,1
2423,KOLIS·NET 국가자료종합목록,국립중앙도서관,http://www.kwacc.or.kr/CertificationSite/WA/2423/Detail?page=7,https://www.nl.go.kr/kolisnet/index.do,VALID,2026-04-01,2027-03-31,7,2,http://www.kwacc.or.kr/CertificationSite/WA/List?page=7,9cf711b90aca39f055907bfaf8575ef321bdbf26595009623a77d6659ebb08ef,2026-08-26T03:24:44.099141+00:00,1,1
2439,하이원리조트,강원랜드,http://www.kwacc.or.kr/CertificationSite/WA/2439/Detail?page=7,www.high1.com,VALID,2026-03-29,2027-03-28,7,3,http://www.kwacc.or.kr/CertificationSite/WA/List?page=7,9cf711b90aca39f055907bfaf8575ef321bdbf26595009623a77d6659ebb08ef,2026-08-26T03:24:44.099141+00:00,1,1
2478,규제정보포털,국무조정실,http://www.kwacc.or.kr/CertificationSite/WA/2478/Detail?page=7,https://better.go.kr,VALID,2026-03-28,2027-03-27,7,4,http://www.kwacc.or.kr/CertificationSite/WA/List?page=7,9cf711b90aca39f055907bfaf8575ef321bdbf26595009623a77d6659ebb08ef,2026-08-26T03:24:44.099141+00:00,1,1
2477,규제샌드박스,국무조정실,http://www.kwacc.or.kr/CertificationSite/WA/2477/Detail?page=7,https://www.sandbox.go.kr,VALID,2026-03-28,2027-03-27,7,5,http://www.kwacc.or.kr/CertificationSite/WA/List?page=7,9cf711b90aca39f055907bfaf8575ef321bdbf26595009623a77d6659ebb08ef,2026-08-26T03:24:44.099141+00:00,1,1
2476,규제신문고,국무조정실,http://www.kwacc.or.kr/CertificationSite/WA/2476/Detail?page=7,https://www.sinmungo.go.kr,VALID,2026-03-28,2027-03-27,7,6,http://www.kwacc.or.kr/CertificationSite/WA/List?page=7,9cf711b90aca39f055907bfaf8575ef321bdbf26595009623a77d6659ebb08ef,2026-08-26T03:24:44.099141+00:00,1,1
2443,우체국금융개발원,우체국금융개발원,http://www.kwacc.or.kr/CertificationSite/WA/2443/Detail?page=7,https://www.posid.or.kr,VALID,2026-03-28,2027-03-27,7,7,http://www.kwacc.or.kr/CertificationSite/WA/List?page=7,9cf711b90aca39f055907bfaf8575ef321bdbf26595009623a77d6659ebb08ef,2026-08-26T03:24:44.099141+00:00,1,1
2425,유료방송미환급액 정보조회,사단법인 한국정보통신진흥협회,http://www.kwacc.or.kr/CertificationSite/WA/2425/Detail?page=7,https://www.kait-tvrefund.kr,VALID,2026-03-27,2027-03-26,7,8,http://www.kwacc.or.kr/CertificationSite/WA/List?page=7,9cf711b90aca39f055907bfaf8575ef321bdbf26595009623a77d6659ebb08ef,2026-08-26T03:24:44.099141+00:00,1,1
2474,시각장애인업무지원시스템,한국사회보장정보원,http://www.kwacc.or.kr/CertificationSite/WA/2474/Detail?page=7,https://sevsw.socialservice.or.kr,VALID,2026-03-26,2027-03-25,7,9,http://www.kwacc.or.kr/CertificationSite/WA/List?page=7,9cf711b90aca39f055907bfaf8575ef321bdbf26595009623a77d6659ebb08ef,2026-08-26T03:24:44.099141+00:00,1,1
2459,국민행복카드,한국사회보장정보원,http://www.kwacc.or.kr/CertificationSite/WA/2459/Detail?page=7,http://www.voucher.go.kr,VALID,2026-03-26,2027-03-25,7,10,http://www.kwacc.or.kr/CertificationSite/WA/List?page=7,9cf711b90aca39f055907bfaf8575ef321bdbf26595009623a77d6659ebb08ef,2026-08-26T03:24:44.099141+00:00,1,1
2438,강진군청,전라남도 강진군청,http://www.kwacc.or.kr/CertificationSite/WA/2438/Detail?page=8,https://www.gangjin.go.kr/www,VALID,2026-03-24,2027-03-23,8,1,http://www.kwacc.or.kr/CertificationSite/WA/List?page=8,c554af74e3e697cb0110130327fcbca6af0299d3936fad8fc045636d063dad42,2026-08-26T03:24:44.889192+00:00,1,1
2424,국가유산채널,국가유산진흥원,http://www.kwacc.or.kr/CertificationSite/WA/2424/Detail?page=8,https://www.k-heritage.tv,VALID,2026-03-24,2027-03-23,8,2,http://www.kwacc.or.kr/CertificationSite/WA/List?page=8,c554af74e3e697cb0110130327fcbca6af0299d3936fad8fc045636d063dad42,2026-08-26T03:24:44.889192+00:00,1,1
2428,국민건강보험공단 인재개발원(모바일웹),국민건강보험공단 인재개발원,http://www.kwacc.or.kr/CertificationSite/WA/2428/Detail?page=8,https://hrd.nhis.or.kr,VALID,2026-03-21,2027-03-20,8,3,http://www.kwacc.or.kr/CertificationSite/WA/List?page=8,c554af74e3e697cb0110130327fcbca6af0299d3936fad8fc045636d063dad42,2026-08-26T03:24:44.889192+00:00,1,1
2427,국민건강보험공단 인재개발원 대표,국민건강보험공단 인재개발원,http://www.kwacc.or.kr/CertificationSite/WA/2427/Detail?page=8,https://hrd.nhis.or.kr,VALID,2026-03-21,2027-03-20,8,4,http://www.kwacc.or.kr/CertificationSite/WA/List?page=8,c554af74e3e697cb0110130327fcbca6af0299d3936fad8fc045636d063dad42,2026-08-26T03:24:44.889192+00:00,1,1
2442,한국예술종합학교 입학정보,한국예술종합학교,http://www.kwacc.or.kr/CertificationSite/WA/2442/Detail?page=8,https://www.karts.ac.kr/main/appl.do,VALID,2026-03-17,2027-03-16,8,5,http://www.kwacc.or.kr/CertificationSite/WA/List?page=8,c554af74e3e697cb0110130327fcbca6af0299d3936fad8fc045636d063dad42,2026-08-26T03:24:44.889192+00:00,1,1
2441,한국예술종합학교 대표,한국예술종합학교,http://www.kwacc.or.kr/CertificationSite/WA/2441/Detail?page=8,https://www.karts.ac.kr/index_karts.jsp,VALID,2026-03-17,2027-03-16,8,6,http://www.kwacc.or.kr/CertificationSite/WA/List?page=8,c554af74e3e697cb0110130327fcbca6af0299d3936fad8fc045636d063dad42,2026-08-26T03:24:44.889192+00:00,1,1
2409,도로기상정보시스템,기상청,http://www.kwacc.or.kr/CertificationSite/WA/2409/Detail?page=8,https://rwis.kma.go.kr,VALID,2026-03-16,2027-03-15,8,7,http://www.kwacc.or.kr/CertificationSite/WA/List?page=8,c554af74e3e697cb0110130327fcbca6af0299d3936fad8fc045636d063dad42,2026-08-26T03:24:44.889192+00:00,1,1
2466,화학물질안전원 대표,화학물질안전원,http://www.kwacc.or.kr/CertificationSite/WA/2466/Detail?page=8,https://nics.mcee.go.kr/main.do,VALID,2026-03-15,2027-03-14,8,8,http://www.kwacc.or.kr/CertificationSite/WA/List?page=8,c554af74e3e697cb0110130327fcbca6af0299d3936fad8fc045636d063dad42,2026-08-26T03:24:44.889192+00:00,1,1
2437,예스이십사 전자도서관,예스이십사,http://www.kwacc.or.kr/CertificationSite/WA/2437/Detail?page=8,https://ebook.yes24library.com,VALID,2026-03-15,2027-03-14,8,9,http://www.kwacc.or.kr/CertificationSite/WA/List?page=8,c554af74e3e697cb0110130327fcbca6af0299d3936fad8fc045636d063dad42,2026-08-26T03:24:44.889192+00:00,1,1
2413,한양사이버대학교 SSO,한양사이버대학교,http://www.kwacc.or.kr/CertificationSite/WA/2413/Detail?page=8,https://sso.hycu.ac.kr,VALID,2026-03-15,2027-03-14,8,10,http://www.kwacc.or.kr/CertificationSite/WA/List?page=8,c554af74e3e697cb0110130327fcbca6af0299d3936fad8fc045636d063dad42,2026-08-26T03:24:44.889192+00:00,1,1
2412,한양사이버대학교 포털,한양사이버대학교,http://www.kwacc.or.kr/CertificationSite/WA/2412/Detail?page=9,https://road.hycu.ac.kr,VALID,2026-03-15,2027-03-14,9,1,http://www.kwacc.or.kr/CertificationSite/WA/List?page=9,8b923535f37cff233fc3fe731c2fb7239969bb7488a2a3ee31b19e936213ee5d,2026-08-26T03:24:45.661513+00:00,1,1
2435,한전KPS 대표,한전케이피에스 주식회사,http://www.kwacc.or.kr/CertificationSite/WA/2435/Detail?page=9,https://www.kps.co.kr,VALID,2026-03-13,2027-03-12,9,2,http://www.kwacc.or.kr/CertificationSite/WA/List?page=9,8b923535f37cff233fc3fe731c2fb7239969bb7488a2a3ee31b19e936213ee5d,2026-08-26T03:24:45.661513+00:00,1,1
2426,김포시청소년재단,재단법인 김포시청소년재단,http://www.kwacc.or.kr/CertificationSite/WA/2426/Detail?page=9,https://www.fgy.or.kr,VALID,2026-03-13,2027-03-12,9,3,http://www.kwacc.or.kr/CertificationSite/WA/List?page=9,8b923535f37cff233fc3fe731c2fb7239969bb7488a2a3ee31b19e936213ee5d,2026-08-26T03:24:45.661513+00:00,1,1
2410,여수시도시관리공단,여수시도시관리공단,http://www.kwacc.or.kr/CertificationSite/WA/2410/Detail?page=9,https://www.yumcorp.or.kr/www,VALID,2026-03-10,2027-03-09,9,4,http://www.kwacc.or.kr/CertificationSite/WA/List?page=9,8b923535f37cff233fc3fe731c2fb7239969bb7488a2a3ee31b19e936213ee5d,2026-08-26T03:24:45.661513+00:00,1,1
2421,K-오션MOOC,한국해양재단,http://www.kwacc.or.kr/CertificationSite/WA/2421/Detail?page=9,https://www.koceanmooc.or.kr,VALID,2026-03-08,2027-03-07,9,5,http://www.kwacc.or.kr/CertificationSite/WA/List?page=9,8b923535f37cff233fc3fe731c2fb7239969bb7488a2a3ee31b19e936213ee5d,2026-08-26T03:24:45.661513+00:00,1,1
2406,한국전력공사 공급자통합포털,한국전력공사,http://www.kwacc.or.kr/CertificationSite/WA/2406/Detail?page=9,https://ksp.kepco.co.kr,VALID,2026-03-06,2027-03-05,9,6,http://www.kwacc.or.kr/CertificationSite/WA/List?page=9,8b923535f37cff233fc3fe731c2fb7239969bb7488a2a3ee31b19e936213ee5d,2026-08-26T03:24:45.661513+00:00,1,1
2405,완주군청,완주군청,http://www.kwacc.or.kr/CertificationSite/WA/2405/Detail?page=9,https://www.wanju.go.kr/index.9is,VALID,2026-03-06,2027-03-05,9,7,http://www.kwacc.or.kr/CertificationSite/WA/List?page=9,8b923535f37cff233fc3fe731c2fb7239969bb7488a2a3ee31b19e936213ee5d,2026-08-26T03:24:45.661513+00:00,1,1
2422,의료정보보호센터,한국사회보장정보원,http://www.kwacc.or.kr/CertificationSite/WA/2422/Detail?page=9,https://www.hisc.or.kr,VALID,2026-03-03,2027-03-02,9,8,http://www.kwacc.or.kr/CertificationSite/WA/List?page=9,8b923535f37cff233fc3fe731c2fb7239969bb7488a2a3ee31b19e936213ee5d,2026-08-26T03:24:45.661513+00:00,1,1
2403,함께학교,한국교육방송공사,http://www.kwacc.or.kr/CertificationSite/WA/2403/Detail?page=9,https://free.togetherschool.go.kr,VALID,2026-03-03,2027-03-02,9,9,http://www.kwacc.or.kr/CertificationSite/WA/List?page=9,8b923535f37cff233fc3fe731c2fb7239969bb7488a2a3ee31b19e936213ee5d,2026-08-26T03:24:45.661513+00:00,1,1
2434,주택도시보증공사 사회임대주택,주택도시보증공사,http://www.kwacc.or.kr/CertificationSite/WA/2434/Detail?page=9,https://khug.or.kr/index.jsp?mainType=support,VALID,2026-03-02,2027-03-01,9,10,http://www.kwacc.or.kr/CertificationSite/WA/List?page=9,8b923535f37cff233fc3fe731c2fb7239969bb7488a2a3ee31b19e936213ee5d,2026-08-26T03:24:45.661513+00:00,1,1
2433,주택도시보증공사 정보공개,주택도시보증공사,http://www.kwacc.or.kr/CertificationSite/WA/2433/Detail?page=10,https://khug.or.kr/index.jsp?mainType=openapi,VALID,2026-03-02,2027-03-01,10,1,http://www.kwacc.or.kr/CertificationSite/WA/List?page=10,9b86d404a4995493f366f664189e878a4b4ec6a1d47a9cdcdd53f95c8c80f382,2026-08-26T03:24:46.451286+00:00,1,1
2432,주택도시보증공사,주택도시보증공사,http://www.kwacc.or.kr/CertificationSite/WA/2432/Detail?page=10,https://khug.or.kr/index_hug_in.jsp,VALID,2026-03-02,2027-03-01,10,2,http://www.kwacc.or.kr/CertificationSite/WA/List?page=10,9b86d404a4995493f366f664189e878a4b4ec6a1d47a9cdcdd53f95c8c80f382,2026-08-26T03:24:46.451286+00:00,1,1
2408,김해시복지재단,김해시복지재단,http://www.kwacc.or.kr/CertificationSite/WA/2408/Detail?page=10,https://www.ghwf.or.kr,VALID,2026-03-02,2027-03-01,10,3,http://www.kwacc.or.kr/CertificationSite/WA/List?page=10,9b86d404a4995493f366f664189e878a4b4ec6a1d47a9cdcdd53f95c8c80f382,2026-08-26T03:24:46.451286+00:00,1,1
2401,서울도시공간포털,서울시청,http://www.kwacc.or.kr/CertificationSite/WA/2401/Detail?page=10,https://urban.seoul.go.kr,VALID,2026-02-26,2027-02-25,10,4,http://www.kwacc.or.kr/CertificationSite/WA/List?page=10,9b86d404a4995493f366f664189e878a4b4ec6a1d47a9cdcdd53f95c8c80f382,2026-08-26T03:24:46.451286+00:00,1,1
2414,사회보장위원회,보건복지부,http://www.kwacc.or.kr/CertificationSite/WA/2414/Detail?page=10,https://www.ssc.go.kr,VALID,2026-02-24,2027-02-23,10,5,http://www.kwacc.or.kr/CertificationSite/WA/List?page=10,9b86d404a4995493f366f664189e878a4b4ec6a1d47a9cdcdd53f95c8c80f382,2026-08-26T03:24:46.451286+00:00,1,1
2400,노인일자리 여기,한국노인인력개발원,http://www.kwacc.or.kr/CertificationSite/WA/2400/Detail?page=10,https://www.seniorro.or.kr,VALID,2026-02-23,2027-02-22,10,6,http://www.kwacc.or.kr/CertificationSite/WA/List?page=10,9b86d404a4995493f366f664189e878a4b4ec6a1d47a9cdcdd53f95c8c80f382,2026-08-26T03:24:46.451286+00:00,1,1
2399,국가트라우마센터,국립정신건강센터,http://www.kwacc.or.kr/CertificationSite/WA/2399/Detail?page=10,https://nct.go.kr,VALID,2026-02-21,2027-02-20,10,7,http://www.kwacc.or.kr/CertificationSite/WA/List?page=10,9b86d404a4995493f366f664189e878a4b4ec6a1d47a9cdcdd53f95c8c80f382,2026-08-26T03:24:46.451286+00:00,1,1
2397,보조금통합포털,기획재정부,http://www.kwacc.or.kr/CertificationSite/WA/2397/Detail?page=10,https://bojo.go.kr,VALID,2026-02-19,2027-02-18,10,8,http://www.kwacc.or.kr/CertificationSite/WA/List?page=10,9b86d404a4995493f366f664189e878a4b4ec6a1d47a9cdcdd53f95c8c80f382,2026-08-26T03:24:46.451286+00:00,1,1
2402,법제처 대표,법제처,http://www.kwacc.or.kr/CertificationSite/WA/2402/Detail?page=10,https://moleg.go.kr,VALID,2026-02-18,2027-02-17,10,9,http://www.kwacc.or.kr/CertificationSite/WA/List?page=10,9b86d404a4995493f366f664189e878a4b4ec6a1d47a9cdcdd53f95c8c80f382,2026-08-26T03:24:46.451286+00:00,1,1
2407,금융규제·법령해석포털,금융위원회,http://www.kwacc.or.kr/CertificationSite/WA/2407/Detail?page=10,https://better.fsc.go.kr,VALID,2026-02-16,2027-02-15,10,10,http://www.kwacc.or.kr/CertificationSite/WA/List?page=10,9b86d404a4995493f366f664189e878a4b4ec6a1d47a9cdcdd53f95c8c80f382,2026-08-26T03:24:46.451286+00:00,1,1
2431,토지이음,국토교통부,http://www.kwacc.or.kr/CertificationSite/WA/2431/Detail?page=11,https://eum.go.kr,VALID,2026-02-15,2027-02-14,11,1,http://www.kwacc.or.kr/CertificationSite/WA/List?page=11,de592ce942003066bb8b83b788b91dbe2f25aa5511cd789c9774b04d9acf04e6,2026-08-26T03:24:47.247245+00:00,1,1
2415,국가사이버안보센터,국가사이버안보센터,http://www.kwacc.or.kr/CertificationSite/WA/2415/Detail?page=11,https://www.ncsc.go.kr,VALID,2026-02-14,2027-02-13,11,2,http://www.kwacc.or.kr/CertificationSite/WA/List?page=11,de592ce942003066bb8b83b788b91dbe2f25aa5511cd789c9774b04d9acf04e6,2026-08-26T03:24:47.247245+00:00,1,1
2390,무주군청,무주군청,http://www.kwacc.or.kr/CertificationSite/WA/2390/Detail?page=11,https://www.muju.go.kr/index.9is,VALID,2026-02-14,2027-02-13,11,3,http://www.kwacc.or.kr/CertificationSite/WA/List?page=11,de592ce942003066bb8b83b788b91dbe2f25aa5511cd789c9774b04d9acf04e6,2026-08-26T03:24:47.247245+00:00,1,1
2398,국립부곡병원,국립부곡병원,http://www.kwacc.or.kr/CertificationSite/WA/2398/Detail?page=11,http://www.bgnmh.go.kr,VALID,2026-02-11,2027-02-10,11,4,http://www.kwacc.or.kr/CertificationSite/WA/List?page=11,de592ce942003066bb8b83b788b91dbe2f25aa5511cd789c9774b04d9acf04e6,2026-08-26T03:24:47.247245+00:00,1,1
2396,공공용주파수 수요관리 시스템,한국방송통신전파진흥원,http://www.kwacc.or.kr/CertificationSite/WA/2396/Detail?page=11,https://spectrummap.kr/public,VALID,2026-02-10,2027-02-09,11,5,http://www.kwacc.or.kr/CertificationSite/WA/List?page=11,de592ce942003066bb8b83b788b91dbe2f25aa5511cd789c9774b04d9acf04e6,2026-08-26T03:24:47.247245+00:00,1,1
2392,인천항보안공사 대표,인천항보안공사,http://www.kwacc.or.kr/CertificationSite/WA/2392/Detail?page=11,https://port.co.kr,VALID,2026-02-09,2027-02-08,11,6,http://www.kwacc.or.kr/CertificationSite/WA/List?page=11,de592ce942003066bb8b83b788b91dbe2f25aa5511cd789c9774b04d9acf04e6,2026-08-26T03:24:47.247245+00:00,1,1
2394,서민금융진흥원 디지털센터,서민금융진흥원,http://www.kwacc.or.kr/CertificationSite/WA/2394/Detail?page=11,https://www.kinfa.or.kr/cyber,VALID,2026-02-06,2027-02-05,11,7,http://www.kwacc.or.kr/CertificationSite/WA/List?page=11,de592ce942003066bb8b83b788b91dbe2f25aa5511cd789c9774b04d9acf04e6,2026-08-26T03:24:47.247245+00:00,1,1
2393,서민금융진흥원,서민금융진흥원,http://www.kwacc.or.kr/CertificationSite/WA/2393/Detail?page=11,https://www.kinfa.or.kr,VALID,2026-02-06,2027-02-05,11,8,http://www.kwacc.or.kr/CertificationSite/WA/List?page=11,de592ce942003066bb8b83b788b91dbe2f25aa5511cd789c9774b04d9acf04e6,2026-08-26T03:24:47.247245+00:00,1,1
2416,성북구도시관리공단,성북구도시관리공단,http://www.kwacc.or.kr/CertificationSite/WA/2416/Detail?page=11,https://www.gongdan.go.kr,VALID,2026-02-03,2027-02-02,11,9,http://www.kwacc.or.kr/CertificationSite/WA/List?page=11,de592ce942003066bb8b83b788b91dbe2f25aa5511cd789c9774b04d9acf04e6,2026-08-26T03:24:47.247245+00:00,1,1
2391,국립민속박물관,국립민속박물관,http://www.kwacc.or.kr/CertificationSite/WA/2391/Detail?page=11,https://www.nfm.go.kr,VALID,2026-02-03,2027-02-02,11,10,http://www.kwacc.or.kr/CertificationSite/WA/List?page=11,de592ce942003066bb8b83b788b91dbe2f25aa5511cd789c9774b04d9acf04e6,2026-08-26T03:24:47.247245+00:00,1,1
2404,국기원,국기원,http://www.kwacc.or.kr/CertificationSite/WA/2404/Detail?page=12,https://www.kukkiwon.or.kr,VALID,2026-01-30,2027-01-29,12,1,http://www.kwacc.or.kr/CertificationSite/WA/List?page=12,de1c4b53c1c8df9ca3f53676a7660bea147de3f4c462651d78fff48abf8a4d29,2026-08-26T03:24:48.954192+00:00,1,1
2385,서울기록원,서울기록원,http://www.kwacc.or.kr/CertificationSite/WA/2385/Detail?page=12,https://archives.seoul.go.kr,VALID,2026-01-30,2027-01-29,12,2,http://www.kwacc.or.kr/CertificationSite/WA/List?page=12,de1c4b53c1c8df9ca3f53676a7660bea147de3f4c462651d78fff48abf8a4d29,2026-08-26T03:24:48.954192+00:00,1,1
2504,문화영향평가,한국문화관광연구원,http://www.kwacc.or.kr/CertificationSite/WA/2504/Detail?page=12,https://cupact.mcst.go.kr,VALID,2026-01-27,2027-01-26,12,3,http://www.kwacc.or.kr/CertificationSite/WA/List?page=12,de1c4b53c1c8df9ca3f53676a7660bea147de3f4c462651d78fff48abf8a4d29,2026-08-26T03:24:48.954192+00:00,1,1
2383,안양시 통합주차포털,안양도시공사,http://www.kwacc.or.kr/CertificationSite/WA/2383/Detail?page=12,https://parking.auc.or.kr,VALID,2026-01-26,2027-01-25,12,4,http://www.kwacc.or.kr/CertificationSite/WA/List?page=12,de1c4b53c1c8df9ca3f53676a7660bea147de3f4c462651d78fff48abf8a4d29,2026-08-26T03:24:48.954192+00:00,1,1
2381,아리수사이버고객센터,서울아리수본부,http://www.kwacc.or.kr/CertificationSite/WA/2381/Detail?page=12,https://i121.seoul.go.kr/cs/cyber/front/main/NR_index.do,VALID,2026-01-24,2027-01-23,12,5,http://www.kwacc.or.kr/CertificationSite/WA/List?page=12,de1c4b53c1c8df9ca3f53676a7660bea147de3f4c462651d78fff48abf8a4d29,2026-08-26T03:24:48.954192+00:00,1,1
2382,재생에너지 기상정보 플랫폼,기상청,http://www.kwacc.or.kr/CertificationSite/WA/2382/Detail?page=12,https://energy.kma.go.kr,VALID,2026-01-23,2027-01-22,12,6,http://www.kwacc.or.kr/CertificationSite/WA/List?page=12,de1c4b53c1c8df9ca3f53676a7660bea147de3f4c462651d78fff48abf8a4d29,2026-08-26T03:24:48.954192+00:00,1,1
2376,하티오더(모바일웹),하티랩스,http://www.kwacc.or.kr/CertificationSite/WA/2376/Detail?page=12,https://heartyorder.com,VALID,2026-01-19,2027-01-18,12,7,http://www.kwacc.or.kr/CertificationSite/WA/List?page=12,de1c4b53c1c8df9ca3f53676a7660bea147de3f4c462651d78fff48abf8a4d29,2026-08-26T03:24:48.954192+00:00,1,1
2375,용인문화재단 상상의숲,용인문화재단,http://www.kwacc.or.kr/CertificationSite/WA/2375/Detail?page=12,https://www.yicf.or.kr/lib,VALID,2026-01-19,2027-01-18,12,8,http://www.kwacc.or.kr/CertificationSite/WA/List?page=12,de1c4b53c1c8df9ca3f53676a7660bea147de3f4c462651d78fff48abf8a4d29,2026-08-26T03:24:48.954192+00:00,1,1
2384,한국문화관광연구원,한국문화관광연구원,http://www.kwacc.or.kr/CertificationSite/WA/2384/Detail?page=12,https://www.kcti.re.kr,VALID,2026-01-15,2027-01-14,12,9,http://www.kwacc.or.kr/CertificationSite/WA/List?page=12,de1c4b53c1c8df9ca3f53676a7660bea147de3f4c462651d78fff48abf8a4d29,2026-08-26T03:24:48.954192+00:00,1,1
2371,저작권e배움터,한국저작권위원회,http://www.kwacc.or.kr/CertificationSite/WA/2371/Detail?page=12,https://edu-copyright.or.kr,VALID,2026-01-14,2027-01-13,12,10,http://www.kwacc.or.kr/CertificationSite/WA/List?page=12,de1c4b53c1c8df9ca3f53676a7660bea147de3f4c462651d78fff48abf8a4d29,2026-08-26T03:24:48.954192+00:00,1,1
2370,사회서비스 전자바우처,한국사회보장정보원,http://www.kwacc.or.kr/CertificationSite/WA/2370/Detail?page=13,https://www.socialservice.or.kr:444,VALID,2026-01-14,2027-01-13,13,1,http://www.kwacc.or.kr/CertificationSite/WA/List?page=13,e21e1d367ce2b640f542e56d04825a8843c40e40406922b60a7b1d60290b1cbe,2026-08-26T03:24:49.735438+00:00,1,1
2369,서울시립교향악단,서울시립교향악단,http://www.kwacc.or.kr/CertificationSite/WA/2369/Detail?page=13,https://www.seoulphil.or.kr,VALID,2026-01-14,2027-01-13,13,2,http://www.kwacc.or.kr/CertificationSite/WA/List?page=13,e21e1d367ce2b640f542e56d04825a8843c40e40406922b60a7b1d60290b1cbe,2026-08-26T03:24:49.735438+00:00,1,1
2372,국립농업과학원 대표,국립농업과학원,http://www.kwacc.or.kr/CertificationSite/WA/2372/Detail?page=13,https://www.naas.go.kr,VALID,2026-01-13,2027-01-12,13,3,http://www.kwacc.or.kr/CertificationSite/WA/List?page=13,e21e1d367ce2b640f542e56d04825a8843c40e40406922b60a7b1d60290b1cbe,2026-08-26T03:24:49.735438+00:00,1,1
2389,한양사이버대학원,한양사이버대학교,http://www.kwacc.or.kr/CertificationSite/WA/2389/Detail?page=13,https://gs.hycu.ac.kr,VALID,2026-01-09,2027-01-08,13,4,http://www.kwacc.or.kr/CertificationSite/WA/List?page=13,e21e1d367ce2b640f542e56d04825a8843c40e40406922b60a7b1d60290b1cbe,2026-08-26T03:24:49.735438+00:00,1,1
2388,한양사이버대학원,한양사이버대학교,http://www.kwacc.or.kr/CertificationSite/WA/2388/Detail?page=13,https://gs.hycu.ac.kr,VALID,2026-01-09,2027-01-08,13,5,http://www.kwacc.or.kr/CertificationSite/WA/List?page=13,e21e1d367ce2b640f542e56d04825a8843c40e40406922b60a7b1d60290b1cbe,2026-08-26T03:24:49.735438+00:00,1,1
2387,한양사이버대학교,한양사이버대학교,http://www.kwacc.or.kr/CertificationSite/WA/2387/Detail?page=13,https://www.hycu.ac.kr,VALID,2026-01-09,2027-01-08,13,6,http://www.kwacc.or.kr/CertificationSite/WA/List?page=13,e21e1d367ce2b640f542e56d04825a8843c40e40406922b60a7b1d60290b1cbe,2026-08-26T03:24:49.735438+00:00,1,1
2367,농업인안전365,국립농업과학원,http://www.kwacc.or.kr/CertificationSite/WA/2367/Detail?page=13,https://farmer.rda.go.kr,VALID,2026-01-09,2027-01-08,13,7,http://www.kwacc.or.kr/CertificationSite/WA/List?page=13,e21e1d367ce2b640f542e56d04825a8843c40e40406922b60a7b1d60290b1cbe,2026-08-26T03:24:49.735438+00:00,1,1
2374,국제사이버대학교,국제사이버대학교,http://www.kwacc.or.kr/CertificationSite/WA/2374/Detail?page=13,https://www.gjcu.ac.kr,VALID,2025-12-31,2026-12-30,13,8,http://www.kwacc.or.kr/CertificationSite/WA/List?page=13,e21e1d367ce2b640f542e56d04825a8843c40e40406922b60a7b1d60290b1cbe,2026-08-26T03:24:49.735438+00:00,1,1
2361,국립재활원 중앙장애인보건의료센터,국립재활원,http://www.kwacc.or.kr/CertificationSite/WA/2361/Detail?page=13,http://www.nrc.go.kr/chmcpd/main.do,VALID,2025-12-31,2026-12-30,13,9,http://www.kwacc.or.kr/CertificationSite/WA/List?page=13,e21e1d367ce2b640f542e56d04825a8843c40e40406922b60a7b1d60290b1cbe,2026-08-26T03:24:49.735438+00:00,1,1
2360,국립재활원 교육지원,국립재활원,http://www.kwacc.or.kr/CertificationSite/WA/2360/Detail?page=13,http://www.nrc.go.kr/education/main.do,VALID,2025-12-31,2026-12-30,13,10,http://www.kwacc.or.kr/CertificationSite/WA/List?page=13,e21e1d367ce2b640f542e56d04825a8843c40e40406922b60a7b1d60290b1cbe,2026-08-26T03:24:49.735438+00:00,1,1
2359,국립재활원 장애인 건강 및 재활 정보포털,국립재활원,http://www.kwacc.or.kr/CertificationSite/WA/2359/Detail?page=14,http://www.nrc.go.kr/portal/main.do,VALID,2025-12-31,2026-12-30,14,1,http://www.kwacc.or.kr/CertificationSite/WA/List?page=14,2b503d0ec0cda9d5888124b9516d09dddbff346e581c33b75b48ecf5f8298bee,2026-08-26T03:24:50.522957+00:00,1,1
2358,인천온마을,인천광역시,http://www.kwacc.or.kr/CertificationSite/WA/2358/Detail?page=14,https://onmaeul.incheon.go.kr,VALID,2025-12-31,2026-12-30,14,2,http://www.kwacc.or.kr/CertificationSite/WA/List?page=14,2b503d0ec0cda9d5888124b9516d09dddbff346e581c33b75b48ecf5f8298bee,2026-08-26T03:24:50.522957+00:00,1,1
2355,국립재활원 재활연구소,국립재활원,http://www.kwacc.or.kr/CertificationSite/WA/2355/Detail?page=14,http://www.nrc.go.kr/research/main.do,VALID,2025-12-31,2026-12-30,14,3,http://www.kwacc.or.kr/CertificationSite/WA/List?page=14,2b503d0ec0cda9d5888124b9516d09dddbff346e581c33b75b48ecf5f8298bee,2026-08-26T03:24:50.522957+00:00,1,1
2354,국립재활원 재활병원,국립재활원,http://www.kwacc.or.kr/CertificationSite/WA/2354/Detail?page=14,http://www.nrc.go.kr/hospital/main.do,VALID,2025-12-31,2026-12-30,14,4,http://www.kwacc.or.kr/CertificationSite/WA/List?page=14,2b503d0ec0cda9d5888124b9516d09dddbff346e581c33b75b48ecf5f8298bee,2026-08-26T03:24:50.522957+00:00,1,1
2353,국립재활원,국립재활원,http://www.kwacc.or.kr/CertificationSite/WA/2353/Detail?page=14,http://www.nrc.go.kr,VALID,2025-12-31,2026-12-30,14,5,http://www.kwacc.or.kr/CertificationSite/WA/List?page=14,2b503d0ec0cda9d5888124b9516d09dddbff346e581c33b75b48ecf5f8298bee,2026-08-26T03:24:50.522957+00:00,1,1
2352,국립재활원,국립재활원,http://www.kwacc.or.kr/CertificationSite/WA/2352/Detail?page=14,http://www.nrc.go.kr,VALID,2025-12-31,2026-12-30,14,6,http://www.kwacc.or.kr/CertificationSite/WA/List?page=14,2b503d0ec0cda9d5888124b9516d09dddbff346e581c33b75b48ecf5f8298bee,2026-08-26T03:24:50.522957+00:00,1,1
2368,보건복지부 면허민원안내,보건복지부,http://www.kwacc.or.kr/CertificationSite/WA/2368/Detail?page=14,https://lic.mohw.go.kr,VALID,2025-12-30,2026-12-29,14,7,http://www.kwacc.or.kr/CertificationSite/WA/List?page=14,2b503d0ec0cda9d5888124b9516d09dddbff346e581c33b75b48ecf5f8298bee,2026-08-26T03:24:50.522957+00:00,1,1
2365,첨단바이오의약품 장기추적조사시스템,한국의약품안전관리원,http://www.kwacc.or.kr/CertificationSite/WA/2365/Detail?page=14,https://ltfu.mfds.go.kr,VALID,2025-12-30,2026-12-29,14,8,http://www.kwacc.or.kr/CertificationSite/WA/List?page=14,2b503d0ec0cda9d5888124b9516d09dddbff346e581c33b75b48ecf5f8298bee,2026-08-26T03:24:50.522957+00:00,1,1
2337,JB지산학협력단,(재)전북테크노파크,http://www.kwacc.or.kr/CertificationSite/WA/2337/Detail?page=14,https://www.jbiu.or.kr,VALID,2025-12-30,2026-12-29,14,9,http://www.kwacc.or.kr/CertificationSite/WA/List?page=14,2b503d0ec0cda9d5888124b9516d09dddbff346e581c33b75b48ecf5f8298bee,2026-08-26T03:24:50.522957+00:00,1,1
2373,현대건설 기술교육원,현대건설,http://www.kwacc.or.kr/CertificationSite/WA/2373/Detail?page=14,https://edu.hdec.co.kr,VALID,2025-12-28,2026-12-27,14,10,http://www.kwacc.or.kr/CertificationSite/WA/List?page=14,2b503d0ec0cda9d5888124b9516d09dddbff346e581c33b75b48ecf5f8298bee,2026-08-26T03:24:50.522957+00:00,1,1
2364,현대하이라이프손해사정,현대하이라이프손해사정,http://www.kwacc.or.kr/CertificationSite/WA/2364/Detail?page=15,http://www.hi-life.co.kr,VALID,2025-12-26,2026-12-25,15,1,http://www.kwacc.or.kr/CertificationSite/WA/List?page=15,d4bba6317601a0015ebd4775f4b97433781cff964efe4105af9743a5056a6f5c,2026-08-26T03:24:51.301549+00:00,1,1
2386,정보시스템감리사,한국지능정보사회진흥원,http://www.kwacc.or.kr/CertificationSite/WA/2386/Detail?page=15,https://auditor.nia.or.kr,VALID,2025-12-24,2026-12-23,15,2,http://www.kwacc.or.kr/CertificationSite/WA/List?page=15,d4bba6317601a0015ebd4775f4b97433781cff964efe4105af9743a5056a6f5c,2026-08-26T03:24:51.301549+00:00,1,1
2395,GS칼텍스,지에스칼텍스(주),http://www.kwacc.or.kr/CertificationSite/WA/2395/Detail?page=15,https://www.gscaltex.com,VALID,2025-12-22,2026-12-21,15,3,http://www.kwacc.or.kr/CertificationSite/WA/List?page=15,d4bba6317601a0015ebd4775f4b97433781cff964efe4105af9743a5056a6f5c,2026-08-26T03:24:51.301549+00:00,1,1
2344,한국노인인력개발원,한국노인인력개발원,http://www.kwacc.or.kr/CertificationSite/WA/2344/Detail?page=15,https://www.kordi.or.kr,VALID,2025-12-22,2026-12-21,15,4,http://www.kwacc.or.kr/CertificationSite/WA/List?page=15,d4bba6317601a0015ebd4775f4b97433781cff964efe4105af9743a5056a6f5c,2026-08-26T03:24:51.301549+00:00,1,1
2342,국립정신건강센터 정신건강연구소,국립정신건강센터,http://www.kwacc.or.kr/CertificationSite/WA/2342/Detail?page=15,http://ncmh.go.kr/research/main.do,VALID,2025-12-22,2026-12-21,15,5,http://www.kwacc.or.kr/CertificationSite/WA/List?page=15,d4bba6317601a0015ebd4775f4b97433781cff964efe4105af9743a5056a6f5c,2026-08-26T03:24:51.301549+00:00,1,1
2341,국립정신건강센터 대표,국립정신건강센터,http://www.kwacc.or.kr/CertificationSite/WA/2341/Detail?page=15,http://ncmh.go.kr,VALID,2025-12-22,2026-12-21,15,6,http://www.kwacc.or.kr/CertificationSite/WA/List?page=15,d4bba6317601a0015ebd4775f4b97433781cff964efe4105af9743a5056a6f5c,2026-08-26T03:24:51.301549+00:00,1,1
2339,국립소록도병원 한센병박물관,국립소록도병원,http://www.kwacc.or.kr/CertificationSite/WA/2339/Detail?page=15,http://sorokdo.go.kr/museum/main.do,VALID,2025-12-22,2026-12-21,15,7,http://www.kwacc.or.kr/CertificationSite/WA/List?page=15,d4bba6317601a0015ebd4775f4b97433781cff964efe4105af9743a5056a6f5c,2026-08-26T03:24:51.301549+00:00,1,1
2338,국립소록도병원 대표,국립소록도병원,http://www.kwacc.or.kr/CertificationSite/WA/2338/Detail?page=15,http://sorokdo.go.kr,VALID,2025-12-22,2026-12-21,15,8,http://www.kwacc.or.kr/CertificationSite/WA/List?page=15,d4bba6317601a0015ebd4775f4b97433781cff964efe4105af9743a5056a6f5c,2026-08-26T03:24:51.301549+00:00,1,1
2336,국립정신건강센터 정신건강사업부,국립정신건강센터,http://www.kwacc.or.kr/CertificationSite/WA/2336/Detail?page=15,http://ncmh.go.kr/mentalhealth/main.do,VALID,2025-12-22,2026-12-21,15,9,http://www.kwacc.or.kr/CertificationSite/WA/List?page=15,d4bba6317601a0015ebd4775f4b97433781cff964efe4105af9743a5056a6f5c,2026-08-26T03:24:51.301549+00:00,1,1
2328,국립정신건강센터 의료부,국립정신건강센터,http://www.kwacc.or.kr/CertificationSite/WA/2328/Detail?page=15,http://ncmh.go.kr/medical/main.do,VALID,2025-12-22,2026-12-21,15,10,http://www.kwacc.or.kr/CertificationSite/WA/List?page=15,d4bba6317601a0015ebd4775f4b97433781cff964efe4105af9743a5056a6f5c,2026-08-26T03:24:51.301549+00:00,1,1
2324,고위공직자범죄수사처,공수처,http://www.kwacc.or.kr/CertificationSite/WA/2324/Detail?page=16,https://cio.go.kr,VALID,2025-12-22,2026-12-21,16,1,http://www.kwacc.or.kr/CertificationSite/WA/List?page=16,1272bc78603387437c340b6f231681ff92fdc49e18c699cf14ab220ccca58cee,2026-08-26T03:24:52.091934+00:00,1,1
2380,서울시 공동주택통합정보마당,서울특별시,http://www.kwacc.or.kr/CertificationSite/WA/2380/Detail?page=16,https://openapt.seoul.go.kr,VALID,2025-12-21,2026-12-20,16,2,http://www.kwacc.or.kr/CertificationSite/WA/List?page=16,1272bc78603387437c340b6f231681ff92fdc49e18c699cf14ab220ccca58cee,2026-08-26T03:24:52.091934+00:00,1,1
2335,서울시전자상거래센터,사단법인 한국소비자연맹,http://www.kwacc.or.kr/CertificationSite/WA/2335/Detail?page=16,https://ecc.seoul.go.kr,VALID,2025-12-21,2026-12-20,16,3,http://www.kwacc.or.kr/CertificationSite/WA/List?page=16,1272bc78603387437c340b6f231681ff92fdc49e18c699cf14ab220ccca58cee,2026-08-26T03:24:52.091934+00:00,1,1
2327,서울시 S-APT 문서공개시스템,서울특별시,http://www.kwacc.or.kr/CertificationSite/WA/2327/Detail?page=16,https://s-apt.seoul.go.kr,VALID,2025-12-21,2026-12-20,16,4,http://www.kwacc.or.kr/CertificationSite/WA/List?page=16,1272bc78603387437c340b6f231681ff92fdc49e18c699cf14ab220ccca58cee,2026-08-26T03:24:52.091934+00:00,1,1
2366,국가기후위기대응위원회,국가기후위기대응위원회,http://www.kwacc.or.kr/CertificationSite/WA/2366/Detail?page=16,https://www.pcccr.go.kr,VALID,2025-12-20,2026-12-19,16,5,http://www.kwacc.or.kr/CertificationSite/WA/List?page=16,1272bc78603387437c340b6f231681ff92fdc49e18c699cf14ab220ccca58cee,2026-08-26T03:24:52.091934+00:00,1,1
2346,나주시청,나주시청,http://www.kwacc.or.kr/CertificationSite/WA/2346/Detail?page=16,https://www.naju.go.kr,VALID,2025-12-20,2026-12-19,16,6,http://www.kwacc.or.kr/CertificationSite/WA/List?page=16,1272bc78603387437c340b6f231681ff92fdc49e18c699cf14ab220ccca58cee,2026-08-26T03:24:52.091934+00:00,1,1
2345,가평군시설관리공단,가평군시설관리공단,http://www.kwacc.or.kr/CertificationSite/WA/2345/Detail?page=16,https://www.gpfmc.or.kr,VALID,2025-12-20,2026-12-19,16,7,http://www.kwacc.or.kr/CertificationSite/WA/List?page=16,1272bc78603387437c340b6f231681ff92fdc49e18c699cf14ab220ccca58cee,2026-08-26T03:24:52.091934+00:00,1,1
2329,국립공주병원,국립공주병원,http://www.kwacc.or.kr/CertificationSite/WA/2329/Detail?page=16,http://www.knmh.go.kr,VALID,2025-12-20,2026-12-19,16,8,http://www.kwacc.or.kr/CertificationSite/WA/List?page=16,1272bc78603387437c340b6f231681ff92fdc49e18c699cf14ab220ccca58cee,2026-08-26T03:24:52.091934+00:00,1,1
2316,국립목포병원,국립목포병원 누리집,http://www.kwacc.or.kr/CertificationSite/WA/2316/Detail?page=16,https://www.tbmokpo.go.kr,VALID,2025-12-20,2026-12-19,16,9,http://www.kwacc.or.kr/CertificationSite/WA/List?page=16,1272bc78603387437c340b6f231681ff92fdc49e18c699cf14ab220ccca58cee,2026-08-26T03:24:52.091934+00:00,1,1
2315,국립마산병원,질병관리청,http://www.kwacc.or.kr/CertificationSite/WA/2315/Detail?page=16,https://www.mnth.go.kr,VALID,2025-12-20,2026-12-19,16,10,http://www.kwacc.or.kr/CertificationSite/WA/List?page=16,1272bc78603387437c340b6f231681ff92fdc49e18c699cf14ab220ccca58cee,2026-08-26T03:24:52.091934+00:00,1,1
2314,국립나주병원,국립나주병원,http://www.kwacc.or.kr/CertificationSite/WA/2314/Detail?page=17,http://www.najumh.go.kr,VALID,2025-12-20,2026-12-19,17,1,http://www.kwacc.or.kr/CertificationSite/WA/List?page=17,d64a676f8c3b1b267e0acfaa5b4cacab468e69ef6fa2563b9e0f790d3f01ad44,2026-08-26T03:24:52.875432+00:00,1,1
2340,국립해양측위정보원 해양기상정보,국립해양측위정보원,http://www.kwacc.or.kr/CertificationSite/WA/2340/Detail?page=17,https://marineweather.nmpnt.go.kr,VALID,2025-12-18,2026-12-17,17,2,http://www.kwacc.or.kr/CertificationSite/WA/List?page=17,d64a676f8c3b1b267e0acfaa5b4cacab468e69ef6fa2563b9e0f790d3f01ad44,2026-08-26T03:24:52.875432+00:00,1,1
2334,헬스맵,국립중앙의료원,http://www.kwacc.or.kr/CertificationSite/WA/2334/Detail?page=17,https://www.healthmap.or.kr,VALID,2025-12-18,2026-12-17,17,3,http://www.kwacc.or.kr/CertificationSite/WA/List?page=17,d64a676f8c3b1b267e0acfaa5b4cacab468e69ef6fa2563b9e0f790d3f01ad44,2026-08-26T03:24:52.875432+00:00,1,1
2322,KsureOn,한국무역보험공사,http://www.kwacc.or.kr/CertificationSite/WA/2322/Detail?page=17,https://on.ksure.or.kr,VALID,2025-12-18,2026-12-17,17,4,http://www.kwacc.or.kr/CertificationSite/WA/List?page=17,d64a676f8c3b1b267e0acfaa5b4cacab468e69ef6fa2563b9e0f790d3f01ad44,2026-08-26T03:24:52.875432+00:00,1,1
2333,맥도날드(모바일웹),한국맥도날드(유),http://www.kwacc.or.kr/CertificationSite/WA/2333/Detail?page=17,https://www.mcdonalds.co.kr,VALID,2025-12-17,2026-12-16,17,5,http://www.kwacc.or.kr/CertificationSite/WA/List?page=17,d64a676f8c3b1b267e0acfaa5b4cacab468e69ef6fa2563b9e0f790d3f01ad44,2026-08-26T03:24:52.875432+00:00,1,1
2332,맥도날드,한국맥도날드(유),http://www.kwacc.or.kr/CertificationSite/WA/2332/Detail?page=17,https://www.mcdonalds.co.kr,VALID,2025-12-17,2026-12-16,17,6,http://www.kwacc.or.kr/CertificationSite/WA/List?page=17,d64a676f8c3b1b267e0acfaa5b4cacab468e69ef6fa2563b9e0f790d3f01ad44,2026-08-26T03:24:52.875432+00:00,1,1
2331,경기도시장상권진흥원 대표,경기도시장상권진흥원,http://www.kwacc.or.kr/CertificationSite/WA/2331/Detail?page=17,https://gmr.or.kr/base/main/view,VALID,2025-12-17,2026-12-16,17,7,http://www.kwacc.or.kr/CertificationSite/WA/List?page=17,d64a676f8c3b1b267e0acfaa5b4cacab468e69ef6fa2563b9e0f790d3f01ad44,2026-08-26T03:24:52.875432+00:00,1,1
2343,한국철도공사 기업홍보,한국철도공사,http://www.kwacc.or.kr/CertificationSite/WA/2343/Detail?page=17,https://info.korail.com,VALID,2025-12-15,2026-12-14,17,8,http://www.kwacc.or.kr/CertificationSite/WA/List?page=17,d64a676f8c3b1b267e0acfaa5b4cacab468e69ef6fa2563b9e0f790d3f01ad44,2026-08-26T03:24:52.875432+00:00,1,1
2348,실시간식품정보확인서비스(개발자포털),식품의약품안전처,http://www.kwacc.or.kr/CertificationSite/WA/2348/Detail?page=17,https://portal.foodqr.kr/dvlpr/mainView.do,VALID,2025-12-13,2026-12-12,17,9,http://www.kwacc.or.kr/CertificationSite/WA/List?page=17,d64a676f8c3b1b267e0acfaa5b4cacab468e69ef6fa2563b9e0f790d3f01ad44,2026-08-26T03:24:52.875432+00:00,1,1
2347,실시간식품정보확인서비스(대국민용),식품의약품안전처,http://www.kwacc.or.kr/CertificationSite/WA/2347/Detail?page=17,https://portal.foodqr.kr,VALID,2025-12-13,2026-12-12,17,10,http://www.kwacc.or.kr/CertificationSite/WA/List?page=17,d64a676f8c3b1b267e0acfaa5b4cacab468e69ef6fa2563b9e0f790d3f01ad44,2026-08-26T03:24:52.875432+00:00,1,1
2323,한국생명존중희망재단,한국생명존중희망재단,http://www.kwacc.or.kr/CertificationSite/WA/2323/Detail?page=18,https://www.kfsp.or.kr,VALID,2025-12-13,2026-12-12,18,1,http://www.kwacc.or.kr/CertificationSite/WA/List?page=18,13f9024281b47b8c5ed8ca896a0f8d6b91f0d41798087623dd1a14d67bb0954b,2026-08-26T03:24:53.662470+00:00,1,1
2312,보건복지부 대표,보건복지부,http://www.kwacc.or.kr/CertificationSite/WA/2312/Detail?page=18,https://www.mohw.go.kr,VALID,2025-12-13,2026-12-12,18,2,http://www.kwacc.or.kr/CertificationSite/WA/List?page=18,13f9024281b47b8c5ed8ca896a0f8d6b91f0d41798087623dd1a14d67bb0954b,2026-08-26T03:24:53.662470+00:00,1,1
2326,고향사랑e음,한국지역정보개발원,http://www.kwacc.or.kr/CertificationSite/WA/2326/Detail?page=18,https://ilovegohyang.go.kr,VALID,2025-12-12,2026-12-11,18,3,http://www.kwacc.or.kr/CertificationSite/WA/List?page=18,13f9024281b47b8c5ed8ca896a0f8d6b91f0d41798087623dd1a14d67bb0954b,2026-08-26T03:24:53.662470+00:00,1,1
2325,지역문화진흥원,재단법인 지역문화진흥원,http://www.kwacc.or.kr/CertificationSite/WA/2325/Detail?page=18,https://rcda.or.kr,VALID,2025-12-12,2026-12-11,18,4,http://www.kwacc.or.kr/CertificationSite/WA/List?page=18,13f9024281b47b8c5ed8ca896a0f8d6b91f0d41798087623dd1a14d67bb0954b,2026-08-26T03:24:53.662470+00:00,1,1
2308,주택관리공단,주택관리공단 주식회사,http://www.kwacc.or.kr/CertificationSite/WA/2308/Detail?page=18,https://www.kohom.or.kr,VALID,2025-12-12,2026-12-11,18,5,http://www.kwacc.or.kr/CertificationSite/WA/List?page=18,13f9024281b47b8c5ed8ca896a0f8d6b91f0d41798087623dd1a14d67bb0954b,2026-08-26T03:24:53.662470+00:00,1,1
2319,여수시청,여수시청,http://www.kwacc.or.kr/CertificationSite/WA/2319/Detail?page=18,https://www.yeosu.go.kr,VALID,2025-12-11,2026-12-10,18,6,http://www.kwacc.or.kr/CertificationSite/WA/List?page=18,13f9024281b47b8c5ed8ca896a0f8d6b91f0d41798087623dd1a14d67bb0954b,2026-08-26T03:24:53.662470+00:00,1,1
2317,서울시 전동 킥보드 주정차 위반 신고 시스템,서울특별시,http://www.kwacc.or.kr/CertificationSite/WA/2317/Detail?page=18,https://seoul-pm.eseoul.go.kr,VALID,2025-12-10,2026-12-09,18,7,http://www.kwacc.or.kr/CertificationSite/WA/List?page=18,13f9024281b47b8c5ed8ca896a0f8d6b91f0d41798087623dd1a14d67bb0954b,2026-08-26T03:24:53.662470+00:00,1,1
2351,현대건설 아산연수원,현대건설,http://www.kwacc.or.kr/CertificationSite/WA/2351/Detail?page=18,https://asan.hdec.co.kr,VALID,2025-12-09,2026-12-08,18,8,http://www.kwacc.or.kr/CertificationSite/WA/List?page=18,13f9024281b47b8c5ed8ca896a0f8d6b91f0d41798087623dd1a14d67bb0954b,2026-08-26T03:24:53.662470+00:00,1,1
2321,현대건설 사회공헌,현대건설,http://www.kwacc.or.kr/CertificationSite/WA/2321/Detail?page=18,https://csr.hdec.kr,VALID,2025-12-08,2026-12-07,18,9,http://www.kwacc.or.kr/CertificationSite/WA/List?page=18,13f9024281b47b8c5ed8ca896a0f8d6b91f0d41798087623dd1a14d67bb0954b,2026-08-26T03:24:53.662470+00:00,1,1
2320,현대건설 ESG,현대건설,http://www.kwacc.or.kr/CertificationSite/WA/2320/Detail?page=18,https://esg.hdec.kr,VALID,2025-12-08,2026-12-07,18,10,http://www.kwacc.or.kr/CertificationSite/WA/List?page=18,13f9024281b47b8c5ed8ca896a0f8d6b91f0d41798087623dd1a14d67bb0954b,2026-08-26T03:24:53.662470+00:00,1,1
2299,서울시 보육포털서비스,서울특별시,http://www.kwacc.or.kr/CertificationSite/WA/2299/Detail?page=19,https://iseoul.seoul.go.kr,VALID,2025-12-07,2026-12-06,19,1,http://www.kwacc.or.kr/CertificationSite/WA/List?page=19,7303245e3210eee3ec62a2d791a769339201ef04bab154a6a93232e35d9992cc,2026-08-26T03:24:54.450632+00:00,1,1
2313,국립춘천병원,국립춘천병원,http://www.kwacc.or.kr/CertificationSite/WA/2313/Detail?page=19,http://www.cnmh.go.kr,VALID,2025-12-03,2026-12-02,19,2,http://www.kwacc.or.kr/CertificationSite/WA/List?page=19,7303245e3210eee3ec62a2d791a769339201ef04bab154a6a93232e35d9992cc,2026-08-26T03:24:54.450632+00:00,1,1
2310,서울아리수본부(영문),서울아리수본부,http://www.kwacc.or.kr/CertificationSite/WA/2310/Detail?page=19,https://arisu.seoul.go.kr/eng,VALID,2025-12-03,2026-12-02,19,3,http://www.kwacc.or.kr/CertificationSite/WA/List?page=19,7303245e3210eee3ec62a2d791a769339201ef04bab154a6a93232e35d9992cc,2026-08-26T03:24:54.450632+00:00,1,1
2309,서울아리수본부(국문),서울아리수본부,http://www.kwacc.or.kr/CertificationSite/WA/2309/Detail?page=19,https://arisu.seoul.go.kr,VALID,2025-12-03,2026-12-02,19,4,http://www.kwacc.or.kr/CertificationSite/WA/List?page=19,7303245e3210eee3ec62a2d791a769339201ef04bab154a6a93232e35d9992cc,2026-08-26T03:24:54.450632+00:00,1,1
2298,장애인e배움터,한국저작권위원회,http://www.kwacc.or.kr/CertificationSite/WA/2298/Detail?page=19,https://edu-copyright.or.kr/dsprUser/main/main.do,VALID,2025-12-01,2026-11-30,19,5,http://www.kwacc.or.kr/CertificationSite/WA/List?page=19,7303245e3210eee3ec62a2d791a769339201ef04bab154a6a93232e35d9992cc,2026-08-26T03:24:54.450632+00:00,1,1
2330,전남소방본부,전남소방본부,http://www.kwacc.or.kr/CertificationSite/WA/2330/Detail?page=19,https://www.jnsobang.go.kr,VALID,2025-11-30,2026-11-29,19,6,http://www.kwacc.or.kr/CertificationSite/WA/List?page=19,7303245e3210eee3ec62a2d791a769339201ef04bab154a6a93232e35d9992cc,2026-08-26T03:24:54.450632+00:00,1,1
2311,의왕도시공사 대표,의왕도시공사,http://www.kwacc.or.kr/CertificationSite/WA/2311/Detail?page=19,https://uuc.or.kr,VALID,2025-11-27,2026-11-26,19,7,http://www.kwacc.or.kr/CertificationSite/WA/List?page=19,7303245e3210eee3ec62a2d791a769339201ef04bab154a6a93232e35d9992cc,2026-08-26T03:24:54.450632+00:00,1,1
2301,무안군청,무안군청,http://www.kwacc.or.kr/CertificationSite/WA/2301/Detail?page=19,https://www.muan.go.kr/www,VALID,2025-11-26,2026-11-25,19,8,http://www.kwacc.or.kr/CertificationSite/WA/List?page=19,7303245e3210eee3ec62a2d791a769339201ef04bab154a6a93232e35d9992cc,2026-08-26T03:24:54.450632+00:00,1,1
2300,저작권 배움터,한국저작권위원회,http://www.kwacc.or.kr/CertificationSite/WA/2300/Detail?page=19,https://www.edu-copyright.or.kr/offedu/web/main/ma,VALID,2025-11-26,2026-11-25,19,9,http://www.kwacc.or.kr/CertificationSite/WA/List?page=19,7303245e3210eee3ec62a2d791a769339201ef04bab154a6a93232e35d9992cc,2026-08-26T03:24:54.450632+00:00,1,1
2363,국가기록포털,국가기록원,http://www.kwacc.or.kr/CertificationSite/WA/2363/Detail?page=19,https://www.archives.go.kr,VALID,2025-11-18,2026-11-17,19,10,http://www.kwacc.or.kr/CertificationSite/WA/List?page=19,7303245e3210eee3ec62a2d791a769339201ef04bab154a6a93232e35d9992cc,2026-08-26T03:24:54.450632+00:00,1,1
2295,수원도시공사,수원도시공사,http://www.kwacc.or.kr/CertificationSite/WA/2295/Detail?page=20,https://www.suwonudc.co.kr,VALID,2025-11-15,2026-11-14,20,1,http://www.kwacc.or.kr/CertificationSite/WA/List?page=20,fab1d1332be93d4c0063f94b058448246837e1e3decd41d84af1220c99cc958f,2026-08-26T03:24:55.246992+00:00,1,1
2362,한전산업개발 국문,한전산업개발(주),http://www.kwacc.or.kr/CertificationSite/WA/2362/Detail?page=20,http://www.kepid.co.kr,VALID,2025-11-08,2026-11-07,20,2,http://www.kwacc.or.kr/CertificationSite/WA/List?page=20,fab1d1332be93d4c0063f94b058448246837e1e3decd41d84af1220c99cc958f,2026-08-26T03:24:55.246992+00:00,1,1
2356,용인문화재단 대표,용인문화재단,http://www.kwacc.or.kr/CertificationSite/WA/2356/Detail?page=20,https://yicf.or.kr,VALID,2025-11-03,2026-11-02,20,3,http://www.kwacc.or.kr/CertificationSite/WA/List?page=20,fab1d1332be93d4c0063f94b058448246837e1e3decd41d84af1220c99cc958f,2026-08-26T03:24:55.246992+00:00,1,1
2293,서울런,서울특별시,http://www.kwacc.or.kr/CertificationSite/WA/2293/Detail?page=20,https://slearn.seoul.go.kr,VALID,2025-11-03,2026-11-02,20,4,http://www.kwacc.or.kr/CertificationSite/WA/List?page=20,fab1d1332be93d4c0063f94b058448246837e1e3decd41d84af1220c99cc958f,2026-08-26T03:24:55.246992+00:00,1,1
2294,기초연금,보건복지부,http://www.kwacc.or.kr/CertificationSite/WA/2294/Detail?page=20,http://basicpension.mohw.go.kr,VALID,2025-11-02,2026-11-01,20,5,http://www.kwacc.or.kr/CertificationSite/WA/List?page=20,fab1d1332be93d4c0063f94b058448246837e1e3decd41d84af1220c99cc958f,2026-08-26T03:24:55.246992+00:00,1,1
2302,이노비즈넷,중소기업기술혁신협회,http://www.kwacc.or.kr/CertificationSite/WA/2302/Detail?page=20,https://www.innobiz.net,VALID,2025-11-01,2026-10-31,20,6,http://www.kwacc.or.kr/CertificationSite/WA/List?page=20,fab1d1332be93d4c0063f94b058448246837e1e3decd41d84af1220c99cc958f,2026-08-26T03:24:55.246992+00:00,1,1
2296,지방공공기관 경영정보 공개시스템(클린아이),행정안전부,http://www.kwacc.or.kr/CertificationSite/WA/2296/Detail?page=20,https://www.cleaneye.go.kr,VALID,2025-11-01,2026-10-31,20,7,http://www.kwacc.or.kr/CertificationSite/WA/List?page=20,fab1d1332be93d4c0063f94b058448246837e1e3decd41d84af1220c99cc958f,2026-08-26T03:24:55.246992+00:00,1,1
2292,건강정보고속도로 누리집,보건복지부,http://www.kwacc.or.kr/CertificationSite/WA/2292/Detail?page=20,https://www.myhealthway.go.kr/portal,VALID,2025-10-30,2026-10-29,20,8,http://www.kwacc.or.kr/CertificationSite/WA/List?page=20,fab1d1332be93d4c0063f94b058448246837e1e3decd41d84af1220c99cc958f,2026-08-26T03:24:55.246992+00:00,1,1
2318,에코뱅크,국립생태원,http://www.kwacc.or.kr/CertificationSite/WA/2318/Detail?page=20,https://www.nie-ecobank.kr,VALID,2025-10-26,2026-10-25,20,9,http://www.kwacc.or.kr/CertificationSite/WA/List?page=20,fab1d1332be93d4c0063f94b058448246837e1e3decd41d84af1220c99cc958f,2026-08-26T03:24:55.246992+00:00,1,1
2307,서울시(다국어),서울특별시,http://www.kwacc.or.kr/CertificationSite/WA/2307/Detail?page=20,https://world.seoul.go.kr,VALID,2025-10-26,2026-10-25,20,10,http://www.kwacc.or.kr/CertificationSite/WA/List?page=20,fab1d1332be93d4c0063f94b058448246837e1e3decd41d84af1220c99cc958f,2026-08-26T03:24:55.246992+00:00,1,1
2306,서울시(영문),서울특별시,http://www.kwacc.or.kr/CertificationSite/WA/2306/Detail?page=21,https://english.seoul.go.kr,VALID,2025-10-26,2026-10-25,21,1,http://www.kwacc.or.kr/CertificationSite/WA/List?page=21,9aeee73ed53e0abbed66f85c4cd0cc00ca97b515680375e178606db195e8510b,2026-08-26T03:24:56.074949+00:00,1,1
2305,서울시(중국어-번체),서울특별시,http://www.kwacc.or.kr/CertificationSite/WA/2305/Detail?page=21,https://tchinese.seoul.go.kr,VALID,2025-10-26,2026-10-25,21,2,http://www.kwacc.or.kr/CertificationSite/WA/List?page=21,9aeee73ed53e0abbed66f85c4cd0cc00ca97b515680375e178606db195e8510b,2026-08-26T03:24:56.074949+00:00,1,1
2304,서울시(중국어-간체),서울특별시,http://www.kwacc.or.kr/CertificationSite/WA/2304/Detail?page=21,https://chinese.seoul.go.kr,VALID,2025-10-26,2026-10-25,21,3,http://www.kwacc.or.kr/CertificationSite/WA/List?page=21,9aeee73ed53e0abbed66f85c4cd0cc00ca97b515680375e178606db195e8510b,2026-08-26T03:24:56.074949+00:00,1,1
2303,서울시(일어),서울특별시,http://www.kwacc.or.kr/CertificationSite/WA/2303/Detail?page=21,https://japanese.seoul.go.kr,VALID,2025-10-26,2026-10-25,21,4,http://www.kwacc.or.kr/CertificationSite/WA/List?page=21,9aeee73ed53e0abbed66f85c4cd0cc00ca97b515680375e178606db195e8510b,2026-08-26T03:24:56.074949+00:00,1,1
2277,성남시상권활성화재단,성남시상권활성화재단,http://www.kwacc.or.kr/CertificationSite/WA/2277/Detail?page=21,https://smr.or.kr/,VALID,2025-10-24,2026-10-23,21,5,http://www.kwacc.or.kr/CertificationSite/WA/List?page=21,9aeee73ed53e0abbed66f85c4cd0cc00ca97b515680375e178606db195e8510b,2026-08-26T03:24:56.074949+00:00,1,1
2290,문화체육관광부 i-나루,문화체육관광부,http://www.kwacc.or.kr/CertificationSite/WA/2290/Detail?page=21,https://inaru.mcst.go.kr,VALID,2025-10-23,2026-10-22,21,6,http://www.kwacc.or.kr/CertificationSite/WA/List?page=21,9aeee73ed53e0abbed66f85c4cd0cc00ca97b515680375e178606db195e8510b,2026-08-26T03:24:56.074949+00:00,1,1
2275,인사혁신처 대표,인사혁신처,http://www.kwacc.or.kr/CertificationSite/WA/2275/Detail?page=21,https://www.mpm.go.kr,VALID,2025-10-19,2026-10-18,21,7,http://www.kwacc.or.kr/CertificationSite/WA/List?page=21,9aeee73ed53e0abbed66f85c4cd0cc00ca97b515680375e178606db195e8510b,2026-08-26T03:24:56.074949+00:00,1,1
2291,오송생명과학단지지원센터,오송생명과학단지지원센터,http://www.kwacc.or.kr/CertificationSite/WA/2291/Detail?page=21,https://osong.mohw.go.kr,VALID,2025-10-18,2026-10-17,21,8,http://www.kwacc.or.kr/CertificationSite/WA/List?page=21,9aeee73ed53e0abbed66f85c4cd0cc00ca97b515680375e178606db195e8510b,2026-08-26T03:24:56.074949+00:00,1,1
2273,원격영상진로멘토링,한국청년기업가정신재단,http://www.kwacc.or.kr/CertificationSite/WA/2273/Detail?page=21,https://mentoring.career.go.kr/school/index.do,VALID,2025-10-13,2026-10-12,21,9,http://www.kwacc.or.kr/CertificationSite/WA/List?page=21,9aeee73ed53e0abbed66f85c4cd0cc00ca97b515680375e178606db195e8510b,2026-08-26T03:24:56.074949+00:00,1,1
2271,한국식품연구원,한국식품연구원,http://www.kwacc.or.kr/CertificationSite/WA/2271/Detail?page=21,https://www.kfri.re.kr,VALID,2025-10-13,2026-10-12,21,10,http://www.kwacc.or.kr/CertificationSite/WA/List?page=21,9aeee73ed53e0abbed66f85c4cd0cc00ca97b515680375e178606db195e8510b,2026-08-26T03:24:56.074949+00:00,1,1
2276,현대HDS,현대에이치디에스(주),http://www.kwacc.or.kr/CertificationSite/WA/2276/Detail?page=22,https://www.hyundaihds.com,VALID,2025-10-10,2026-10-09,22,1,http://www.kwacc.or.kr/CertificationSite/WA/List?page=22,50c1e19846bb4f8a199f427be53d0bb43875a6d1eb1e2e2d9c7ac88e80d2fee0,2026-08-26T03:24:56.860001+00:00,1,1
2265,국립재활원 장애인건강검진센터,국립재활원,http://www.kwacc.or.kr/CertificationSite/WA/2265/Detail?page=22,http://www.nrc.go.kr/checkup/main.do,VALID,2025-10-07,2026-10-06,22,2,http://www.kwacc.or.kr/CertificationSite/WA/List?page=22,50c1e19846bb4f8a199f427be53d0bb43875a6d1eb1e2e2d9c7ac88e80d2fee0,2026-08-26T03:24:56.860001+00:00,1,1
2269,민간용주파수수요관리시스템,한국방송통신전파진흥원,http://www.kwacc.or.kr/CertificationSite/WA/2269/Detail?page=22,https://spectrummap.kr/jointuse,VALID,2025-10-02,2026-10-01,22,3,http://www.kwacc.or.kr/CertificationSite/WA/List?page=22,50c1e19846bb4f8a199f427be53d0bb43875a6d1eb1e2e2d9c7ac88e80d2fee0,2026-08-26T03:24:56.860001+00:00,1,1
2268,주파수종합정보시스템(전파누리),한국방송통신전파진흥원,http://www.kwacc.or.kr/CertificationSite/WA/2268/Detail?page=22,https://spectrummap.kr,VALID,2025-10-02,2026-10-01,22,4,http://www.kwacc.or.kr/CertificationSite/WA/List?page=22,50c1e19846bb4f8a199f427be53d0bb43875a6d1eb1e2e2d9c7ac88e80d2fee0,2026-08-26T03:24:56.860001+00:00,1,1
2267,포천시청소년재단,포천시청소년재단,http://www.kwacc.or.kr/CertificationSite/WA/2267/Detail?page=22,https://www.poyouth.or.kr,VALID,2025-10-01,2026-09-30,22,5,http://www.kwacc.or.kr/CertificationSite/WA/List?page=22,50c1e19846bb4f8a199f427be53d0bb43875a6d1eb1e2e2d9c7ac88e80d2fee0,2026-08-26T03:24:56.860001+00:00,1,1
2264,SBH 연구인프라 통합관리시스템(TREE),한국과학기술연구원,http://www.kwacc.or.kr/CertificationSite/WA/2264/Detail?page=22,https://www.seoulbiohub.kr/tree,VALID,2025-09-23,2026-09-22,22,6,http://www.kwacc.or.kr/CertificationSite/WA/List?page=22,50c1e19846bb4f8a199f427be53d0bb43875a6d1eb1e2e2d9c7ac88e80d2fee0,2026-08-26T03:24:56.860001+00:00,1,1
2256,보건복지부 의사자추모관,보건복지부,http://www.kwacc.or.kr/CertificationSite/WA/2256/Detail?page=22,https://www.mohw.go.kr/memorial,VALID,2025-09-21,2026-09-20,22,7,http://www.kwacc.or.kr/CertificationSite/WA/List?page=22,50c1e19846bb4f8a199f427be53d0bb43875a6d1eb1e2e2d9c7ac88e80d2fee0,2026-08-26T03:24:56.860001+00:00,1,1
2263,디지털 서울문화예술대학교 학사관리시스템,디지털서울문화예술대학교,http://www.kwacc.or.kr/CertificationSite/WA/2263/Detail?page=22,https://learn.scau.ac.kr,VALID,2025-09-16,2026-09-15,22,8,http://www.kwacc.or.kr/CertificationSite/WA/List?page=22,50c1e19846bb4f8a199f427be53d0bb43875a6d1eb1e2e2d9c7ac88e80d2fee0,2026-08-26T03:24:56.860001+00:00,1,1
2274,서울대중교통,서울특별시,http://www.kwacc.or.kr/CertificationSite/WA/2274/Detail?page=22,https://bus.go.kr,VALID,2025-09-15,2026-09-14,22,9,http://www.kwacc.or.kr/CertificationSite/WA/List?page=22,50c1e19846bb4f8a199f427be53d0bb43875a6d1eb1e2e2d9c7ac88e80d2fee0,2026-08-26T03:24:56.860001+00:00,1,1
2266,삼성전자승마단,삼성전자(주),http://www.kwacc.or.kr/CertificationSite/WA/2266/Detail?page=22,https://horse.samsung.com,VALID,2025-09-12,2026-09-11,22,10,http://www.kwacc.or.kr/CertificationSite/WA/List?page=22,50c1e19846bb4f8a199f427be53d0bb43875a6d1eb1e2e2d9c7ac88e80d2fee0,2026-08-26T03:24:56.860001+00:00,1,1
2260,대한항공,대한항공,http://www.kwacc.or.kr/CertificationSite/WA/2260/Detail?page=23,https://www.koreanair.com,VALID,2025-09-12,2026-09-11,23,1,http://www.kwacc.or.kr/CertificationSite/WA/List?page=23,1a0787705f94b04537e882c1629f26a7250fc91ebebad4242bcabea9178f1557,2026-08-26T03:24:57.652484+00:00,1,1
2262,디지털 서울문화예술대학교 입학지원센터,주식회사 다루소프트,http://www.kwacc.or.kr/CertificationSite/WA/2262/Detail?page=23,https://ipsi.scau.ac.kr,VALID,2025-09-11,2026-09-10,23,2,http://www.kwacc.or.kr/CertificationSite/WA/List?page=23,1a0787705f94b04537e882c1629f26a7250fc91ebebad4242bcabea9178f1557,2026-08-26T03:24:57.652484+00:00,1,1
2261,디지털 서울문화예술대학교 대학,디지털서울문화예술대학교,http://www.kwacc.or.kr/CertificationSite/WA/2261/Detail?page=23,https://www.scau.ac.kr,VALID,2025-09-11,2026-09-10,23,3,http://www.kwacc.or.kr/CertificationSite/WA/List?page=23,1a0787705f94b04537e882c1629f26a7250fc91ebebad4242bcabea9178f1557,2026-08-26T03:24:57.652484+00:00,1,1
2258,생태계 기후대응 통합정보관리시스템,국립생태원,http://www.kwacc.or.kr/CertificationSite/WA/2258/Detail?page=23,https://prdp.ecoclimate.or.kr,VALID,2025-09-05,2026-09-04,23,4,http://www.kwacc.or.kr/CertificationSite/WA/List?page=23,1a0787705f94b04537e882c1629f26a7250fc91ebebad4242bcabea9178f1557,2026-08-26T03:24:57.652484+00:00,1,1
2272,청소년기업가체험프로그램,한국청년기업가정신재단,http://www.kwacc.or.kr/CertificationSite/WA/2272/Detail?page=23,https://yeep.go.kr,VALID,2025-09-03,2026-09-02,23,5,http://www.kwacc.or.kr/CertificationSite/WA/List?page=23,1a0787705f94b04537e882c1629f26a7250fc91ebebad4242bcabea9178f1557,2026-08-26T03:24:57.652484+00:00,1,1
2252,주식회사 E1,주식회사 E1,http://www.kwacc.or.kr/CertificationSite/WA/2252/Detail?page=23,https://www.e1.co.kr,VALID,2025-09-01,2026-08-31,23,6,http://www.kwacc.or.kr/CertificationSite/WA/List?page=23,1a0787705f94b04537e882c1629f26a7250fc91ebebad4242bcabea9178f1557,2026-08-26T03:24:57.652484+00:00,1,1
2245,국립망향의동산,국립망향의동산관리원,http://www.kwacc.or.kr/CertificationSite/WA/2245/Detail?page=23,http://www.nmhc.go.kr/index.jsp,VALID,2025-08-27,2026-08-26,23,7,http://www.kwacc.or.kr/CertificationSite/WA/List?page=23,1a0787705f94b04537e882c1629f26a7250fc91ebebad4242bcabea9178f1557,2026-08-26T03:24:57.652484+00:00,1,1
2250,응급의료통계포털,국립중앙의료원,http://www.kwacc.or.kr/CertificationSite/WA/2250/Detail?page=23,https://e-medis.nemc.or.kr,EXPIRED,2025-08-20,2026-08-19,23,8,http://www.kwacc.or.kr/CertificationSite/WA/List?page=23,1a0787705f94b04537e882c1629f26a7250fc91ebebad4242bcabea9178f1557,2026-08-26T03:24:57.652484+00:00,0,0
2249,명지전문대학,명지전문대학,http://www.kwacc.or.kr/CertificationSite/WA/2249/Detail?page=23,https://www.mjc.ac.kr,EXPIRED,2025-08-02,2026-08-01,23,9,http://www.kwacc.or.kr/CertificationSite/WA/List?page=23,1a0787705f94b04537e882c1629f26a7250fc91ebebad4242bcabea9178f1557,2026-08-26T03:24:57.652484+00:00,0,0
2255,부천문화재단,부천문화재단,http://www.kwacc.or.kr/CertificationSite/WA/2255/Detail?page=23,https://bcf.or.kr,EXPIRED,2025-08-13,2026-08-12,23,10,http://www.kwacc.or.kr/CertificationSite/WA/List?page=23,1a0787705f94b04537e882c1629f26a7250fc91ebebad4242bcabea9178f1557,2026-08-26T03:24:57.652484+00:00,0,0
2251,국가법령정보센터,법제처,http://www.kwacc.or.kr/CertificationSite/WA/2251/Detail?page=24,www.law.go.kr,EXPIRED,2025-08-12,2026-08-11,24,1,http://www.kwacc.or.kr/CertificationSite/WA/List?page=24,5b0eb14eba4e85942bb4f56e4139eb726777245d8dd5aeaead8b0a0970922418,2026-08-26T03:24:58.446897+00:00,0,0
2248,서울시농수산식품공사,서울시농수산식품공사,http://www.kwacc.or.kr/CertificationSite/WA/2248/Detail?page=24,https://www.garak.co.kr/homepage,EXPIRED,2025-08-12,2026-08-11,24,2,http://www.kwacc.or.kr/CertificationSite/WA/List?page=24,5b0eb14eba4e85942bb4f56e4139eb726777245d8dd5aeaead8b0a0970922418,2026-08-26T03:24:58.446897+00:00,0,0
2247,이음예술창작아카데미,주식회사 쓰리웨이,http://www.kwacc.or.kr/CertificationSite/WA/2247/Detail?page=24,https://ac.ieum.or.kr,EXPIRED,2025-08-12,2026-08-11,24,3,http://www.kwacc.or.kr/CertificationSite/WA/List?page=24,5b0eb14eba4e85942bb4f56e4139eb726777245d8dd5aeaead8b0a0970922418,2026-08-26T03:24:58.446897+00:00,0,0
2259,서울특별시 주차정보안내시스템,서울시청,http://www.kwacc.or.kr/CertificationSite/WA/2259/Detail?page=24,https://parking.seoul.go.kr,EXPIRED,2025-08-10,2026-08-09,24,4,http://www.kwacc.or.kr/CertificationSite/WA/List?page=24,5b0eb14eba4e85942bb4f56e4139eb726777245d8dd5aeaead8b0a0970922418,2026-08-26T03:24:58.446897+00:00,0,0
2270,한국식품연구원 전자도서관,한국식품연구원,http://www.kwacc.or.kr/CertificationSite/WA/2270/Detail?page=24,https://elib.kfri.re.kr,EXPIRED,2025-08-07,2026-08-06,24,5,http://www.kwacc.or.kr/CertificationSite/WA/List?page=24,5b0eb14eba4e85942bb4f56e4139eb726777245d8dd5aeaead8b0a0970922418,2026-08-26T03:24:58.446897+00:00,0,0
2244,스마트 QR 가이드,디지믹스,http://www.kwacc.or.kr/CertificationSite/WA/2244/Detail?page=24,https://docent.dgmx.kr/a11y/,EXPIRED,2025-08-07,2026-08-06,24,6,http://www.kwacc.or.kr/CertificationSite/WA/List?page=24,5b0eb14eba4e85942bb4f56e4139eb726777245d8dd5aeaead8b0a0970922418,2026-08-26T03:24:58.446897+00:00,0,0
2243,국가정신건강정보포털,국립정신건강센터,http://www.kwacc.or.kr/CertificationSite/WA/2243/Detail?page=24,https://www.mentalhealth.go.kr,EXPIRED,2025-08-04,2026-08-03,24,7,http://www.kwacc.or.kr/CertificationSite/WA/List?page=24,5b0eb14eba4e85942bb4f56e4139eb726777245d8dd5aeaead8b0a0970922418,2026-08-26T03:24:58.446897+00:00,0,0
2257,한국지역난방공사 홈페이지,한국지역난방공사,http://www.kwacc.or.kr/CertificationSite/WA/2257/Detail?page=24,https://www.kdhc.co.kr,EXPIRED,2025-07-28,2026-07-27,24,8,http://www.kwacc.or.kr/CertificationSite/WA/List?page=24,5b0eb14eba4e85942bb4f56e4139eb726777245d8dd5aeaead8b0a0970922418,2026-08-26T03:24:58.446897+00:00,0,0
2237,보성군청,보성군청,http://www.kwacc.or.kr/CertificationSite/WA/2237/Detail?page=24,https://www.boseong.go.kr/www/,EXPIRED,2025-07-28,2026-07-27,24,9,http://www.kwacc.or.kr/CertificationSite/WA/List?page=24,5b0eb14eba4e85942bb4f56e4139eb726777245d8dd5aeaead8b0a0970922418,2026-08-26T03:24:58.446897+00:00,0,0
2238,카카오뱅크 영문,㈜아이알큐더스,http://www.kwacc.or.kr/CertificationSite/WA/2238/Detail?page=24,https://eng.kakaobank.com,EXPIRED,2025-07-22,2026-07-21,24,10,http://www.kwacc.or.kr/CertificationSite/WA/List?page=24,5b0eb14eba4e85942bb4f56e4139eb726777245d8dd5aeaead8b0a0970922418,2026-08-26T03:24:58.446897+00:00,0,0
2236,한국중부발전 동반성장오픈플랫폼,한국중부발전,http://www.kwacc.or.kr/CertificationSite/WA/2236/Detail?page=25,https://www.komipo.co.kr/KomipoWwg/cmsmain.do?scod,EXPIRED,2025-07-22,2026-07-21,25,1,http://www.kwacc.or.kr/CertificationSite/WA/List?page=25,02298547976613746ff1af2d74f3d90cae02f466ff9d4f36f9eba5478b382d97,2026-08-26T03:24:59.241379+00:00,0,0
2233,한국중부발전(영문),한국중부발전,http://www.kwacc.or.kr/CertificationSite/WA/2233/Detail?page=25,https://www.komipo.co.kr/eng/main/main.do,EXPIRED,2025-07-22,2026-07-21,25,2,http://www.kwacc.or.kr/CertificationSite/WA/List?page=25,02298547976613746ff1af2d74f3d90cae02f466ff9d4f36f9eba5478b382d97,2026-08-26T03:24:59.241379+00:00,0,0
2232,영양군청,영양군청,http://www.kwacc.or.kr/CertificationSite/WA/2232/Detail?page=25,https://www.yyg.go.kr/www,EXPIRED,2025-07-21,2026-07-20,25,3,http://www.kwacc.or.kr/CertificationSite/WA/List?page=25,02298547976613746ff1af2d74f3d90cae02f466ff9d4f36f9eba5478b382d97,2026-08-26T03:24:59.241379+00:00,0,0
2224,장흥군청,장흥군청,http://www.kwacc.or.kr/CertificationSite/WA/2224/Detail?page=25,https://www.jangheung.go.kr/www,EXPIRED,2025-07-15,2026-07-14,25,4,http://www.kwacc.or.kr/CertificationSite/WA/List?page=25,02298547976613746ff1af2d74f3d90cae02f466ff9d4f36f9eba5478b382d97,2026-08-26T03:24:59.241379+00:00,0,0
2226,공공도서관지원서비스,국립중앙도서관,http://www.kwacc.or.kr/CertificationSite/WA/2226/Detail?page=25,https://books.nl.go.kr,EXPIRED,2025-07-08,2026-07-07,25,5,http://www.kwacc.or.kr/CertificationSite/WA/List?page=25,02298547976613746ff1af2d74f3d90cae02f466ff9d4f36f9eba5478b382d97,2026-08-26T03:24:59.241379+00:00,0,0
2235,여신금융협회 소비자지원센터,(사)한국여신전문금융업협회,http://www.kwacc.or.kr/CertificationSite/WA/2235/Detail?page=25,https://customer.crefia.or.kr,EXPIRED,2025-07-07,2026-07-06,25,6,http://www.kwacc.or.kr/CertificationSite/WA/List?page=25,02298547976613746ff1af2d74f3d90cae02f466ff9d4f36f9eba5478b382d97,2026-08-26T03:24:59.241379+00:00,0,0
2234,여신금융협회 대표 홈페이지,(사)한국여신전문금융업협회,http://www.kwacc.or.kr/CertificationSite/WA/2234/Detail?page=25,https://www.crefia.or.kr,EXPIRED,2025-07-07,2026-07-06,25,7,http://www.kwacc.or.kr/CertificationSite/WA/List?page=25,02298547976613746ff1af2d74f3d90cae02f466ff9d4f36f9eba5478b382d97,2026-08-26T03:24:59.241379+00:00,0,0
2246,안산시평생비전센터,안산시평생비전센터,http://www.kwacc.or.kr/CertificationSite/WA/2246/Detail?page=25,https://wm.ansan.go.kr,EXPIRED,2025-06-30,2026-06-29,25,8,http://www.kwacc.or.kr/CertificationSite/WA/List?page=25,02298547976613746ff1af2d74f3d90cae02f466ff9d4f36f9eba5478b382d97,2026-08-26T03:24:59.241379+00:00,0,0
2223,해양교육포털,한국해양재단,http://www.kwacc.or.kr/CertificationSite/WA/2223/Detail?page=25,https://www.ilovesea.or.kr,EXPIRED,2025-06-28,2026-06-27,25,9,http://www.kwacc.or.kr/CertificationSite/WA/List?page=25,02298547976613746ff1af2d74f3d90cae02f466ff9d4f36f9eba5478b382d97,2026-08-26T03:24:59.241379+00:00,0,0
2221,환경교육사 자격평가,한국환경보전원,http://www.kwacc.or.kr/CertificationSite/WA/2221/Detail?page=25,https://www.keep.go.kr/license/cmmn/index.do,EXPIRED,2025-06-24,2026-06-23,25,10,http://www.kwacc.or.kr/CertificationSite/WA/List?page=25,02298547976613746ff1af2d74f3d90cae02f466ff9d4f36f9eba5478b382d97,2026-08-26T03:24:59.241379+00:00,0,0
2220,LG Content Store(모바일웹),LG전자,http://www.kwacc.or.kr/CertificationSite/WA/2220/Detail?page=26,https://kr.lgappstv.com,EXPIRED,2025-06-23,2026-06-22,26,1,http://www.kwacc.or.kr/CertificationSite/WA/List?page=26,d652e3e02cb09ccba6f7f6c927512be20e51930c7d47e0310bdd309279656d0e,2026-08-26T03:25:00.035800+00:00,0,0
2219,LG Content Store,LG전자,http://www.kwacc.or.kr/CertificationSite/WA/2219/Detail?page=26,https://kr.lgappstv.com,EXPIRED,2025-06-23,2026-06-22,26,2,http://www.kwacc.or.kr/CertificationSite/WA/List?page=26,d652e3e02cb09ccba6f7f6c927512be20e51930c7d47e0310bdd309279656d0e,2026-08-26T03:25:00.035800+00:00,0,0
2218,(사)한국장애인단체총연합회 한국웹접근성인증평가원,(사)한국장애인단체총연합회 한국웹접근성인증평가원,http://www.kwacc.or.kr/CertificationSite/WA/2218/Detail?page=26,https://wa.or.kr,EXPIRED,2025-06-20,2026-06-19,26,3,http://www.kwacc.or.kr/CertificationSite/WA/List?page=26,d652e3e02cb09ccba6f7f6c927512be20e51930c7d47e0310bdd309279656d0e,2026-08-26T03:25:00.035800+00:00,0,0
2229,서울안전누리,서울특별시,http://www.kwacc.or.kr/CertificationSite/WA/2229/Detail?page=26,https://safecity.seoul.go.kr,EXPIRED,2025-06-19,2026-06-18,26,4,http://www.kwacc.or.kr/CertificationSite/WA/List?page=26,d652e3e02cb09ccba6f7f6c927512be20e51930c7d47e0310bdd309279656d0e,2026-08-26T03:25:00.035800+00:00,0,0
2225,서울특별시 도로굴착복구시스템,서울특별시청,http://www.kwacc.or.kr/CertificationSite/WA/2225/Detail?page=26,https://roaddig.seoul.go.kr,EXPIRED,2025-06-19,2026-06-18,26,5,http://www.kwacc.or.kr/CertificationSite/WA/List?page=26,d652e3e02cb09ccba6f7f6c927512be20e51930c7d47e0310bdd309279656d0e,2026-08-26T03:25:00.035800+00:00,0,0
2227,승강기안전기술원,승강기안전기술원,http://www.kwacc.or.kr/CertificationSite/WA/2227/Detail?page=26,https://esti.koelsa.or.kr,EXPIRED,2025-06-18,2026-06-17,26,6,http://www.kwacc.or.kr/CertificationSite/WA/List?page=26,d652e3e02cb09ccba6f7f6c927512be20e51930c7d47e0310bdd309279656d0e,2026-08-26T03:25:00.035800+00:00,0,0
2216,서울건축주택포털,서울시청,http://www.kwacc.or.kr/CertificationSite/WA/2216/Detail?page=26,https://test-sahtis.seoul.go.kr:444,EXPIRED,2025-06-17,2026-06-16,26,7,http://www.kwacc.or.kr/CertificationSite/WA/List?page=26,d652e3e02cb09ccba6f7f6c927512be20e51930c7d47e0310bdd309279656d0e,2026-08-26T03:25:00.035800+00:00,0,0
2212,한국학사서 글로벌 네트워크,국립중앙도서관,http://www.kwacc.or.kr/CertificationSite/WA/2212/Detail?page=26,https://inkslib.nl.go.kr,EXPIRED,2025-06-15,2026-06-14,26,8,http://www.kwacc.or.kr/CertificationSite/WA/List?page=26,d652e3e02cb09ccba6f7f6c927512be20e51930c7d47e0310bdd309279656d0e,2026-08-26T03:25:00.035800+00:00,0,0
2217,사서지원서비스,국립중앙도서관,http://www.kwacc.or.kr/CertificationSite/WA/2217/Detail?page=26,https://librarian.nl.go.kr,EXPIRED,2025-06-09,2026-06-08,26,9,http://www.kwacc.or.kr/CertificationSite/WA/List?page=26,d652e3e02cb09ccba6f7f6c927512be20e51930c7d47e0310bdd309279656d0e,2026-08-26T03:25:00.035800+00:00,0,0
2209,국립중앙도서관,국립중앙도서관,http://www.kwacc.or.kr/CertificationSite/WA/2209/Detail?page=26,https://nl.go.kr,EXPIRED,2025-06-02,2026-06-01,26,10,http://www.kwacc.or.kr/CertificationSite/WA/List?page=26,d652e3e02cb09ccba6f7f6c927512be20e51930c7d47e0310bdd309279656d0e,2026-08-26T03:25:00.035800+00:00,0,0
2231,사회서비스 전자바우처 포털,한국사회보장정보원,http://www.kwacc.or.kr/CertificationSite/WA/2231/Detail?page=27,https://www.socialservice.or.kr:444,EXPIRED,2025-05-31,2026-05-30,27,1,http://www.kwacc.or.kr/CertificationSite/WA/List?page=27,923acd3f3e9c12c70ae1dfc912a1336c770aa4e4cc774ae3a5256da57edb36f0,2026-08-26T03:25:00.827392+00:00,0,0
2230,경기도여성가족재단,재단법인 경기도여성가족재단,http://www.kwacc.or.kr/CertificationSite/WA/2230/Detail?page=27,https://www.gwff.kr/base/main/view,EXPIRED,2025-05-29,2026-05-28,27,2,http://www.kwacc.or.kr/CertificationSite/WA/List?page=27,923acd3f3e9c12c70ae1dfc912a1336c770aa4e4cc774ae3a5256da57edb36f0,2026-08-26T03:25:00.827392+00:00,0,0
2228,수원문화재단 누리집,수원문화재단,http://www.kwacc.or.kr/CertificationSite/WA/2228/Detail?page=27,https://www.swcf.or.kr,EXPIRED,2025-05-29,2026-05-28,27,3,http://www.kwacc.or.kr/CertificationSite/WA/List?page=27,923acd3f3e9c12c70ae1dfc912a1336c770aa4e4cc774ae3a5256da57edb36f0,2026-08-26T03:25:00.827392+00:00,0,0
2207,수원화성관광,수원문화재단,http://www.kwacc.or.kr/CertificationSite/WA/2207/Detail?page=27,https://www.visitsuwon.or.kr/base/main/view,EXPIRED,2025-05-28,2026-05-27,27,4,http://www.kwacc.or.kr/CertificationSite/WA/List?page=27,923acd3f3e9c12c70ae1dfc912a1336c770aa4e4cc774ae3a5256da57edb36f0,2026-08-26T03:25:00.827392+00:00,0,0
2205,경기지역화폐,경기도시장상권진흥원,http://www.kwacc.or.kr/CertificationSite/WA/2205/Detail?page=27,https://gmoney.or.kr,EXPIRED,2025-05-22,2026-05-21,27,5,http://www.kwacc.or.kr/CertificationSite/WA/List?page=27,923acd3f3e9c12c70ae1dfc912a1336c770aa4e4cc774ae3a5256da57edb36f0,2026-08-26T03:25:00.827392+00:00,0,0
2206,문화도시수원,수원문화재단,http://www.kwacc.or.kr/CertificationSite/WA/2206/Detail?page=27,https://www.swculture.or.kr,EXPIRED,2025-05-21,2026-05-20,27,6,http://www.kwacc.or.kr/CertificationSite/WA/List?page=27,923acd3f3e9c12c70ae1dfc912a1336c770aa4e4cc774ae3a5256da57edb36f0,2026-08-26T03:25:00.827392+00:00,0,0
2204,대테러센터,국무조정실 대테러센터,http://www.kwacc.or.kr/CertificationSite/WA/2204/Detail?page=27,http://www.nctc.go.kr,EXPIRED,2025-05-21,2026-05-20,27,7,http://www.kwacc.or.kr/CertificationSite/WA/List?page=27,923acd3f3e9c12c70ae1dfc912a1336c770aa4e4cc774ae3a5256da57edb36f0,2026-08-26T03:25:00.827392+00:00,0,0
2222,시흥도시공사 대표,시흥도시공사,http://www.kwacc.or.kr/CertificationSite/WA/2222/Detail?page=27,https://shsi.or.kr,EXPIRED,2025-05-19,2026-05-18,27,8,http://www.kwacc.or.kr/CertificationSite/WA/List?page=27,923acd3f3e9c12c70ae1dfc912a1336c770aa4e4cc774ae3a5256da57edb36f0,2026-08-26T03:25:00.827392+00:00,0,0
2193,보건복지부 어린이,보건복지부,http://www.kwacc.or.kr/CertificationSite/WA/2193/Detail?page=27,https://www.mohw.go.kr/kids,EXPIRED,2025-05-19,2026-05-18,27,9,http://www.kwacc.or.kr/CertificationSite/WA/List?page=27,923acd3f3e9c12c70ae1dfc912a1336c770aa4e4cc774ae3a5256da57edb36f0,2026-08-26T03:25:00.827392+00:00,0,0
2213,현대건설 힐스테이트,현대건설,http://www.kwacc.or.kr/CertificationSite/WA/2213/Detail?page=27,https://hillstate.co.kr/main/index,EXPIRED,2025-05-18,2026-05-17,27,10,http://www.kwacc.or.kr/CertificationSite/WA/List?page=27,923acd3f3e9c12c70ae1dfc912a1336c770aa4e4cc774ae3a5256da57edb36f0,2026-08-26T03:25:00.827392+00:00,0,0
2202,세계법제정보센터,법제처,http://www.kwacc.or.kr/CertificationSite/WA/2202/Detail?page=28,https://world.moleg.go.kr,EXPIRED,2025-05-17,2026-05-16,28,1,http://www.kwacc.or.kr/CertificationSite/WA/List?page=28,6fdc13412b92230f0d9f57fd60a265653fa50b73255d1247ae7aa52b390c50b3,2026-08-26T03:25:01.613412+00:00,0,0
2199,대구공공시설관리공단 대표,대구공공시설관리공단,http://www.kwacc.or.kr/CertificationSite/WA/2199/Detail?page=28,https://www.dpfc.or.kr,EXPIRED,2025-05-15,2026-05-14,28,2,http://www.kwacc.or.kr/CertificationSite/WA/List?page=28,6fdc13412b92230f0d9f57fd60a265653fa50b73255d1247ae7aa52b390c50b3,2026-08-26T03:25:01.613412+00:00,0,0
2208,서울시여성가족재단,서울시여성가족재단,http://www.kwacc.or.kr/CertificationSite/WA/2208/Detail?page=28,https://www.seoulwomen.or.kr,EXPIRED,2025-05-08,2026-05-07,28,3,http://www.kwacc.or.kr/CertificationSite/WA/List?page=28,6fdc13412b92230f0d9f57fd60a265653fa50b73255d1247ae7aa52b390c50b3,2026-08-26T03:25:01.613412+00:00,0,0
2211,부안군문화재단,재단법인 부안군문화재단,http://www.kwacc.or.kr/CertificationSite/WA/2211/Detail?page=28,https://www.bacf.or.kr,EXPIRED,2025-05-03,2026-05-02,28,4,http://www.kwacc.or.kr/CertificationSite/WA/List?page=28,6fdc13412b92230f0d9f57fd60a265653fa50b73255d1247ae7aa52b390c50b3,2026-08-26T03:25:01.613412+00:00,0,0
2201,맥도날드(모바일웹),한국맥도날드 유한회사,http://www.kwacc.or.kr/CertificationSite/WA/2201/Detail?page=28,https://m.mcdonalds.co.kr,EXPIRED,2025-05-02,2026-05-01,28,5,http://www.kwacc.or.kr/CertificationSite/WA/List?page=28,6fdc13412b92230f0d9f57fd60a265653fa50b73255d1247ae7aa52b390c50b3,2026-08-26T03:25:01.613412+00:00,0,0
2200,맥도날드,한국맥도날드 유한회사,http://www.kwacc.or.kr/CertificationSite/WA/2200/Detail?page=28,https://www.mcdonalds.co.kr,EXPIRED,2025-05-02,2026-05-01,28,6,http://www.kwacc.or.kr/CertificationSite/WA/List?page=28,6fdc13412b92230f0d9f57fd60a265653fa50b73255d1247ae7aa52b390c50b3,2026-08-26T03:25:01.613412+00:00,0,0
2203,더케이저축은행,더케이저축은행,http://www.kwacc.or.kr/CertificationSite/WA/2203/Detail?page=28,https://www.thekbank.co.kr,EXPIRED,2025-04-29,2026-04-28,28,7,http://www.kwacc.or.kr/CertificationSite/WA/List?page=28,6fdc13412b92230f0d9f57fd60a265653fa50b73255d1247ae7aa52b390c50b3,2026-08-26T03:25:01.613412+00:00,0,0
2210,EBS 장애인 서비스,한국교육방송공사,http://www.kwacc.or.kr/CertificationSite/WA/2210/Detail?page=28,https://www.ebs.co.kr/free,EXPIRED,2025-04-28,2026-04-27,28,8,http://www.kwacc.or.kr/CertificationSite/WA/List?page=28,6fdc13412b92230f0d9f57fd60a265653fa50b73255d1247ae7aa52b390c50b3,2026-08-26T03:25:01.613412+00:00,0,0
2187,한국중부발전(국문),한국중부발전,http://www.kwacc.or.kr/CertificationSite/WA/2187/Detail?page=28,https://www.komipo.co.kr,EXPIRED,2025-04-28,2026-04-27,28,9,http://www.kwacc.or.kr/CertificationSite/WA/List?page=28,6fdc13412b92230f0d9f57fd60a265653fa50b73255d1247ae7aa52b390c50b3,2026-08-26T03:25:01.613412+00:00,0,0
2186,국회도서관,극회도서관,http://www.kwacc.or.kr/CertificationSite/WA/2186/Detail?page=28,https://nanet.go.kr,EXPIRED,2025-04-28,2026-04-27,28,10,http://www.kwacc.or.kr/CertificationSite/WA/List?page=28,6fdc13412b92230f0d9f57fd60a265653fa50b73255d1247ae7aa52b390c50b3,2026-08-26T03:25:01.613412+00:00,0,0
2196,kt M mobile 다이렉트몰,주식회사 케이티엠모바일,http://www.kwacc.or.kr/CertificationSite/WA/2196/Detail?page=29,https://www.ktmmobile.com,EXPIRED,2025-04-26,2026-04-25,29,1,http://www.kwacc.or.kr/CertificationSite/WA/List?page=29,e1641280e6fd0b968f11c70799987382fa93d5e4f121aac7630622d7ed0328f6,2026-08-26T03:25:02.399808+00:00,0,0
2183,신재생에너지테마파크,(재)전북테크노파크,http://www.kwacc.or.kr/CertificationSite/WA/2183/Detail?page=29,https://nrev.or.kr,EXPIRED,2025-04-23,2026-04-22,29,2,http://www.kwacc.or.kr/CertificationSite/WA/List?page=29,e1641280e6fd0b968f11c70799987382fa93d5e4f121aac7630622d7ed0328f6,2026-08-26T03:25:02.399808+00:00,0,0
2197,경상북도개발공사,경상북도개발공사,http://www.kwacc.or.kr/CertificationSite/WA/2197/Detail?page=29,https://www.gbdc.co.kr,EXPIRED,2025-04-19,2026-04-18,29,3,http://www.kwacc.or.kr/CertificationSite/WA/List?page=29,e1641280e6fd0b968f11c70799987382fa93d5e4f121aac7630622d7ed0328f6,2026-08-26T03:25:02.399808+00:00,0,0
2192,진천군청,진천군청,http://www.kwacc.or.kr/CertificationSite/WA/2192/Detail?page=29,https://www.jincheon.go.kr,EXPIRED,2025-04-19,2026-04-18,29,4,http://www.kwacc.or.kr/CertificationSite/WA/List?page=29,e1641280e6fd0b968f11c70799987382fa93d5e4f121aac7630622d7ed0328f6,2026-08-26T03:25:02.399808+00:00,0,0
2179,목포시청,목포시청,http://www.kwacc.or.kr/CertificationSite/WA/2179/Detail?page=29,https://www.mokpo.go.kr/www,EXPIRED,2025-04-19,2026-04-18,29,5,http://www.kwacc.or.kr/CertificationSite/WA/List?page=29,e1641280e6fd0b968f11c70799987382fa93d5e4f121aac7630622d7ed0328f6,2026-08-26T03:25:02.399808+00:00,0,0
2198,애큐온저축은행,애큐온저축은행,http://www.kwacc.or.kr/CertificationSite/WA/2198/Detail?page=29,https://www.acuonsb.co.kr,EXPIRED,2025-04-18,2026-04-17,29,6,http://www.kwacc.or.kr/CertificationSite/WA/List?page=29,e1641280e6fd0b968f11c70799987382fa93d5e4f121aac7630622d7ed0328f6,2026-08-26T03:25:02.399808+00:00,0,0
2181,학점은행제 정보공시(학점은행제 알리미),국가평생교육진흥원,http://www.kwacc.or.kr/CertificationSite/WA/2181/Detail?page=29,https://www.cbinfo.or.kr/,EXPIRED,2025-04-16,2026-04-15,29,7,http://www.kwacc.or.kr/CertificationSite/WA/List?page=29,e1641280e6fd0b968f11c70799987382fa93d5e4f121aac7630622d7ed0328f6,2026-08-26T03:25:02.399808+00:00,0,0
2172,사이버한국외국어대학교,사이버한국외국어대학교,http://www.kwacc.or.kr/CertificationSite/WA/2172/Detail?page=29,https://www.cufs.ac.kr,EXPIRED,2025-04-10,2026-04-09,29,8,http://www.kwacc.or.kr/CertificationSite/WA/List?page=29,e1641280e6fd0b968f11c70799987382fa93d5e4f121aac7630622d7ed0328f6,2026-08-26T03:25:02.399808+00:00,0,0
2185,우리은행 원비즈 플라자(구매사),우리은행,http://www.kwacc.or.kr/CertificationSite/WA/2185/Detail?page=29,https://www.wonbizplaza.com,EXPIRED,2025-04-04,2026-04-03,29,9,http://www.kwacc.or.kr/CertificationSite/WA/List?page=29,e1641280e6fd0b968f11c70799987382fa93d5e4f121aac7630622d7ed0328f6,2026-08-26T03:25:02.399808+00:00,0,0
2184,우리은행 원비즈 플라자(공급사),우리은행,http://www.kwacc.or.kr/CertificationSite/WA/2184/Detail?page=29,https://www.wonbizplaza.com,EXPIRED,2025-04-04,2026-04-03,29,10,http://www.kwacc.or.kr/CertificationSite/WA/List?page=29,e1641280e6fd0b968f11c70799987382fa93d5e4f121aac7630622d7ed0328f6,2026-08-26T03:25:02.399808+00:00,0,0
2175,병원평가통합포털(모바일웹),건강보험심사평가원,http://www.kwacc.or.kr/CertificationSite/WA/2175/Detail?page=30,https://m.khqa.kr,EXPIRED,2025-04-03,2026-04-02,30,1,http://www.kwacc.or.kr/CertificationSite/WA/List?page=30,bab039eacac4907525ebeb9a5eec13b14f6f7c9896eaa521ebf6cfcece03a810,2026-08-26T03:25:03.194516+00:00,0,0
2174,병원평가통합포털,건강보험심사평가원,http://www.kwacc.or.kr/CertificationSite/WA/2174/Detail?page=30,https://khqa.kr,EXPIRED,2025-04-03,2026-04-02,30,2,http://www.kwacc.or.kr/CertificationSite/WA/List?page=30,bab039eacac4907525ebeb9a5eec13b14f6f7c9896eaa521ebf6cfcece03a810,2026-08-26T03:25:03.194516+00:00,0,0
2191,보건복지상담센터,보건복지부,http://www.kwacc.or.kr/CertificationSite/WA/2191/Detail?page=30,https://www.129.go.kr,EXPIRED,2025-04-02,2026-04-01,30,3,http://www.kwacc.or.kr/CertificationSite/WA/List?page=30,bab039eacac4907525ebeb9a5eec13b14f6f7c9896eaa521ebf6cfcece03a810,2026-08-26T03:25:03.194516+00:00,0,0
2162,규제혁신추진단,규제혁신추진단,http://www.kwacc.or.kr/CertificationSite/WA/2162/Detail?page=30,https://foryou.better.go.kr,EXPIRED,2025-04-02,2026-04-01,30,4,http://www.kwacc.or.kr/CertificationSite/WA/List?page=30,bab039eacac4907525ebeb9a5eec13b14f6f7c9896eaa521ebf6cfcece03a810,2026-08-26T03:25:03.194516+00:00,0,0
2161,6차산업,농림수산식품교육문화정보원,http://www.kwacc.or.kr/CertificationSite/WA/2161/Detail?page=30,http://www.6차산업.com,EXPIRED,2025-04-02,2026-04-01,30,5,http://www.kwacc.or.kr/CertificationSite/WA/List?page=30,bab039eacac4907525ebeb9a5eec13b14f6f7c9896eaa521ebf6cfcece03a810,2026-08-26T03:25:03.194516+00:00,0,0
2178,서귀포온성학교,제주특별자치도교육청,http://www.kwacc.or.kr/CertificationSite/WA/2178/Detail?page=30,https://school.jje.go.kr/onseong/main.do,EXPIRED,2025-04-01,2026-03-31,30,6,http://www.kwacc.or.kr/CertificationSite/WA/List?page=30,bab039eacac4907525ebeb9a5eec13b14f6f7c9896eaa521ebf6cfcece03a810,2026-08-26T03:25:03.194516+00:00,0,0
2177,제주영송학교,제주특별자치도교육청,http://www.kwacc.or.kr/CertificationSite/WA/2177/Detail?page=30,https://school.jje.go.kr/youngsong/main.do,EXPIRED,2025-04-01,2026-03-31,30,7,http://www.kwacc.or.kr/CertificationSite/WA/List?page=30,bab039eacac4907525ebeb9a5eec13b14f6f7c9896eaa521ebf6cfcece03a810,2026-08-26T03:25:03.194516+00:00,0,0
2176,제주영지학교,제주특별자치도교육청,http://www.kwacc.or.kr/CertificationSite/WA/2176/Detail?page=30,https://school.jje.go.kr/youngji/main.do,EXPIRED,2025-04-01,2026-03-31,30,8,http://www.kwacc.or.kr/CertificationSite/WA/List?page=30,bab039eacac4907525ebeb9a5eec13b14f6f7c9896eaa521ebf6cfcece03a810,2026-08-26T03:25:03.194516+00:00,0,0
2137,KOLIS·NET 국가자료종합목록,국립중앙도서관,http://www.kwacc.or.kr/CertificationSite/WA/2137/Detail?page=30,https://www.nl.go.kr/kolisnet,EXPIRED,2025-04-01,2026-03-31,30,9,http://www.kwacc.or.kr/CertificationSite/WA/List?page=30,bab039eacac4907525ebeb9a5eec13b14f6f7c9896eaa521ebf6cfcece03a810,2026-08-26T03:25:03.194516+00:00,0,0
2143,하이원리조트,강원랜드,http://www.kwacc.or.kr/CertificationSite/WA/2143/Detail?page=30,www.high1.com,EXPIRED,2025-03-29,2026-03-28,30,10,http://www.kwacc.or.kr/CertificationSite/WA/List?page=30,bab039eacac4907525ebeb9a5eec13b14f6f7c9896eaa521ebf6cfcece03a810,2026-08-26T03:25:03.194516+00:00,0,0
2149,규제샌드박스,국무조정실,http://www.kwacc.or.kr/CertificationSite/WA/2149/Detail?page=31,https://www.sandbox.go.kr,EXPIRED,2025-03-28,2026-03-27,31,1,http://www.kwacc.or.kr/CertificationSite/WA/List?page=31,55e1c6e648e645b9f9aa606dfb425ad96071df67024a36de235ab108c6df37af,2026-08-26T03:25:04.010220+00:00,0,0
2148,규제개혁신문고,국무조정실,http://www.kwacc.or.kr/CertificationSite/WA/2148/Detail?page=31,https://www.sinmungo.go.kr,EXPIRED,2025-03-28,2026-03-27,31,2,http://www.kwacc.or.kr/CertificationSite/WA/List?page=31,55e1c6e648e645b9f9aa606dfb425ad96071df67024a36de235ab108c6df37af,2026-08-26T03:25:04.010220+00:00,0,0
2147,규제정보포털,국무조정실,http://www.kwacc.or.kr/CertificationSite/WA/2147/Detail?page=31,https://www.better.go.kr,EXPIRED,2025-03-28,2026-03-27,31,3,http://www.kwacc.or.kr/CertificationSite/WA/List?page=31,55e1c6e648e645b9f9aa606dfb425ad96071df67024a36de235ab108c6df37af,2026-08-26T03:25:04.010220+00:00,0,0
2142,우체국금융개발원 대표,우체국금융개발원,http://www.kwacc.or.kr/CertificationSite/WA/2142/Detail?page=31,https://www.posid.or.kr,EXPIRED,2025-03-28,2026-03-27,31,4,http://www.kwacc.or.kr/CertificationSite/WA/List?page=31,55e1c6e648e645b9f9aa606dfb425ad96071df67024a36de235ab108c6df37af,2026-08-26T03:25:04.010220+00:00,0,0
2195,사회서비스 전자바우처 시각장애인용 업무시스템,한국사회보장정보원,http://www.kwacc.or.kr/CertificationSite/WA/2195/Detail?page=31,http://sevsw.socialservice.or.kr,EXPIRED,2025-03-26,2026-03-25,31,5,http://www.kwacc.or.kr/CertificationSite/WA/List?page=31,55e1c6e648e645b9f9aa606dfb425ad96071df67024a36de235ab108c6df37af,2026-08-26T03:25:04.010220+00:00,0,0
2188,국민행복카드포털,한국사회보장정보원,http://www.kwacc.or.kr/CertificationSite/WA/2188/Detail?page=31,http://www.voucher.go.kr,EXPIRED,2025-03-26,2026-03-25,31,6,http://www.kwacc.or.kr/CertificationSite/WA/List?page=31,55e1c6e648e645b9f9aa606dfb425ad96071df67024a36de235ab108c6df37af,2026-08-26T03:25:04.010220+00:00,0,0
2136,강진군청,주식회사 아이디,http://www.kwacc.or.kr/CertificationSite/WA/2136/Detail?page=31,https://www.gangjin.go.kr/www,EXPIRED,2025-03-24,2026-03-23,31,7,http://www.kwacc.or.kr/CertificationSite/WA/List?page=31,55e1c6e648e645b9f9aa606dfb425ad96071df67024a36de235ab108c6df37af,2026-08-26T03:25:04.010220+00:00,0,0
2135,국민건강보험공단인재개발원(모바일웹),국민건깅보험공단 인재개발원,http://www.kwacc.or.kr/CertificationSite/WA/2135/Detail?page=31,https://hrd.nhis.or.kr,EXPIRED,2025-03-21,2026-03-20,31,8,http://www.kwacc.or.kr/CertificationSite/WA/List?page=31,55e1c6e648e645b9f9aa606dfb425ad96071df67024a36de235ab108c6df37af,2026-08-26T03:25:04.010220+00:00,0,0
2134,국민건강보험공단인재개발원 대표,국민건깅보험공단 인재개발원,http://www.kwacc.or.kr/CertificationSite/WA/2134/Detail?page=31,https://hrd.nhis.or.kr,EXPIRED,2025-03-21,2026-03-20,31,9,http://www.kwacc.or.kr/CertificationSite/WA/List?page=31,55e1c6e648e645b9f9aa606dfb425ad96071df67024a36de235ab108c6df37af,2026-08-26T03:25:04.010220+00:00,0,0
2159,한국예술종합학교 입학정보,한국예술종합학교,http://www.kwacc.or.kr/CertificationSite/WA/2159/Detail?page=31,https://www.karts.ac.kr/main/appl.do,EXPIRED,2025-03-17,2026-03-16,31,10,http://www.kwacc.or.kr/CertificationSite/WA/List?page=31,55e1c6e648e645b9f9aa606dfb425ad96071df67024a36de235ab108c6df37af,2026-08-26T03:25:04.010220+00:00,0,0
2158,한국예술종합학교 대표,한국예술종합학교,http://www.kwacc.or.kr/CertificationSite/WA/2158/Detail?page=32,https://www.karts.ac.kr,EXPIRED,2025-03-17,2026-03-16,32,1,http://www.kwacc.or.kr/CertificationSite/WA/List?page=32,74c3485bf4b3d5a687d3ff689f5c033fe78f54ed65afb521f11258594e367706,2026-08-26T03:25:04.826000+00:00,0,0
2146,한양사이버대학교 포털,한양사이버대학교,http://www.kwacc.or.kr/CertificationSite/WA/2146/Detail?page=32,https://road.hycu.ac.kr,EXPIRED,2025-03-15,2026-03-14,32,2,http://www.kwacc.or.kr/CertificationSite/WA/List?page=32,74c3485bf4b3d5a687d3ff689f5c033fe78f54ed65afb521f11258594e367706,2026-08-26T03:25:04.826000+00:00,0,0
2145,한양사이버대학교 SSO,한양사이버대학교,http://www.kwacc.or.kr/CertificationSite/WA/2145/Detail?page=32,https://sso.hycu.ac.kr,EXPIRED,2025-03-15,2026-03-14,32,3,http://www.kwacc.or.kr/CertificationSite/WA/List?page=32,74c3485bf4b3d5a687d3ff689f5c033fe78f54ed65afb521f11258594e367706,2026-08-26T03:25:04.826000+00:00,0,0
2144,예스이십사 전자도서관,예스이십사 주식회사,http://www.kwacc.or.kr/CertificationSite/WA/2144/Detail?page=32,https://ebook.yes24library.com,EXPIRED,2025-03-15,2026-03-14,32,4,http://www.kwacc.or.kr/CertificationSite/WA/List?page=32,74c3485bf4b3d5a687d3ff689f5c033fe78f54ed65afb521f11258594e367706,2026-08-26T03:25:04.826000+00:00,0,0
2130,화학물질안전원 대표,화학물질안전원,http://www.kwacc.or.kr/CertificationSite/WA/2130/Detail?page=32,https://nics.me.go.kr/main.do,EXPIRED,2025-03-15,2026-03-14,32,5,http://www.kwacc.or.kr/CertificationSite/WA/List?page=32,74c3485bf4b3d5a687d3ff689f5c033fe78f54ed65afb521f11258594e367706,2026-08-26T03:25:04.826000+00:00,0,0
2168,한전KPS 대표,한전케이피에스 주식회사,http://www.kwacc.or.kr/CertificationSite/WA/2168/Detail?page=32,https://www.kps.co.kr,EXPIRED,2025-03-13,2026-03-12,32,6,http://www.kwacc.or.kr/CertificationSite/WA/List?page=32,74c3485bf4b3d5a687d3ff689f5c033fe78f54ed65afb521f11258594e367706,2026-08-26T03:25:04.826000+00:00,0,0
2128,김포시청소년재단,김포시청소년재단,http://www.kwacc.or.kr/CertificationSite/WA/2128/Detail?page=32,https://www.fgy.or.kr,EXPIRED,2025-03-13,2026-03-12,32,7,http://www.kwacc.or.kr/CertificationSite/WA/List?page=32,74c3485bf4b3d5a687d3ff689f5c033fe78f54ed65afb521f11258594e367706,2026-08-26T03:25:04.826000+00:00,0,0
2127,현대건설 뉴스룸,현대건설(주),http://www.kwacc.or.kr/CertificationSite/WA/2127/Detail?page=32,https://newsroom.hdec.kr,EXPIRED,2025-03-12,2026-03-11,32,8,http://www.kwacc.or.kr/CertificationSite/WA/List?page=32,74c3485bf4b3d5a687d3ff689f5c033fe78f54ed65afb521f11258594e367706,2026-08-26T03:25:04.826000+00:00,0,0
2126,현대건설 대표,현대건설(주),http://www.kwacc.or.kr/CertificationSite/WA/2126/Detail?page=32,https://www.hdec.kr,EXPIRED,2025-03-12,2026-03-11,32,9,http://www.kwacc.or.kr/CertificationSite/WA/List?page=32,74c3485bf4b3d5a687d3ff689f5c033fe78f54ed65afb521f11258594e367706,2026-08-26T03:25:04.826000+00:00,0,0
2180,제주특별자치도교육청 공공도서관,제주특별자치도교육청,http://www.kwacc.or.kr/CertificationSite/WA/2180/Detail?page=32,https://org.jje.go.kr/lib,EXPIRED,2025-03-10,2026-03-09,32,10,http://www.kwacc.or.kr/CertificationSite/WA/List?page=32,74c3485bf4b3d5a687d3ff689f5c033fe78f54ed65afb521f11258594e367706,2026-08-26T03:25:04.826000+00:00,0,0
2173,제주학생문화원,제주특별자치도교육청,http://www.kwacc.or.kr/CertificationSite/WA/2173/Detail?page=33,https://org.jje.go.kr/lifelo,EXPIRED,2025-03-10,2026-03-09,33,1,http://www.kwacc.or.kr/CertificationSite/WA/List?page=33,8a5b63da809dc589db931378bcd1a3899581531a1e95df1d7182b14fc318c7ca,2026-08-26T03:25:05.636255+00:00,0,0
2170,제주유아교육진흥원,제주특별자치도교육청,http://www.kwacc.or.kr/CertificationSite/WA/2170/Detail?page=33,https://org.jje.go.kr/jjkids,EXPIRED,2025-03-10,2026-03-09,33,2,http://www.kwacc.or.kr/CertificationSite/WA/List?page=33,8a5b63da809dc589db931378bcd1a3899581531a1e95df1d7182b14fc318c7ca,2026-08-26T03:25:05.636255+00:00,0,0
2169,제주교육박물관,제주특별자치도교육청,http://www.kwacc.or.kr/CertificationSite/WA/2169/Detail?page=33,https://org.jje.go.kr/jjemuseum,EXPIRED,2025-03-10,2026-03-09,33,3,http://www.kwacc.or.kr/CertificationSite/WA/List?page=33,8a5b63da809dc589db931378bcd1a3899581531a1e95df1d7182b14fc318c7ca,2026-08-26T03:25:05.636255+00:00,0,0
2167,제주융합과학연구원,제주특별자치도교육청,http://www.kwacc.or.kr/CertificationSite/WA/2167/Detail?page=33,https://org.jje.go.kr/cisec,EXPIRED,2025-03-10,2026-03-09,33,4,http://www.kwacc.or.kr/CertificationSite/WA/List?page=33,8a5b63da809dc589db931378bcd1a3899581531a1e95df1d7182b14fc318c7ca,2026-08-26T03:25:05.636255+00:00,0,0
2166,서귀포시교육지원청,제주특별자치도교육청,http://www.kwacc.or.kr/CertificationSite/WA/2166/Detail?page=33,https://www.jje.go.kr/jse/index.jje,EXPIRED,2025-03-10,2026-03-09,33,5,http://www.kwacc.or.kr/CertificationSite/WA/List?page=33,8a5b63da809dc589db931378bcd1a3899581531a1e95df1d7182b14fc318c7ca,2026-08-26T03:25:05.636255+00:00,0,0
2165,제주특별자치도교육청,제주특별자치도교육청,http://www.kwacc.or.kr/CertificationSite/WA/2165/Detail?page=33,https://www.jje.go.kr/index.jje,EXPIRED,2025-03-10,2026-03-09,33,6,http://www.kwacc.or.kr/CertificationSite/WA/List?page=33,8a5b63da809dc589db931378bcd1a3899581531a1e95df1d7182b14fc318c7ca,2026-08-26T03:25:05.636255+00:00,0,0
2160,여수시도시관리공단,여수시도시관리공단,http://www.kwacc.or.kr/CertificationSite/WA/2160/Detail?page=33,https://www.yumcorp.or.kr/www,EXPIRED,2025-03-10,2026-03-09,33,7,http://www.kwacc.or.kr/CertificationSite/WA/List?page=33,8a5b63da809dc589db931378bcd1a3899581531a1e95df1d7182b14fc318c7ca,2026-08-26T03:25:05.636255+00:00,0,0
2155,제주특별자치도교육청 통합예약시스템,제주특별자치도교육청,http://www.kwacc.or.kr/CertificationSite/WA/2155/Detail?page=33,https://org.jje.go.kr/reserve,EXPIRED,2025-03-10,2026-03-09,33,8,http://www.kwacc.or.kr/CertificationSite/WA/List?page=33,8a5b63da809dc589db931378bcd1a3899581531a1e95df1d7182b14fc318c7ca,2026-08-26T03:25:05.636255+00:00,0,0
2154,제주국제교육원,제주특별자치도교육청,http://www.kwacc.or.kr/CertificationSite/WA/2154/Detail?page=33,https://org.jje.go.kr/jiei,EXPIRED,2025-03-10,2026-03-09,33,9,http://www.kwacc.or.kr/CertificationSite/WA/List?page=33,8a5b63da809dc589db931378bcd1a3899581531a1e95df1d7182b14fc318c7ca,2026-08-26T03:25:05.636255+00:00,0,0
2153,서귀포학생문화원,제주특별자치도교육청,http://www.kwacc.or.kr/CertificationSite/WA/2153/Detail?page=33,https://org.jje.go.kr/sscc,EXPIRED,2025-03-10,2026-03-09,33,10,http://www.kwacc.or.kr/CertificationSite/WA/List?page=33,8a5b63da809dc589db931378bcd1a3899581531a1e95df1d7182b14fc318c7ca,2026-08-26T03:25:05.636255+00:00,0,0
2152,제주시교육지원청,제주특별자치도교육청,http://www.kwacc.or.kr/CertificationSite/WA/2152/Detail?page=34,https://www.jje.go.kr/jjse/index.jje,EXPIRED,2025-03-10,2026-03-09,34,1,http://www.kwacc.or.kr/CertificationSite/WA/List?page=34,98fcca8750562145106ee0a9ad8319b3d040d8ecad39a3b93401241c09b09db5,2026-08-26T03:25:06.431723+00:00,0,0
2131,K-오션MOOC,한국해양재단,http://www.kwacc.or.kr/CertificationSite/WA/2131/Detail?page=34,https://www.koceanmooc.or.kr,EXPIRED,2025-03-08,2026-03-07,34,2,http://www.kwacc.or.kr/CertificationSite/WA/List?page=34,98fcca8750562145106ee0a9ad8319b3d040d8ecad39a3b93401241c09b09db5,2026-08-26T03:25:06.431723+00:00,0,0
2171,의료정보보호센터,한국사회보장정보원,http://www.kwacc.or.kr/CertificationSite/WA/2171/Detail?page=34,https://www.hisc.or.kr,EXPIRED,2025-03-03,2026-03-02,34,3,http://www.kwacc.or.kr/CertificationSite/WA/List?page=34,98fcca8750562145106ee0a9ad8319b3d040d8ecad39a3b93401241c09b09db5,2026-08-26T03:25:06.431723+00:00,0,0
2133,대성산업(영문),대성산업(주)정보시스템사업부,http://www.kwacc.or.kr/CertificationSite/WA/2133/Detail?page=34,https://www.daesung.co.kr/en,EXPIRED,2025-03-03,2026-03-02,34,4,http://www.kwacc.or.kr/CertificationSite/WA/List?page=34,98fcca8750562145106ee0a9ad8319b3d040d8ecad39a3b93401241c09b09db5,2026-08-26T03:25:06.431723+00:00,0,0
2132,대성산업(국문),대성산업,http://www.kwacc.or.kr/CertificationSite/WA/2132/Detail?page=34,https://www.daesung.co.kr,EXPIRED,2025-03-03,2026-03-02,34,5,http://www.kwacc.or.kr/CertificationSite/WA/List?page=34,98fcca8750562145106ee0a9ad8319b3d040d8ecad39a3b93401241c09b09db5,2026-08-26T03:25:06.431723+00:00,0,0
2123,김해시복지재단,재단법인 김해시 복지재단,http://www.kwacc.or.kr/CertificationSite/WA/2123/Detail?page=34,https://www.ghwf.or.kr,EXPIRED,2025-03-02,2026-03-01,34,6,http://www.kwacc.or.kr/CertificationSite/WA/List?page=34,98fcca8750562145106ee0a9ad8319b3d040d8ecad39a3b93401241c09b09db5,2026-08-26T03:25:06.431723+00:00,0,0
2118,서울도시공간포털,서울시청,http://www.kwacc.or.kr/CertificationSite/WA/2118/Detail?page=34,https://urban.seoul.go.kr,EXPIRED,2025-02-26,2026-02-25,34,7,http://www.kwacc.or.kr/CertificationSite/WA/List?page=34,98fcca8750562145106ee0a9ad8319b3d040d8ecad39a3b93401241c09b09db5,2026-08-26T03:25:06.431723+00:00,0,0
2117,인천연구원,인천연구원,http://www.kwacc.or.kr/CertificationSite/WA/2117/Detail?page=34,https://www.ii.re.kr/base/main/view,EXPIRED,2025-02-26,2026-02-25,34,8,http://www.kwacc.or.kr/CertificationSite/WA/List?page=34,98fcca8750562145106ee0a9ad8319b3d040d8ecad39a3b93401241c09b09db5,2026-08-26T03:25:06.431723+00:00,0,0
2182,사회보장위원회,보건복지부 사회보장위원회,http://www.kwacc.or.kr/CertificationSite/WA/2182/Detail?page=34,https://www.ssc.go.kr,EXPIRED,2025-02-24,2026-02-23,34,9,http://www.kwacc.or.kr/CertificationSite/WA/List?page=34,98fcca8750562145106ee0a9ad8319b3d040d8ecad39a3b93401241c09b09db5,2026-08-26T03:25:06.431723+00:00,0,0
2164,모두가도시농부 도시농업관리사,농림수산식품교육문화정보원,http://www.kwacc.or.kr/CertificationSite/WA/2164/Detail?page=34,https://www.modunong.or.kr:449/home/kor/main_urban.do,EXPIRED,2025-02-24,2026-02-23,34,10,http://www.kwacc.or.kr/CertificationSite/WA/List?page=34,98fcca8750562145106ee0a9ad8319b3d040d8ecad39a3b93401241c09b09db5,2026-08-26T03:25:06.431723+00:00,0,0
2163,모두가도시농부 도시농업 정보,농림수산식품교육문화정보원,http://www.kwacc.or.kr/CertificationSite/WA/2163/Detail?page=35,https://www.modunong.or.kr:449/home/kor/main_info.do,EXPIRED,2025-02-24,2026-02-23,35,1,http://www.kwacc.or.kr/CertificationSite/WA/List?page=35,860a3ca1f284d8671c7d14cf84f327fc7a6b29c48e883d5f9ccaac0ae153f9dc,2026-08-26T03:25:07.288721+00:00,0,0
2111,노인일자리 여기,한국노인인력개발원,http://www.kwacc.or.kr/CertificationSite/WA/2111/Detail?page=35,https://www.seniorro.or.kr:4431/noin/main.do,EXPIRED,2025-02-23,2026-02-22,35,2,http://www.kwacc.or.kr/CertificationSite/WA/List?page=35,860a3ca1f284d8671c7d14cf84f327fc7a6b29c48e883d5f9ccaac0ae153f9dc,2026-08-26T03:25:07.288721+00:00,0,0
2139,국가트라우마센터,국립정신건강센터,http://www.kwacc.or.kr/CertificationSite/WA/2139/Detail?page=35,https://nct.go.kr,EXPIRED,2025-02-21,2026-02-20,35,3,http://www.kwacc.or.kr/CertificationSite/WA/List?page=35,860a3ca1f284d8671c7d14cf84f327fc7a6b29c48e883d5f9ccaac0ae153f9dc,2026-08-26T03:25:07.288721+00:00,0,0
2113,국립부곡병원,국립부곡병원,http://www.kwacc.or.kr/CertificationSite/WA/2113/Detail?page=35,http://www.bgnmh.go.kr,EXPIRED,2025-02-20,2026-02-19,35,4,http://www.kwacc.or.kr/CertificationSite/WA/List?page=35,860a3ca1f284d8671c7d14cf84f327fc7a6b29c48e883d5f9ccaac0ae153f9dc,2026-08-26T03:25:07.288721+00:00,0,0
2119,보조금통합포털,한국재정정보원,http://www.kwacc.or.kr/CertificationSite/WA/2119/Detail?page=35,https://www.bojo.go.kr,EXPIRED,2025-02-19,2026-02-18,35,5,http://www.kwacc.or.kr/CertificationSite/WA/List?page=35,860a3ca1f284d8671c7d14cf84f327fc7a6b29c48e883d5f9ccaac0ae153f9dc,2026-08-26T03:25:07.288721+00:00,0,0
2121,법제처 대표,법제처,http://www.kwacc.or.kr/CertificationSite/WA/2121/Detail?page=35,https://www.moleg.go.kr,EXPIRED,2025-02-18,2026-02-17,35,6,http://www.kwacc.or.kr/CertificationSite/WA/List?page=35,860a3ca1f284d8671c7d14cf84f327fc7a6b29c48e883d5f9ccaac0ae153f9dc,2026-08-26T03:25:07.288721+00:00,0,0
2115,금융규제·법령해석포털,금융위원회,http://www.kwacc.or.kr/CertificationSite/WA/2115/Detail?page=35,https://better.fsc.go.kr,EXPIRED,2025-02-16,2026-02-15,35,7,http://www.kwacc.or.kr/CertificationSite/WA/List?page=35,860a3ca1f284d8671c7d14cf84f327fc7a6b29c48e883d5f9ccaac0ae153f9dc,2026-08-26T03:25:07.288721+00:00,0,0
2125,토지이음,국토교통부,http://www.kwacc.or.kr/CertificationSite/WA/2125/Detail?page=35,https://eum.go.kr,EXPIRED,2025-02-15,2026-02-14,35,8,http://www.kwacc.or.kr/CertificationSite/WA/List?page=35,860a3ca1f284d8671c7d14cf84f327fc7a6b29c48e883d5f9ccaac0ae153f9dc,2026-08-26T03:25:07.288721+00:00,0,0
2114,국가사이버안보센터,국가사이버안보센터,http://www.kwacc.or.kr/CertificationSite/WA/2114/Detail?page=35,https://www.ncsc.go.kr,EXPIRED,2025-02-14,2026-02-13,35,9,http://www.kwacc.or.kr/CertificationSite/WA/List?page=35,860a3ca1f284d8671c7d14cf84f327fc7a6b29c48e883d5f9ccaac0ae153f9dc,2026-08-26T03:25:07.288721+00:00,0,0
2124,현대건설 디에이치,현대건설(주),http://www.kwacc.or.kr/CertificationSite/WA/2124/Detail?page=35,https://www.the-h.co.kr,EXPIRED,2025-02-12,2026-02-11,35,10,http://www.kwacc.or.kr/CertificationSite/WA/List?page=35,860a3ca1f284d8671c7d14cf84f327fc7a6b29c48e883d5f9ccaac0ae153f9dc,2026-08-26T03:25:07.288721+00:00,0,0
2112,인천항보안공사 대표,인천항보안공사,http://www.kwacc.or.kr/CertificationSite/WA/2112/Detail?page=36,https://port.co.kr,EXPIRED,2025-02-09,2026-02-08,36,1,http://www.kwacc.or.kr/CertificationSite/WA/List?page=36,815951eaa7d92fb4d81bfc7c66e8df412b4ff5cd07d876d201bdff76dda5eb09,2026-08-26T03:25:08.087386+00:00,0,0
2122,제주항공우주박물관,제주항공우주박물관,http://www.kwacc.or.kr/CertificationSite/WA/2122/Detail?page=36,https://www.jdc-jam.com,EXPIRED,2025-02-08,2026-02-07,36,2,http://www.kwacc.or.kr/CertificationSite/WA/List?page=36,815951eaa7d92fb4d81bfc7c66e8df412b4ff5cd07d876d201bdff76dda5eb09,2026-08-26T03:25:08.087386+00:00,0,0
2110,성북구도시관리공단,성북구도시관리공단,http://www.kwacc.or.kr/CertificationSite/WA/2110/Detail?page=36,https://www.gongdan.go.kr,EXPIRED,2025-02-03,2026-02-02,36,3,http://www.kwacc.or.kr/CertificationSite/WA/List?page=36,815951eaa7d92fb4d81bfc7c66e8df412b4ff5cd07d876d201bdff76dda5eb09,2026-08-26T03:25:08.087386+00:00,0,0
2106,국립민속박물관,국립민속박물관,http://www.kwacc.or.kr/CertificationSite/WA/2106/Detail?page=36,https://www.nfm.go.kr,EXPIRED,2025-02-03,2026-02-02,36,4,http://www.kwacc.or.kr/CertificationSite/WA/List?page=36,815951eaa7d92fb4d81bfc7c66e8df412b4ff5cd07d876d201bdff76dda5eb09,2026-08-26T03:25:08.087386+00:00,0,0
2120,One Health 항생제 내성균 포털,질병관리청 국립보건연구원,http://www.kwacc.or.kr/CertificationSite/WA/2120/Detail?page=36,https://nih.go.kr/nohas,EXPIRED,2025-02-01,2026-01-31,36,5,http://www.kwacc.or.kr/CertificationSite/WA/List?page=36,815951eaa7d92fb4d81bfc7c66e8df412b4ff5cd07d876d201bdff76dda5eb09,2026-08-26T03:25:08.087386+00:00,0,0
2138,국기원,국기원,http://www.kwacc.or.kr/CertificationSite/WA/2138/Detail?page=36,https://www.kukkiwon.or.kr,EXPIRED,2025-01-30,2026-01-29,36,6,http://www.kwacc.or.kr/CertificationSite/WA/List?page=36,815951eaa7d92fb4d81bfc7c66e8df412b4ff5cd07d876d201bdff76dda5eb09,2026-08-26T03:25:08.087386+00:00,0,0
2116,중앙치매센터(모바일웹),중앙치매센터,http://www.kwacc.or.kr/CertificationSite/WA/2116/Detail?page=36,https://m.nid.or.kr,EXPIRED,2025-01-30,2026-01-29,36,7,http://www.kwacc.or.kr/CertificationSite/WA/List?page=36,815951eaa7d92fb4d81bfc7c66e8df412b4ff5cd07d876d201bdff76dda5eb09,2026-08-26T03:25:08.087386+00:00,0,0
2109,서울기록원,서울기록원,http://www.kwacc.or.kr/CertificationSite/WA/2109/Detail?page=36,https://archives.seoul.go.kr,EXPIRED,2025-01-30,2026-01-29,36,8,http://www.kwacc.or.kr/CertificationSite/WA/List?page=36,815951eaa7d92fb4d81bfc7c66e8df412b4ff5cd07d876d201bdff76dda5eb09,2026-08-26T03:25:08.087386+00:00,0,0
2105,아리수사이버고객센터,서울아리수본부,http://www.kwacc.or.kr/CertificationSite/WA/2105/Detail?page=36,https://i121.seoul.go.kr,EXPIRED,2025-01-24,2026-01-23,36,9,http://www.kwacc.or.kr/CertificationSite/WA/List?page=36,815951eaa7d92fb4d81bfc7c66e8df412b4ff5cd07d876d201bdff76dda5eb09,2026-08-26T03:25:08.087386+00:00,0,0
2129,한국전력거래소 대표,한국전력거래소,http://www.kwacc.or.kr/CertificationSite/WA/2129/Detail?page=36,https://www.kpx.or.kr,EXPIRED,2025-01-21,2026-01-20,36,10,http://www.kwacc.or.kr/CertificationSite/WA/List?page=36,815951eaa7d92fb4d81bfc7c66e8df412b4ff5cd07d876d201bdff76dda5eb09,2026-08-26T03:25:08.087386+00:00,0,0
2102,저작권e배움터,한국저작권위원회,http://www.kwacc.or.kr/CertificationSite/WA/2102/Detail?page=37,https://edu-copyright.or.kr/user/main/main.do,EXPIRED,2025-01-16,2026-01-15,37,1,http://www.kwacc.or.kr/CertificationSite/WA/List?page=37,a85b55c1fe957d4177ec0015bd034594f9f2eaf73a4ca8c02efe36ed4e76ec69,2026-08-26T03:25:08.882642+00:00,0,0
2103,한국문화관광연구원,한국문화관광연구원,http://www.kwacc.or.kr/CertificationSite/WA/2103/Detail?page=37,https://www.kcti.re.kr,EXPIRED,2025-01-15,2026-01-14,37,2,http://www.kwacc.or.kr/CertificationSite/WA/List?page=37,a85b55c1fe957d4177ec0015bd034594f9f2eaf73a4ca8c02efe36ed4e76ec69,2026-08-26T03:25:08.882642+00:00,0,0
2097,국립농업과학원,농촌진흥청 국립농업과학원,http://www.kwacc.or.kr/CertificationSite/WA/2097/Detail?page=37,https://www.naas.go.kr,EXPIRED,2025-01-13,2026-01-12,37,3,http://www.kwacc.or.kr/CertificationSite/WA/List?page=37,a85b55c1fe957d4177ec0015bd034594f9f2eaf73a4ca8c02efe36ed4e76ec69,2026-08-26T03:25:08.882642+00:00,0,0
2096,새마을금고 인터넷뱅킹(모바일웹),새마을금고,http://www.kwacc.or.kr/CertificationSite/WA/2096/Detail?page=37,https://pibcbt.kfcc.co.kr,EXPIRED,2025-01-13,2026-01-12,37,4,http://www.kwacc.or.kr/CertificationSite/WA/List?page=37,a85b55c1fe957d4177ec0015bd034594f9f2eaf73a4ca8c02efe36ed4e76ec69,2026-08-26T03:25:08.882642+00:00,0,0
2095,새마을금고 인터넷뱅킹(개인),새마을금고,http://www.kwacc.or.kr/CertificationSite/WA/2095/Detail?page=37,https://ibs.kfcc.co.kr/ib20/mnu/MCT0000000000344,EXPIRED,2025-01-13,2026-01-12,37,5,http://www.kwacc.or.kr/CertificationSite/WA/List?page=37,a85b55c1fe957d4177ec0015bd034594f9f2eaf73a4ca8c02efe36ed4e76ec69,2026-08-26T03:25:08.882642+00:00,0,0
2098,농업인안전365,농촌진흥청 국립농업과학원,http://www.kwacc.or.kr/CertificationSite/WA/2098/Detail?page=37,https://farmer.rda.go.kr,EXPIRED,2025-01-09,2026-01-08,37,6,http://www.kwacc.or.kr/CertificationSite/WA/List?page=37,a85b55c1fe957d4177ec0015bd034594f9f2eaf73a4ca8c02efe36ed4e76ec69,2026-08-26T03:25:08.882642+00:00,0,0
2108,한양사이버대학원,한양사이버대학교,http://www.kwacc.or.kr/CertificationSite/WA/2108/Detail?page=37,https://gs.hycu.ac.kr,EXPIRED,2025-01-08,2026-01-07,37,7,http://www.kwacc.or.kr/CertificationSite/WA/List?page=37,a85b55c1fe957d4177ec0015bd034594f9f2eaf73a4ca8c02efe36ed4e76ec69,2026-08-26T03:25:08.882642+00:00,0,0
2107,한양사이버대학교,한양사이버대학교,http://www.kwacc.or.kr/CertificationSite/WA/2107/Detail?page=37,https://www.hycu.ac.kr,EXPIRED,2025-01-08,2026-01-07,37,8,http://www.kwacc.or.kr/CertificationSite/WA/List?page=37,a85b55c1fe957d4177ec0015bd034594f9f2eaf73a4ca8c02efe36ed4e76ec69,2026-08-26T03:25:08.882642+00:00,0,0
2087,국제사이버대학교,국제사이버대학교,http://www.kwacc.or.kr/CertificationSite/WA/2087/Detail?page=37,https://www.gjcu.ac.kr,EXPIRED,2024-12-31,2025-12-30,37,9,http://www.kwacc.or.kr/CertificationSite/WA/List?page=37,a85b55c1fe957d4177ec0015bd034594f9f2eaf73a4ca8c02efe36ed4e76ec69,2026-08-26T03:25:08.882642+00:00,0,0
2086,문화영향평가시스템,문화영향평가시스템,http://www.kwacc.or.kr/CertificationSite/WA/2086/Detail?page=37,https://cupact.mcst.go.kr,EXPIRED,2024-12-31,2025-12-30,37,10,http://www.kwacc.or.kr/CertificationSite/WA/List?page=37,a85b55c1fe957d4177ec0015bd034594f9f2eaf73a4ca8c02efe36ed4e76ec69,2026-08-26T03:25:08.882642+00:00,0,0
2083,국립재활원 교육지원,국립재활원,http://www.kwacc.or.kr/CertificationSite/WA/2083/Detail?page=38,http://www.nrc.go.kr/education/main.do,EXPIRED,2024-12-31,2025-12-30,38,1,http://www.kwacc.or.kr/CertificationSite/WA/List?page=38,dae601bb7888d01245b974def0af2ed00c7a414981996d2bbdec71aa7eca7cd9,2026-08-26T03:25:09.664751+00:00,0,0
2082,국립재활원 중앙장애인보건의료센터,국립재활원,http://www.kwacc.or.kr/CertificationSite/WA/2082/Detail?page=38,http://www.nrc.go.kr/chmcpd/main.do,EXPIRED,2024-12-31,2025-12-30,38,2,http://www.kwacc.or.kr/CertificationSite/WA/List?page=38,dae601bb7888d01245b974def0af2ed00c7a414981996d2bbdec71aa7eca7cd9,2026-08-26T03:25:09.664751+00:00,0,0
2081,국립재활원 장애인 건강 및 재활 정보포털,국립재활원,http://www.kwacc.or.kr/CertificationSite/WA/2081/Detail?page=38,http://www.nrc.go.kr/portal/main.do,EXPIRED,2024-12-31,2025-12-30,38,3,http://www.kwacc.or.kr/CertificationSite/WA/List?page=38,dae601bb7888d01245b974def0af2ed00c7a414981996d2bbdec71aa7eca7cd9,2026-08-26T03:25:09.664751+00:00,0,0
2080,국립재활원 재활연구소,국립재활원,http://www.kwacc.or.kr/CertificationSite/WA/2080/Detail?page=38,http://www.nrc.go.kr/research/main.do,EXPIRED,2024-12-31,2025-12-30,38,4,http://www.kwacc.or.kr/CertificationSite/WA/List?page=38,dae601bb7888d01245b974def0af2ed00c7a414981996d2bbdec71aa7eca7cd9,2026-08-26T03:25:09.664751+00:00,0,0
2079,국립재활원 재활병원,국립재활원,http://www.kwacc.or.kr/CertificationSite/WA/2079/Detail?page=38,http://www.nrc.go.kr/hospital/main.do,EXPIRED,2024-12-31,2025-12-30,38,5,http://www.kwacc.or.kr/CertificationSite/WA/List?page=38,dae601bb7888d01245b974def0af2ed00c7a414981996d2bbdec71aa7eca7cd9,2026-08-26T03:25:09.664751+00:00,0,0
2078,국립재활원,국립재활원,http://www.kwacc.or.kr/CertificationSite/WA/2078/Detail?page=38,http://www.nrc.go.kr/nrc/main.do,EXPIRED,2024-12-31,2025-12-30,38,6,http://www.kwacc.or.kr/CertificationSite/WA/List?page=38,dae601bb7888d01245b974def0af2ed00c7a414981996d2bbdec71aa7eca7cd9,2026-08-26T03:25:09.664751+00:00,0,0
2092,보건복지부 면허민원안내,보건복지부,http://www.kwacc.or.kr/CertificationSite/WA/2092/Detail?page=38,https://lic.mohw.go.kr,EXPIRED,2024-12-30,2025-12-29,38,7,http://www.kwacc.or.kr/CertificationSite/WA/List?page=38,dae601bb7888d01245b974def0af2ed00c7a414981996d2bbdec71aa7eca7cd9,2026-08-26T03:25:09.664751+00:00,0,0
2085,JB지산학협력단,JB지산학협력단,http://www.kwacc.or.kr/CertificationSite/WA/2085/Detail?page=38,https://www.jbiu.or.kr,EXPIRED,2024-12-30,2025-12-29,38,8,http://www.kwacc.or.kr/CertificationSite/WA/List?page=38,dae601bb7888d01245b974def0af2ed00c7a414981996d2bbdec71aa7eca7cd9,2026-08-26T03:25:09.664751+00:00,0,0
2075,첨단바이오의약품 장기추적조사시스템,한국의약품안전관리원,http://www.kwacc.or.kr/CertificationSite/WA/2075/Detail?page=38,https://ltfu.mfds.go.kr,EXPIRED,2024-12-30,2025-12-29,38,9,http://www.kwacc.or.kr/CertificationSite/WA/List?page=38,dae601bb7888d01245b974def0af2ed00c7a414981996d2bbdec71aa7eca7cd9,2026-08-26T03:25:09.664751+00:00,0,0
2076,와이즈유저 방송통신이용자정보포털,한국정보통신진흥협회,http://www.kwacc.or.kr/CertificationSite/WA/2076/Detail?page=38,https://www.wiseuser.go.kr,EXPIRED,2024-12-27,2025-12-26,38,10,http://www.kwacc.or.kr/CertificationSite/WA/List?page=38,dae601bb7888d01245b974def0af2ed00c7a414981996d2bbdec71aa7eca7cd9,2026-08-26T03:25:09.664751+00:00,0,0
2050,현대하이라이프손해사정,현대하이라이프손해사정(주),http://www.kwacc.or.kr/CertificationSite/WA/2050/Detail?page=39,http://www.hi-life.co.kr,EXPIRED,2024-12-26,2025-12-25,39,1,http://www.kwacc.or.kr/CertificationSite/WA/List?page=39,46014e44b03af4d02e01d1c846e9c9a8b7f463b9386520c5d6ee4ac8e6c5def1,2026-08-26T03:25:10.450083+00:00,0,0
2074,정보시스템감리사,한국지능정보사회진흥원,http://www.kwacc.or.kr/CertificationSite/WA/2074/Detail?page=39,https://auditor.nia.or.kr,EXPIRED,2024-12-24,2025-12-23,39,2,http://www.kwacc.or.kr/CertificationSite/WA/List?page=39,46014e44b03af4d02e01d1c846e9c9a8b7f463b9386520c5d6ee4ac8e6c5def1,2026-08-26T03:25:10.450083+00:00,0,0
2084,GS칼텍스,지에스칼텍스(주),http://www.kwacc.or.kr/CertificationSite/WA/2084/Detail?page=39,https://www.gscaltex.com,EXPIRED,2024-12-22,2025-12-21,39,3,http://www.kwacc.or.kr/CertificationSite/WA/List?page=39,46014e44b03af4d02e01d1c846e9c9a8b7f463b9386520c5d6ee4ac8e6c5def1,2026-08-26T03:25:10.450083+00:00,0,0
2077,국립소록도병원 한센병박물관,국립소록도병원,http://www.kwacc.or.kr/CertificationSite/WA/2077/Detail?page=39,http://sorokdo.go.kr/museum/main.do,EXPIRED,2024-12-22,2025-12-21,39,4,http://www.kwacc.or.kr/CertificationSite/WA/List?page=39,46014e44b03af4d02e01d1c846e9c9a8b7f463b9386520c5d6ee4ac8e6c5def1,2026-08-26T03:25:10.450083+00:00,0,0
2070,국립소록도병원 대표,국립소록도병원,http://www.kwacc.or.kr/CertificationSite/WA/2070/Detail?page=39,http://sorokdo.go.kr/sorokdo/main.do,EXPIRED,2024-12-22,2025-12-21,39,5,http://www.kwacc.or.kr/CertificationSite/WA/List?page=39,46014e44b03af4d02e01d1c846e9c9a8b7f463b9386520c5d6ee4ac8e6c5def1,2026-08-26T03:25:10.450083+00:00,0,0
2068,국립정신건강센터 정신건강사업부,국립정신건강센터,http://www.kwacc.or.kr/CertificationSite/WA/2068/Detail?page=39,http://ncmh.go.kr/mentalhealth/main.do,EXPIRED,2024-12-22,2025-12-21,39,6,http://www.kwacc.or.kr/CertificationSite/WA/List?page=39,46014e44b03af4d02e01d1c846e9c9a8b7f463b9386520c5d6ee4ac8e6c5def1,2026-08-26T03:25:10.450083+00:00,0,0
2067,국립정신건강센터 의료부,국립정신건강센터,http://www.kwacc.or.kr/CertificationSite/WA/2067/Detail?page=39,http://ncmh.go.kr/medical/main.do,EXPIRED,2024-12-22,2025-12-21,39,7,http://www.kwacc.or.kr/CertificationSite/WA/List?page=39,46014e44b03af4d02e01d1c846e9c9a8b7f463b9386520c5d6ee4ac8e6c5def1,2026-08-26T03:25:10.450083+00:00,0,0
2066,국립정신건강센터 대표,국립정신건강센터,http://www.kwacc.or.kr/CertificationSite/WA/2066/Detail?page=39,http://ncmh.go.kr/ncmh/main.do,EXPIRED,2024-12-22,2025-12-21,39,8,http://www.kwacc.or.kr/CertificationSite/WA/List?page=39,46014e44b03af4d02e01d1c846e9c9a8b7f463b9386520c5d6ee4ac8e6c5def1,2026-08-26T03:25:10.450083+00:00,0,0
2056,한국노인인력개발원,한국노인인력개발원,http://www.kwacc.or.kr/CertificationSite/WA/2056/Detail?page=39,https://www.kordi.or.kr,EXPIRED,2024-12-22,2025-12-21,39,9,http://www.kwacc.or.kr/CertificationSite/WA/List?page=39,46014e44b03af4d02e01d1c846e9c9a8b7f463b9386520c5d6ee4ac8e6c5def1,2026-08-26T03:25:10.450083+00:00,0,0
2044,고위공직자범죄수사처,고위공직자범죄수사처,http://www.kwacc.or.kr/CertificationSite/WA/2044/Detail?page=39,https://cio.go.kr/,EXPIRED,2024-12-22,2025-12-21,39,10,http://www.kwacc.or.kr/CertificationSite/WA/List?page=39,46014e44b03af4d02e01d1c846e9c9a8b7f463b9386520c5d6ee4ac8e6c5def1,2026-08-26T03:25:10.450083+00:00,0,0
2062,서울시 공동주택통합정보마당,서울특별시,http://www.kwacc.or.kr/CertificationSite/WA/2062/Detail?page=40,https://openapt.seoul.go.kr,EXPIRED,2024-12-21,2025-12-20,40,1,http://www.kwacc.or.kr/CertificationSite/WA/List?page=40,c9455765a163cb0d821751399eacf9f82f6d03dd798d23a376ea1ca7f5bd2ac7,2026-08-26T03:25:11.235096+00:00,0,0
2052,서울시전자상거래센터,사단법인 한국소비자연맹,http://www.kwacc.or.kr/CertificationSite/WA/2052/Detail?page=40,https://ecc.seoul.go.kr,EXPIRED,2024-12-21,2025-12-20,40,2,http://www.kwacc.or.kr/CertificationSite/WA/List?page=40,c9455765a163cb0d821751399eacf9f82f6d03dd798d23a376ea1ca7f5bd2ac7,2026-08-26T03:25:11.235096+00:00,0,0
2073,국립공주병원,국립공주병원,http://www.kwacc.or.kr/CertificationSite/WA/2073/Detail?page=40,https://www.knmh.go.kr,EXPIRED,2024-12-20,2025-12-19,40,3,http://www.kwacc.or.kr/CertificationSite/WA/List?page=40,c9455765a163cb0d821751399eacf9f82f6d03dd798d23a376ea1ca7f5bd2ac7,2026-08-26T03:25:11.235096+00:00,0,0
2072,가평군시설관리공단,가평군시설관리공단,http://www.kwacc.or.kr/CertificationSite/WA/2072/Detail?page=40,https://www.gpfmc.or.kr,EXPIRED,2024-12-20,2025-12-19,40,4,http://www.kwacc.or.kr/CertificationSite/WA/List?page=40,c9455765a163cb0d821751399eacf9f82f6d03dd798d23a376ea1ca7f5bd2ac7,2026-08-26T03:25:11.235096+00:00,0,0
2071,2050탄소중립녹색성장위원회,2050탄소중립녹색성장위원회,http://www.kwacc.or.kr/CertificationSite/WA/2071/Detail?page=40,https://www.2050cnc.go.kr,EXPIRED,2024-12-20,2025-12-19,40,5,http://www.kwacc.or.kr/CertificationSite/WA/List?page=40,c9455765a163cb0d821751399eacf9f82f6d03dd798d23a376ea1ca7f5bd2ac7,2026-08-26T03:25:11.235096+00:00,0,0
2061,나주시청,나주시청,http://www.kwacc.or.kr/CertificationSite/WA/2061/Detail?page=40,https://www.naju.go.kr/www,EXPIRED,2024-12-20,2025-12-19,40,6,http://www.kwacc.or.kr/CertificationSite/WA/List?page=40,c9455765a163cb0d821751399eacf9f82f6d03dd798d23a376ea1ca7f5bd2ac7,2026-08-26T03:25:11.235096+00:00,0,0
2060,국립목포병원,국립목포병원,http://www.kwacc.or.kr/CertificationSite/WA/2060/Detail?page=40,https://www.tbmokpo.go.kr,EXPIRED,2024-12-20,2025-12-19,40,7,http://www.kwacc.or.kr/CertificationSite/WA/List?page=40,c9455765a163cb0d821751399eacf9f82f6d03dd798d23a376ea1ca7f5bd2ac7,2026-08-26T03:25:11.235096+00:00,0,0
2059,국립마산병원,국립마산병원,http://www.kwacc.or.kr/CertificationSite/WA/2059/Detail?page=40,https://www.mnth.go.kr,EXPIRED,2024-12-20,2025-12-19,40,8,http://www.kwacc.or.kr/CertificationSite/WA/List?page=40,c9455765a163cb0d821751399eacf9f82f6d03dd798d23a376ea1ca7f5bd2ac7,2026-08-26T03:25:11.235096+00:00,0,0
2045,국립나주병원,국립나주병원,http://www.kwacc.or.kr/CertificationSite/WA/2045/Detail?page=40,https://www.najumh.go.kr,EXPIRED,2024-12-20,2025-12-19,40,9,http://www.kwacc.or.kr/CertificationSite/WA/List?page=40,c9455765a163cb0d821751399eacf9f82f6d03dd798d23a376ea1ca7f5bd2ac7,2026-08-26T03:25:11.235096+00:00,0,0
2094,농식품올바로,농촌진흥청 국립농업과학원,http://www.kwacc.or.kr/CertificationSite/WA/2094/Detail?page=40,https://koreanfood.rda.go.kr,EXPIRED,2024-12-19,2025-12-18,40,10,http://www.kwacc.or.kr/CertificationSite/WA/List?page=40,c9455765a163cb0d821751399eacf9f82f6d03dd798d23a376ea1ca7f5bd2ac7,2026-08-26T03:25:11.235096+00:00,0,0
2064,KsureOn,한국무역보험공사,http://www.kwacc.or.kr/CertificationSite/WA/2064/Detail?page=41,https://on.ksure.or.kr,EXPIRED,2024-12-18,2025-12-17,41,1,http://www.kwacc.or.kr/CertificationSite/WA/List?page=41,015ba956dff605904e51173c3e30ddc113a7ad076c6c0e3fc4b9caa0454a992e,2026-08-26T03:25:12.025061+00:00,0,0
2049,헬스맵,국립중앙의료원,http://www.kwacc.or.kr/CertificationSite/WA/2049/Detail?page=41,https://www.healthmap.or.kr,EXPIRED,2024-12-18,2025-12-17,41,2,http://www.kwacc.or.kr/CertificationSite/WA/List?page=41,015ba956dff605904e51173c3e30ddc113a7ad076c6c0e3fc4b9caa0454a992e,2026-08-26T03:25:12.025061+00:00,0,0
2055,한국철도공사 기업홍보,한국철도공사,http://www.kwacc.or.kr/CertificationSite/WA/2055/Detail?page=41,https://info.korail.com,EXPIRED,2024-12-15,2025-12-14,41,3,http://www.kwacc.or.kr/CertificationSite/WA/List?page=41,015ba956dff605904e51173c3e30ddc113a7ad076c6c0e3fc4b9caa0454a992e,2026-08-26T03:25:12.025061+00:00,0,0
2063,한국생명존중희망재단,한국생명존중희망재단,http://www.kwacc.or.kr/CertificationSite/WA/2063/Detail?page=41,https://www.kfsp.or.kr,EXPIRED,2024-12-13,2025-12-12,41,4,http://www.kwacc.or.kr/CertificationSite/WA/List?page=41,015ba956dff605904e51173c3e30ddc113a7ad076c6c0e3fc4b9caa0454a992e,2026-08-26T03:25:12.025061+00:00,0,0
2058,실시간식품정보확인서비스(개발자포털),식품의약품안전처,http://www.kwacc.or.kr/CertificationSite/WA/2058/Detail?page=41,https://foodqr.kr,EXPIRED,2024-12-13,2025-12-12,41,5,http://www.kwacc.or.kr/CertificationSite/WA/List?page=41,015ba956dff605904e51173c3e30ddc113a7ad076c6c0e3fc4b9caa0454a992e,2026-08-26T03:25:12.025061+00:00,0,0
2057,실시간식품정보확인서비스(대국민용),식품의약품안전처,http://www.kwacc.or.kr/CertificationSite/WA/2057/Detail?page=41,https://portal.foodqr.kr,EXPIRED,2024-12-13,2025-12-12,41,6,http://www.kwacc.or.kr/CertificationSite/WA/List?page=41,015ba956dff605904e51173c3e30ddc113a7ad076c6c0e3fc4b9caa0454a992e,2026-08-26T03:25:12.025061+00:00,0,0
2030,보건복지부 대표,보건복지부,http://www.kwacc.or.kr/CertificationSite/WA/2030/Detail?page=41,https://www.mohw.go.kr,EXPIRED,2024-12-13,2025-12-12,41,7,http://www.kwacc.or.kr/CertificationSite/WA/List?page=41,015ba956dff605904e51173c3e30ddc113a7ad076c6c0e3fc4b9caa0454a992e,2026-08-26T03:25:12.025061+00:00,0,0
2091,사회보험통합징수포털,국민건강보험공단,http://www.kwacc.or.kr/CertificationSite/WA/2091/Detail?page=41,https://si4n.nhis.or.kr,EXPIRED,2024-12-12,2025-12-11,41,8,http://www.kwacc.or.kr/CertificationSite/WA/List?page=41,015ba956dff605904e51173c3e30ddc113a7ad076c6c0e3fc4b9caa0454a992e,2026-08-26T03:25:12.025061+00:00,0,0
2069,국립정신건강센터 정신건강연구소,국립정신건강센터,http://www.kwacc.or.kr/CertificationSite/WA/2069/Detail?page=41,http://ncmh.go.kr/research/main.do,EXPIRED,2024-12-22,2025-12-21,41,9,http://www.kwacc.or.kr/CertificationSite/WA/List?page=41,015ba956dff605904e51173c3e30ddc113a7ad076c6c0e3fc4b9caa0454a992e,2026-08-26T03:25:12.025061+00:00,0,0
2065,주택관리공단,주택관리공단(주),http://www.kwacc.or.kr/CertificationSite/WA/2065/Detail?page=41,https://www.kohom.or.kr,EXPIRED,2024-12-12,2025-12-11,41,10,http://www.kwacc.or.kr/CertificationSite/WA/List?page=41,015ba956dff605904e51173c3e30ddc113a7ad076c6c0e3fc4b9caa0454a992e,2026-08-26T03:25:12.025061+00:00,0,0
2048,안양도시공사,안양도시공사,http://www.kwacc.or.kr/CertificationSite/WA/2048/Detail?page=42,https://www.auc.or.kr,EXPIRED,2024-12-10,2025-12-09,42,1,http://www.kwacc.or.kr/CertificationSite/WA/List?page=42,06894946168f1e4f416e1ca33d4ba4be697117870fef362717b84ae6dfda5aa4,2026-08-26T03:25:12.812871+00:00,0,0
2047,국립보건연구원,국립보건연구원,http://www.kwacc.or.kr/CertificationSite/WA/2047/Detail?page=42,https://nih.go.kr,EXPIRED,2024-12-10,2025-12-09,42,2,http://www.kwacc.or.kr/CertificationSite/WA/List?page=42,06894946168f1e4f416e1ca33d4ba4be697117870fef362717b84ae6dfda5aa4,2026-08-26T03:25:12.812871+00:00,0,0
2093,안마사랑 ULTRA 2.0,주식회사 엠브이아이,http://www.kwacc.or.kr/CertificationSite/WA/2093/Detail?page=42,https://www.mvi-erp.com,EXPIRED,2024-12-08,2025-12-07,42,3,http://www.kwacc.or.kr/CertificationSite/WA/List?page=42,06894946168f1e4f416e1ca33d4ba4be697117870fef362717b84ae6dfda5aa4,2026-08-26T03:25:12.812871+00:00,0,0
2035,보육포털서비스,서울특별시,http://www.kwacc.or.kr/CertificationSite/WA/2035/Detail?page=42,https://iseoul.seoul.go.kr,EXPIRED,2024-12-07,2025-12-06,42,4,http://www.kwacc.or.kr/CertificationSite/WA/List?page=42,06894946168f1e4f416e1ca33d4ba4be697117870fef362717b84ae6dfda5aa4,2026-08-26T03:25:12.812871+00:00,0,0
2032,아리수 홍보관,서울특별시 서울아리수본부,http://www.kwacc.or.kr/CertificationSite/WA/2032/Detail?page=42,https://e-arisu.seoul.go.kr,EXPIRED,2024-12-04,2025-12-03,42,5,http://www.kwacc.or.kr/CertificationSite/WA/List?page=42,06894946168f1e4f416e1ca33d4ba4be697117870fef362717b84ae6dfda5aa4,2026-08-26T03:25:12.812871+00:00,0,0
2043,국립춘천병원,국립춘천병원,http://www.kwacc.or.kr/CertificationSite/WA/2043/Detail?page=42,https://www.cnmh.go.kr,EXPIRED,2024-12-03,2025-12-02,42,6,http://www.kwacc.or.kr/CertificationSite/WA/List?page=42,06894946168f1e4f416e1ca33d4ba4be697117870fef362717b84ae6dfda5aa4,2026-08-26T03:25:12.812871+00:00,0,0
2041,경기도장애인복지종합지원센터 누림,경기도장애인복지종합지원센터,http://www.kwacc.or.kr/CertificationSite/WA/2041/Detail?page=42,https://www.ggnurim.or.kr,EXPIRED,2024-12-03,2025-12-02,42,7,http://www.kwacc.or.kr/CertificationSite/WA/List?page=42,06894946168f1e4f416e1ca33d4ba4be697117870fef362717b84ae6dfda5aa4,2026-08-26T03:25:12.812871+00:00,0,0
2090,장애인e배움터,한국저작권위원회,http://www.kwacc.or.kr/CertificationSite/WA/2090/Detail?page=42,https://edu-copyright.or.kr/dsprUser/main/main.do,EXPIRED,2024-12-01,2025-11-30,42,8,http://www.kwacc.or.kr/CertificationSite/WA/List?page=42,06894946168f1e4f416e1ca33d4ba4be697117870fef362717b84ae6dfda5aa4,2026-08-26T03:25:12.812871+00:00,0,0
2034,서울바이오허브,한국보건산업진흥원,http://www.kwacc.or.kr/CertificationSite/WA/2034/Detail?page=42,https://www.seoulbiohub.kr,EXPIRED,2024-11-30,2025-11-29,42,9,http://www.kwacc.or.kr/CertificationSite/WA/List?page=42,06894946168f1e4f416e1ca33d4ba4be697117870fef362717b84ae6dfda5aa4,2026-08-26T03:25:12.812871+00:00,0,0
2033,전남소방본부,전라남도소방본부,http://www.kwacc.or.kr/CertificationSite/WA/2033/Detail?page=42,https://www.jnsobang.go.kr,EXPIRED,2024-11-30,2025-11-29,42,10,http://www.kwacc.or.kr/CertificationSite/WA/List?page=42,06894946168f1e4f416e1ca33d4ba4be697117870fef362717b84ae6dfda5aa4,2026-08-26T03:25:12.812871+00:00,0,0
2039,서울시 S-APT 문서공개시스템,서울특별시,http://www.kwacc.or.kr/CertificationSite/WA/2039/Detail?page=43,https://s-apt.seoul.go.kr,EXPIRED,2024-11-29,2025-11-28,43,1,http://www.kwacc.or.kr/CertificationSite/WA/List?page=43,b475fba16209196ecf9f5f2b5714dd12bed760663d0d1bda9ce1dc56e1f62f65,2026-08-26T03:25:13.609664+00:00,0,0
2037,고향사랑e음,한국지역정보개발원,http://www.kwacc.or.kr/CertificationSite/WA/2037/Detail?page=43,https://ilovegohyang.go.kr/,EXPIRED,2024-11-28,2025-11-27,43,2,http://www.kwacc.or.kr/CertificationSite/WA/List?page=43,b475fba16209196ecf9f5f2b5714dd12bed760663d0d1bda9ce1dc56e1f62f65,2026-08-26T03:25:13.609664+00:00,0,0
2036,PIMAC 평가관리시스템,한국개발연구원,http://www.kwacc.or.kr/CertificationSite/WA/2036/Detail?page=43,https://expert.kdi.re.kr,EXPIRED,2024-11-27,2025-11-26,43,3,http://www.kwacc.or.kr/CertificationSite/WA/List?page=43,b475fba16209196ecf9f5f2b5714dd12bed760663d0d1bda9ce1dc56e1f62f65,2026-08-26T03:25:13.609664+00:00,0,0
2025,의왕도시공사 대표,의왕도시공사,http://www.kwacc.or.kr/CertificationSite/WA/2025/Detail?page=43,https://www.uuc.or.kr,EXPIRED,2024-11-27,2025-11-26,43,4,http://www.kwacc.or.kr/CertificationSite/WA/List?page=43,b475fba16209196ecf9f5f2b5714dd12bed760663d0d1bda9ce1dc56e1f62f65,2026-08-26T03:25:13.609664+00:00,0,0
2029,무안군청,무안군청,http://www.kwacc.or.kr/CertificationSite/WA/2029/Detail?page=43,https://www.muan.go.kr,EXPIRED,2024-11-26,2025-11-25,43,5,http://www.kwacc.or.kr/CertificationSite/WA/List?page=43,b475fba16209196ecf9f5f2b5714dd12bed760663d0d1bda9ce1dc56e1f62f65,2026-08-26T03:25:13.609664+00:00,0,0
2031,국가유산채널,국가유산진흥원,http://www.kwacc.or.kr/CertificationSite/WA/2031/Detail?page=43,https://www.k-heritage.tv,EXPIRED,2024-11-21,2025-11-20,43,6,http://www.kwacc.or.kr/CertificationSite/WA/List?page=43,b475fba16209196ecf9f5f2b5714dd12bed760663d0d1bda9ce1dc56e1f62f65,2026-08-26T03:25:13.609664+00:00,0,0
2024,국가기록포털,국가기록원,http://www.kwacc.or.kr/CertificationSite/WA/2024/Detail?page=43,https://www.archives.go.kr,EXPIRED,2024-11-18,2025-11-17,43,7,http://www.kwacc.or.kr/CertificationSite/WA/List?page=43,b475fba16209196ecf9f5f2b5714dd12bed760663d0d1bda9ce1dc56e1f62f65,2026-08-26T03:25:13.609664+00:00,0,0
2038,서울시립교향악단,재단법인 서울시립교향악단,http://www.kwacc.or.kr/CertificationSite/WA/2038/Detail?page=43,https://www.seoulphil.or.kr,EXPIRED,2024-11-17,2025-11-16,43,8,http://www.kwacc.or.kr/CertificationSite/WA/List?page=43,b475fba16209196ecf9f5f2b5714dd12bed760663d0d1bda9ce1dc56e1f62f65,2026-08-26T03:25:13.609664+00:00,0,0
2014,서울아리수본부 대표,서울특별시 서울아리수본부,http://www.kwacc.or.kr/CertificationSite/WA/2014/Detail?page=43,https://arisu.seoul.go.kr,EXPIRED,2024-11-17,2025-11-16,43,9,http://www.kwacc.or.kr/CertificationSite/WA/List?page=43,b475fba16209196ecf9f5f2b5714dd12bed760663d0d1bda9ce1dc56e1f62f65,2026-08-26T03:25:13.609664+00:00,0,0
2019,수원도시공사,수원도시공사,http://www.kwacc.or.kr/CertificationSite/WA/2019/Detail?page=43,https://www.suwonudc.co.kr,EXPIRED,2024-11-15,2025-11-14,43,10,http://www.kwacc.or.kr/CertificationSite/WA/List?page=43,b475fba16209196ecf9f5f2b5714dd12bed760663d0d1bda9ce1dc56e1f62f65,2026-08-26T03:25:13.609664+00:00,0,0
2028,한전산업개발(국문),한전산업개발(주),http://www.kwacc.or.kr/CertificationSite/WA/2028/Detail?page=44,http://www.kepid.co.kr,EXPIRED,2024-11-08,2025-11-07,44,1,http://www.kwacc.or.kr/CertificationSite/WA/List?page=44,0356229cf0394075b04b8b2da32bbe268aa9888f2c39b48235a2f45f8802fb5c,2026-08-26T03:25:14.396006+00:00,0,0
2089,한국남부발전 대표(영문),한국남부발전주식회사,http://www.kwacc.or.kr/CertificationSite/WA/2089/Detail?page=44,https://www.kospo.co.kr/sites/kospoeng,EXPIRED,2024-11-06,2025-11-05,44,2,http://www.kwacc.or.kr/CertificationSite/WA/List?page=44,0356229cf0394075b04b8b2da32bbe268aa9888f2c39b48235a2f45f8802fb5c,2026-08-26T03:25:14.396006+00:00,0,0
2042,용인문화재단,용인문화재단,http://www.kwacc.or.kr/CertificationSite/WA/2042/Detail?page=44,https://www.yicf.or.kr,EXPIRED,2024-11-03,2025-11-02,44,3,http://www.kwacc.or.kr/CertificationSite/WA/List?page=44,0356229cf0394075b04b8b2da32bbe268aa9888f2c39b48235a2f45f8802fb5c,2026-08-26T03:25:14.396006+00:00,0,0
2005,기초연금,보건복지부,http://www.kwacc.or.kr/CertificationSite/WA/2005/Detail?page=44,http://basicpension.mohw.go.kr,EXPIRED,2024-11-02,2025-11-01,44,4,http://www.kwacc.or.kr/CertificationSite/WA/List?page=44,0356229cf0394075b04b8b2da32bbe268aa9888f2c39b48235a2f45f8802fb5c,2026-08-26T03:25:14.396006+00:00,0,0
2040,이노비즈넷,(사)중소기업기술혁신협회,http://www.kwacc.or.kr/CertificationSite/WA/2040/Detail?page=44,https://www.innobiz.net,EXPIRED,2024-11-01,2025-10-31,44,5,http://www.kwacc.or.kr/CertificationSite/WA/List?page=44,0356229cf0394075b04b8b2da32bbe268aa9888f2c39b48235a2f45f8802fb5c,2026-08-26T03:25:14.396006+00:00,0,0
2003,지방공공기관 경영정보공개시스템(클린아이),행정안전부,http://www.kwacc.or.kr/CertificationSite/WA/2003/Detail?page=44,https://www.cleaneye.go.kr,EXPIRED,2024-11-01,2025-10-31,44,6,http://www.kwacc.or.kr/CertificationSite/WA/List?page=44,0356229cf0394075b04b8b2da32bbe268aa9888f2c39b48235a2f45f8802fb5c,2026-08-26T03:25:14.396006+00:00,0,0
2088,한국남부발전 대표(국문),한국남부발전주식회사,http://www.kwacc.or.kr/CertificationSite/WA/2088/Detail?page=44,https://www.kospo.co.kr,EXPIRED,2024-10-30,2025-10-29,44,7,http://www.kwacc.or.kr/CertificationSite/WA/List?page=44,0356229cf0394075b04b8b2da32bbe268aa9888f2c39b48235a2f45f8802fb5c,2026-08-26T03:25:14.396006+00:00,0,0
2018,푸본현대생명 모바일웹,푸본현대생명보험 주식회사,http://www.kwacc.or.kr/CertificationSite/WA/2018/Detail?page=44,https://www.fubonhyundai.com,EXPIRED,2024-10-27,2025-10-26,44,8,http://www.kwacc.or.kr/CertificationSite/WA/List?page=44,0356229cf0394075b04b8b2da32bbe268aa9888f2c39b48235a2f45f8802fb5c,2026-08-26T03:25:14.396006+00:00,0,0
2017,푸본현대생명,푸본현대생명보험 주식회사,http://www.kwacc.or.kr/CertificationSite/WA/2017/Detail?page=44,https://www.fubonhyundai.com,EXPIRED,2024-10-27,2025-10-26,44,9,http://www.kwacc.or.kr/CertificationSite/WA/List?page=44,0356229cf0394075b04b8b2da32bbe268aa9888f2c39b48235a2f45f8802fb5c,2026-08-26T03:25:14.396006+00:00,0,0
2046,에코뱅크,국립생태원,http://www.kwacc.or.kr/CertificationSite/WA/2046/Detail?page=44,https://www.nie-ecobank.kr,EXPIRED,2024-10-26,2025-10-25,44,10,http://www.kwacc.or.kr/CertificationSite/WA/List?page=44,0356229cf0394075b04b8b2da32bbe268aa9888f2c39b48235a2f45f8802fb5c,2026-08-26T03:25:14.396006+00:00,0,0
2010,서울시(다국어),서울시청,http://www.kwacc.or.kr/CertificationSite/WA/2010/Detail?page=45,https://world.seoul.go.kr,EXPIRED,2024-10-26,2025-10-25,45,1,http://www.kwacc.or.kr/CertificationSite/WA/List?page=45,8676cb47996bca92b9dfd418dd20788e91919959509a491dc60e3828dd6ba311,2026-08-26T03:25:15.176584+00:00,0,0
2009,서울시(일어),서울시청,http://www.kwacc.or.kr/CertificationSite/WA/2009/Detail?page=45,https://japanese.seoul.go.kr,EXPIRED,2024-10-26,2025-10-25,45,2,http://www.kwacc.or.kr/CertificationSite/WA/List?page=45,8676cb47996bca92b9dfd418dd20788e91919959509a491dc60e3828dd6ba311,2026-08-26T03:25:15.176584+00:00,0,0
2008,서울시(중국어-번체),서울시청,http://www.kwacc.or.kr/CertificationSite/WA/2008/Detail?page=45,https://tchinese.seoul.go.kr,EXPIRED,2024-10-26,2025-10-25,45,3,http://www.kwacc.or.kr/CertificationSite/WA/List?page=45,8676cb47996bca92b9dfd418dd20788e91919959509a491dc60e3828dd6ba311,2026-08-26T03:25:15.176584+00:00,0,0
2007,서울시(중국어-간체),서울시청,http://www.kwacc.or.kr/CertificationSite/WA/2007/Detail?page=45,https://chinese.seoul.go.kr,EXPIRED,2024-10-26,2025-10-25,45,4,http://www.kwacc.or.kr/CertificationSite/WA/List?page=45,8676cb47996bca92b9dfd418dd20788e91919959509a491dc60e3828dd6ba311,2026-08-26T03:25:15.176584+00:00,0,0
2006,서울시(영어),서울시청,http://www.kwacc.or.kr/CertificationSite/WA/2006/Detail?page=45,https://english.seoul.go.kr,EXPIRED,2024-10-26,2025-10-25,45,5,http://www.kwacc.or.kr/CertificationSite/WA/List?page=45,8676cb47996bca92b9dfd418dd20788e91919959509a491dc60e3828dd6ba311,2026-08-26T03:25:15.176584+00:00,0,0
2002,문화체육관광부 i-나루,문화체육관광부,http://www.kwacc.or.kr/CertificationSite/WA/2002/Detail?page=45,https://inaru.mcst.go.kr,EXPIRED,2024-10-23,2025-10-22,45,6,http://www.kwacc.or.kr/CertificationSite/WA/List?page=45,8676cb47996bca92b9dfd418dd20788e91919959509a491dc60e3828dd6ba311,2026-08-26T03:25:15.176584+00:00,0,0
2004,서울런,서울특별시,http://www.kwacc.or.kr/CertificationSite/WA/2004/Detail?page=45,https://slearn.seoul.go.kr,EXPIRED,2024-10-21,2025-10-20,45,7,http://www.kwacc.or.kr/CertificationSite/WA/List?page=45,8676cb47996bca92b9dfd418dd20788e91919959509a491dc60e3828dd6ba311,2026-08-26T03:25:15.176584+00:00,0,0
2015,인사혁신처 대표,인사혁신처,http://www.kwacc.or.kr/CertificationSite/WA/2015/Detail?page=45,https://www.mpm.go.kr,EXPIRED,2024-10-19,2025-10-18,45,8,http://www.kwacc.or.kr/CertificationSite/WA/List?page=45,8676cb47996bca92b9dfd418dd20788e91919959509a491dc60e3828dd6ba311,2026-08-26T03:25:15.176584+00:00,0,0
2001,오송생명과학단지지원센터,오송생명과학단지지원센터,http://www.kwacc.or.kr/CertificationSite/WA/2001/Detail?page=45,https://osong.mohw.go.kr,EXPIRED,2024-10-18,2025-10-17,45,9,http://www.kwacc.or.kr/CertificationSite/WA/List?page=45,8676cb47996bca92b9dfd418dd20788e91919959509a491dc60e3828dd6ba311,2026-08-26T03:25:15.176584+00:00,0,0
2000,원격영상진로멘토링,한국청년기업가정신재단,http://www.kwacc.or.kr/CertificationSite/WA/2000/Detail?page=45,https://mentoring.career.go.kr,EXPIRED,2024-10-13,2025-10-12,45,10,http://www.kwacc.or.kr/CertificationSite/WA/List?page=45,8676cb47996bca92b9dfd418dd20788e91919959509a491dc60e3828dd6ba311,2026-08-26T03:25:15.176584+00:00,0,0
1998,건강정보고속도로 포털,보건복지부,http://www.kwacc.or.kr/CertificationSite/WA/1998/Detail?page=46,https://www.myhealthway.go.kr/portal,EXPIRED,2024-10-10,2025-10-09,46,1,http://www.kwacc.or.kr/CertificationSite/WA/List?page=46,ea7c1f40b8f6266923fdf44ab25cfccbf78d620a38d3cf3c9d358f899f38cbab,2026-08-26T03:25:15.968242+00:00,0,0
1996,현대HDS,현대에이치디에스(주),http://www.kwacc.or.kr/CertificationSite/WA/1996/Detail?page=46,https://www.hyundaihds.com,EXPIRED,2024-10-10,2025-10-09,46,2,http://www.kwacc.or.kr/CertificationSite/WA/List?page=46,ea7c1f40b8f6266923fdf44ab25cfccbf78d620a38d3cf3c9d358f899f38cbab,2026-08-26T03:25:15.968242+00:00,0,0
1992,국립재활원 장애인건강검진센터,국립재활원,http://www.kwacc.or.kr/CertificationSite/WA/1992/Detail?page=46,http://www.nrc.go.kr/checkup/main.do,EXPIRED,2024-10-07,2025-10-06,46,3,http://www.kwacc.or.kr/CertificationSite/WA/List?page=46,ea7c1f40b8f6266923fdf44ab25cfccbf78d620a38d3cf3c9d358f899f38cbab,2026-08-26T03:25:15.968242+00:00,0,0
1991,국립장기조직혈액관리원,국립장기조직혈액관리원,http://www.kwacc.or.kr/CertificationSite/WA/1991/Detail?page=46,https://www.konos.go.kr,EXPIRED,2024-10-07,2025-10-06,46,4,http://www.kwacc.or.kr/CertificationSite/WA/List?page=46,ea7c1f40b8f6266923fdf44ab25cfccbf78d620a38d3cf3c9d358f899f38cbab,2026-08-26T03:25:15.968242+00:00,0,0
1985,방송문화진흥회,방송문화진흥회,http://www.kwacc.or.kr/CertificationSite/WA/1985/Detail?page=46,https://www.fbc.or.kr,EXPIRED,2024-10-04,2025-10-03,46,5,http://www.kwacc.or.kr/CertificationSite/WA/List?page=46,ea7c1f40b8f6266923fdf44ab25cfccbf78d620a38d3cf3c9d358f899f38cbab,2026-08-26T03:25:15.968242+00:00,0,0
2011,한국서부발전 대표,한국서부발전주식회사,http://www.kwacc.or.kr/CertificationSite/WA/2011/Detail?page=46,https://www.iwest.co.kr,EXPIRED,2024-09-25,2025-09-24,46,6,http://www.kwacc.or.kr/CertificationSite/WA/List?page=46,ea7c1f40b8f6266923fdf44ab25cfccbf78d620a38d3cf3c9d358f899f38cbab,2026-08-26T03:25:15.968242+00:00,0,0
1988,울산광역시중구의회 인터넷방송,울산광역시중구의회,http://www.kwacc.or.kr/CertificationSite/WA/1988/Detail?page=46,https://council.junggu.ulsan.kr/broadcast,EXPIRED,2024-09-23,2025-09-22,46,7,http://www.kwacc.or.kr/CertificationSite/WA/List?page=46,ea7c1f40b8f6266923fdf44ab25cfccbf78d620a38d3cf3c9d358f899f38cbab,2026-08-26T03:25:15.968242+00:00,0,0
1987,울산광역시중구의회,울산광역시중구의회,http://www.kwacc.or.kr/CertificationSite/WA/1987/Detail?page=46,https://council.junggu.ulsan.kr,EXPIRED,2024-09-23,2025-09-22,46,8,http://www.kwacc.or.kr/CertificationSite/WA/List?page=46,ea7c1f40b8f6266923fdf44ab25cfccbf78d620a38d3cf3c9d358f899f38cbab,2026-08-26T03:25:15.968242+00:00,0,0
1984,보건복지부 의사자추모관,보건복지부,http://www.kwacc.or.kr/CertificationSite/WA/1984/Detail?page=46,https://www.mohw.go.kr/memorial,EXPIRED,2024-09-21,2025-09-20,46,9,http://www.kwacc.or.kr/CertificationSite/WA/List?page=46,ea7c1f40b8f6266923fdf44ab25cfccbf78d620a38d3cf3c9d358f899f38cbab,2026-08-26T03:25:15.968242+00:00,0,0
1983,서울일자리포털,서울특별시청,http://www.kwacc.or.kr/CertificationSite/WA/1983/Detail?page=46,https://job.seoul.go.kr,EXPIRED,2024-09-19,2025-09-18,46,10,http://www.kwacc.or.kr/CertificationSite/WA/List?page=46,ea7c1f40b8f6266923fdf44ab25cfccbf78d620a38d3cf3c9d358f899f38cbab,2026-08-26T03:25:15.968242+00:00,0,0
1979,디지털 서울문화예술대학교 학사관리시스템,디지털 서울문화예술대학교 학사관리시스템,http://www.kwacc.or.kr/CertificationSite/WA/1979/Detail?page=47,https://edu.scau.ac.kr,EXPIRED,2024-09-16,2025-09-15,47,1,http://www.kwacc.or.kr/CertificationSite/WA/List?page=47,9a4ed83a4c1c25b7963d869cfced8ddafb431682007da99391a4e05bdaa62c2d,2026-08-26T03:25:16.755336+00:00,0,0
1981,서울대중교통,서울특별시,http://www.kwacc.or.kr/CertificationSite/WA/1981/Detail?page=47,https://bus.go.kr,EXPIRED,2024-09-15,2025-09-14,47,2,http://www.kwacc.or.kr/CertificationSite/WA/List?page=47,9a4ed83a4c1c25b7963d869cfced8ddafb431682007da99391a4e05bdaa62c2d,2026-08-26T03:25:16.755336+00:00,0,0
1997,식품의약품안전평가원,식품의약품안전평가원,http://www.kwacc.or.kr/CertificationSite/WA/1997/Detail?page=47,https://www.nifds.go.kr,EXPIRED,2024-09-14,2025-09-13,47,3,http://www.kwacc.or.kr/CertificationSite/WA/List?page=47,9a4ed83a4c1c25b7963d869cfced8ddafb431682007da99391a4e05bdaa62c2d,2026-08-26T03:25:16.755336+00:00,0,0
1999,복지로,한국사회보장정보원,http://www.kwacc.or.kr/CertificationSite/WA/1999/Detail?page=47,https://www.bokjiro.go.kr,EXPIRED,2024-09-13,2025-09-12,47,4,http://www.kwacc.or.kr/CertificationSite/WA/List?page=47,9a4ed83a4c1c25b7963d869cfced8ddafb431682007da99391a4e05bdaa62c2d,2026-08-26T03:25:16.755336+00:00,0,0
1986,서울아리수본부 영문,서울특별시 서울아리수본부,http://www.kwacc.or.kr/CertificationSite/WA/1986/Detail?page=47,https://arisu.seoul.go.kr/sudo_eng,EXPIRED,2024-09-13,2025-09-12,47,5,http://www.kwacc.or.kr/CertificationSite/WA/List?page=47,9a4ed83a4c1c25b7963d869cfced8ddafb431682007da99391a4e05bdaa62c2d,2026-08-26T03:25:16.755336+00:00,0,0
1982,삼성전자승마단,삼성전자(주),http://www.kwacc.or.kr/CertificationSite/WA/1982/Detail?page=47,https://horse.samsung.com/,EXPIRED,2024-09-12,2025-09-11,47,6,http://www.kwacc.or.kr/CertificationSite/WA/List?page=47,9a4ed83a4c1c25b7963d869cfced8ddafb431682007da99391a4e05bdaa62c2d,2026-08-26T03:25:16.755336+00:00,0,0
1978,디지털 서울문화예술대학교 입학지원센터,디지털 서울문화예술대학교,http://www.kwacc.or.kr/CertificationSite/WA/1978/Detail?page=47,https://ipsi.scau.ac.kr/Default.aspx,EXPIRED,2024-09-11,2025-09-10,47,7,http://www.kwacc.or.kr/CertificationSite/WA/List?page=47,9a4ed83a4c1c25b7963d869cfced8ddafb431682007da99391a4e05bdaa62c2d,2026-08-26T03:25:16.755336+00:00,0,0
1977,디지털 서울문화예술대학교,디지털 서울문화예술대학교,http://www.kwacc.or.kr/CertificationSite/WA/1977/Detail?page=47,https://www.scau.ac.kr/Default.aspx,EXPIRED,2024-09-11,2025-09-10,47,8,http://www.kwacc.or.kr/CertificationSite/WA/List?page=47,9a4ed83a4c1c25b7963d869cfced8ddafb431682007da99391a4e05bdaa62c2d,2026-08-26T03:25:16.755336+00:00,0,0
1980,규제정보포털,국무조정실,http://www.kwacc.or.kr/CertificationSite/WA/1980/Detail?page=47,https://www.better.go.kr/,EXPIRED,2024-09-06,2025-09-05,47,9,http://www.kwacc.or.kr/CertificationSite/WA/List?page=47,9a4ed83a4c1c25b7963d869cfced8ddafb431682007da99391a4e05bdaa62c2d,2026-08-26T03:25:16.755336+00:00,0,0
1972,한국농어촌공사,한국농어촌공사,http://www.kwacc.or.kr/CertificationSite/WA/1972/Detail?page=47,https://www.ekr.or.kr,EXPIRED,2024-09-05,2025-09-04,47,10,http://www.kwacc.or.kr/CertificationSite/WA/List?page=47,9a4ed83a4c1c25b7963d869cfced8ddafb431682007da99391a4e05bdaa62c2d,2026-08-26T03:25:16.755336+00:00,0,0
1989,청소년기업가체험프로그램,한국청년기업가정신재단,http://www.kwacc.or.kr/CertificationSite/WA/1989/Detail?page=48,https://yeep.go.kr,EXPIRED,2024-09-03,2025-09-02,48,1,http://www.kwacc.or.kr/CertificationSite/WA/List?page=48,e71080a6a3340f2f84bbf802b4167a8dc126f6f1ff7fe0de9bb28cfd2f0dccc0,2026-08-26T03:25:17.541473+00:00,0,0
1971,주식회사 E1,주식회사 E1,http://www.kwacc.or.kr/CertificationSite/WA/1971/Detail?page=48,https://www.e1.co.kr,EXPIRED,2024-09-01,2025-08-31,48,2,http://www.kwacc.or.kr/CertificationSite/WA/List?page=48,e71080a6a3340f2f84bbf802b4167a8dc126f6f1ff7fe0de9bb28cfd2f0dccc0,2026-08-26T03:25:17.541473+00:00,0,0
1974,국립망향의동산,국립망향의동산관리원,http://www.kwacc.or.kr/CertificationSite/WA/1974/Detail?page=48,http://www.nmhc.go.kr,EXPIRED,2024-08-27,2025-08-26,48,3,http://www.kwacc.or.kr/CertificationSite/WA/List?page=48,e71080a6a3340f2f84bbf802b4167a8dc126f6f1ff7fe0de9bb28cfd2f0dccc0,2026-08-26T03:25:17.541473+00:00,0,0
1970,여수시청,여수시청,http://www.kwacc.or.kr/CertificationSite/WA/1970/Detail?page=48,https://www.yeosu.go.kr/www,EXPIRED,2024-08-27,2025-08-26,48,4,http://www.kwacc.or.kr/CertificationSite/WA/List?page=48,e71080a6a3340f2f84bbf802b4167a8dc126f6f1ff7fe0de9bb28cfd2f0dccc0,2026-08-26T03:25:17.541473+00:00,0,0
1990,커리어넷,한국직업능력연구원,http://www.kwacc.or.kr/CertificationSite/WA/1990/Detail?page=48,https://www.career.go.kr,EXPIRED,2024-08-24,2025-08-23,48,5,http://www.kwacc.or.kr/CertificationSite/WA/List?page=48,e71080a6a3340f2f84bbf802b4167a8dc126f6f1ff7fe0de9bb28cfd2f0dccc0,2026-08-26T03:25:17.541473+00:00,0,0
1994,한국전력공사(모바일웹),한국전력공사,http://www.kwacc.or.kr/CertificationSite/WA/1994/Detail?page=48,https://home.kepco.co.kr,EXPIRED,2024-08-17,2025-08-16,48,6,http://www.kwacc.or.kr/CertificationSite/WA/List?page=48,e71080a6a3340f2f84bbf802b4167a8dc126f6f1ff7fe0de9bb28cfd2f0dccc0,2026-08-26T03:25:17.541473+00:00,0,0
1993,한국전력공사 대표,한국전력공사,http://www.kwacc.or.kr/CertificationSite/WA/1993/Detail?page=48,https://home.kepco.co.kr,EXPIRED,2024-08-17,2025-08-16,48,7,http://www.kwacc.or.kr/CertificationSite/WA/List?page=48,e71080a6a3340f2f84bbf802b4167a8dc126f6f1ff7fe0de9bb28cfd2f0dccc0,2026-08-26T03:25:17.541473+00:00,0,0
1969,부천문화재단,부천문화재단,http://www.kwacc.or.kr/CertificationSite/WA/1969/Detail?page=48,https://bcf.or.kr,EXPIRED,2024-08-13,2025-08-12,48,8,http://www.kwacc.or.kr/CertificationSite/WA/List?page=48,e71080a6a3340f2f84bbf802b4167a8dc126f6f1ff7fe0de9bb28cfd2f0dccc0,2026-08-26T03:25:17.541473+00:00,0,0
1967,국가법령정보센터,법제처,http://www.kwacc.or.kr/CertificationSite/WA/1967/Detail?page=48,https://www.law.go.kr/,EXPIRED,2024-08-12,2025-08-11,48,9,http://www.kwacc.or.kr/CertificationSite/WA/List?page=48,e71080a6a3340f2f84bbf802b4167a8dc126f6f1ff7fe0de9bb28cfd2f0dccc0,2026-08-26T03:25:17.541473+00:00,0,0
1995,주차정보안내시스템,서울특별시,http://www.kwacc.or.kr/CertificationSite/WA/1995/Detail?page=48,https://parking.seoul.go.kr,EXPIRED,2024-08-10,2025-08-09,48,10,http://www.kwacc.or.kr/CertificationSite/WA/List?page=48,e71080a6a3340f2f84bbf802b4167a8dc126f6f1ff7fe0de9bb28cfd2f0dccc0,2026-08-26T03:25:17.541473+00:00,0,0
1976,한국식품연구원,한국식품연구원,http://www.kwacc.or.kr/CertificationSite/WA/1976/Detail?page=49,https://www.kfri.re.kr,EXPIRED,2024-08-07,2025-08-06,49,1,http://www.kwacc.or.kr/CertificationSite/WA/List?page=49,b058a74a6d528173af9e9a89ede43d9debabf3569cbfc45e918c44ed0ca4613c,2026-08-26T03:25:18.366462+00:00,0,0
1973,한국식품연구원 전자도서관,한국식품연구원,http://www.kwacc.or.kr/CertificationSite/WA/1973/Detail?page=49,https://elib.kfri.re.kr,EXPIRED,2024-08-07,2025-08-06,49,2,http://www.kwacc.or.kr/CertificationSite/WA/List?page=49,b058a74a6d528173af9e9a89ede43d9debabf3569cbfc45e918c44ed0ca4613c,2026-08-26T03:25:18.366462+00:00,0,0
1968,명지전문대학,명지전문대학,http://www.kwacc.or.kr/CertificationSite/WA/1968/Detail?page=49,https://www.mjc.ac.kr/mjcIndex.do,EXPIRED,2024-08-02,2025-08-01,49,3,http://www.kwacc.or.kr/CertificationSite/WA/List?page=49,b058a74a6d528173af9e9a89ede43d9debabf3569cbfc45e918c44ed0ca4613c,2026-08-26T03:25:18.366462+00:00,0,0
1975,한국지역난방공사 대표,한국지역난방공사,http://www.kwacc.or.kr/CertificationSite/WA/1975/Detail?page=49,https://www.kdhc.co.kr,EXPIRED,2024-07-28,2025-07-27,49,4,http://www.kwacc.or.kr/CertificationSite/WA/List?page=49,b058a74a6d528173af9e9a89ede43d9debabf3569cbfc45e918c44ed0ca4613c,2026-08-26T03:25:18.366462+00:00,0,0
1966,보성군청,보성군청,http://www.kwacc.or.kr/CertificationSite/WA/1966/Detail?page=49,https://www.boseong.go.kr/?main=true,EXPIRED,2024-07-28,2025-07-27,49,5,http://www.kwacc.or.kr/CertificationSite/WA/List?page=49,b058a74a6d528173af9e9a89ede43d9debabf3569cbfc45e918c44ed0ca4613c,2026-08-26T03:25:18.366462+00:00,0,0
1965,성남시상권활성화재단,성남시상권활성화재단,http://www.kwacc.or.kr/CertificationSite/WA/1965/Detail?page=49,https://smr.or.kr/,EXPIRED,2024-07-26,2025-07-25,49,6,http://www.kwacc.or.kr/CertificationSite/WA/List?page=49,b058a74a6d528173af9e9a89ede43d9debabf3569cbfc45e918c44ed0ca4613c,2026-08-26T03:25:18.366462+00:00,0,0
1962,한국중부발전 동반성장오픈플랫폼,한국중부발전 주식회사,http://www.kwacc.or.kr/CertificationSite/WA/1962/Detail?page=49,https://www.komipo.co.kr/KomipoWwg/cmsmain.do,EXPIRED,2024-07-22,2025-07-21,49,7,http://www.kwacc.or.kr/CertificationSite/WA/List?page=49,b058a74a6d528173af9e9a89ede43d9debabf3569cbfc45e918c44ed0ca4613c,2026-08-26T03:25:18.366462+00:00,0,0
1961,한국중부발전(영문),한국중부발전(주),http://www.kwacc.or.kr/CertificationSite/WA/1961/Detail?page=49,https://www.komipo.co.kr/eng/main/main.do,EXPIRED,2024-07-22,2025-07-21,49,8,http://www.kwacc.or.kr/CertificationSite/WA/List?page=49,b058a74a6d528173af9e9a89ede43d9debabf3569cbfc45e918c44ed0ca4613c,2026-08-26T03:25:18.366462+00:00,0,0
1953,영양군청,영양군청,http://www.kwacc.or.kr/CertificationSite/WA/1953/Detail?page=49,https://www.yyg.go.kr/www,EXPIRED,2024-07-21,2025-07-20,49,9,http://www.kwacc.or.kr/CertificationSite/WA/List?page=49,b058a74a6d528173af9e9a89ede43d9debabf3569cbfc45e918c44ed0ca4613c,2026-08-26T03:25:18.366462+00:00,0,0
1956,경북바이오산업연구원,재단법인경북바이오산업연구원,http://www.kwacc.or.kr/CertificationSite/WA/1956/Detail?page=49,https://gib.re.kr,EXPIRED,2024-07-19,2025-07-18,49,10,http://www.kwacc.or.kr/CertificationSite/WA/List?page=49,b058a74a6d528173af9e9a89ede43d9debabf3569cbfc45e918c44ed0ca4613c,2026-08-26T03:25:18.366462+00:00,0,0
1955,시흥시청소년재단 대표,시흥시청소년재단,http://www.kwacc.or.kr/CertificationSite/WA/1955/Detail?page=50,https://www.shyouth.or.kr/base/main/view,EXPIRED,2024-07-17,2025-07-16,50,1,http://www.kwacc.or.kr/CertificationSite/WA/List?page=50,ac0e23fca3e80bfbf33853ce30c36b86ac25a9ba3828820375b11e24daeaa852,2026-08-26T03:25:19.157985+00:00,0,0
1954,공공데이터 품질표준관리 통합시스템,한국지능정보사회진흥원,http://www.kwacc.or.kr/CertificationSite/WA/1954/Detail?page=50,,EXPIRED,2024-07-16,2025-07-15,50,2,http://www.kwacc.or.kr/CertificationSite/WA/List?page=50,ac0e23fca3e80bfbf33853ce30c36b86ac25a9ba3828820375b11e24daeaa852,2026-08-26T03:25:19.157985+00:00,0,0
1952,장흥군청,장흥군청,http://www.kwacc.or.kr/CertificationSite/WA/1952/Detail?page=50,https://www.jangheung.go.kr/www/,EXPIRED,2024-07-15,2025-07-14,50,3,http://www.kwacc.or.kr/CertificationSite/WA/List?page=50,ac0e23fca3e80bfbf33853ce30c36b86ac25a9ba3828820375b11e24daeaa852,2026-08-26T03:25:19.157985+00:00,0,0
1959,공공도서관지원서비스,국립중앙도서관,http://www.kwacc.or.kr/CertificationSite/WA/1959/Detail?page=50,https://books.nl.go.kr,EXPIRED,2024-07-08,2025-07-07,50,4,http://www.kwacc.or.kr/CertificationSite/WA/List?page=50,ac0e23fca3e80bfbf33853ce30c36b86ac25a9ba3828820375b11e24daeaa852,2026-08-26T03:25:19.157985+00:00,0,0
1964,여신금융협회 소비자지원센터,(사)한국여신전문금융업협회,http://www.kwacc.or.kr/CertificationSite/WA/1964/Detail?page=50,https://customer.crefia.or.kr,EXPIRED,2024-07-07,2025-07-06,50,5,http://www.kwacc.or.kr/CertificationSite/WA/List?page=50,ac0e23fca3e80bfbf33853ce30c36b86ac25a9ba3828820375b11e24daeaa852,2026-08-26T03:25:19.157985+00:00,0,0
1963,여신금융협회 대표,(사)한국여신전문금융업협회,http://www.kwacc.or.kr/CertificationSite/WA/1963/Detail?page=50,https://www.crefia.or.kr,EXPIRED,2024-07-07,2025-07-06,50,6,http://www.kwacc.or.kr/CertificationSite/WA/List?page=50,ac0e23fca3e80bfbf33853ce30c36b86ac25a9ba3828820375b11e24daeaa852,2026-08-26T03:25:19.157985+00:00,0,0
1960,안산시 평생비전센터,안산시청,http://www.kwacc.or.kr/CertificationSite/WA/1960/Detail?page=50,https://wm.ansan.go.kr/main.do,EXPIRED,2024-06-30,2025-06-29,50,7,http://www.kwacc.or.kr/CertificationSite/WA/List?page=50,ac0e23fca3e80bfbf33853ce30c36b86ac25a9ba3828820375b11e24daeaa852,2026-08-26T03:25:19.157985+00:00,0,0
1950,해양교육포털,재단법인 한국해양재단,http://www.kwacc.or.kr/CertificationSite/WA/1950/Detail?page=50,https://www.ilovesea.or.kr,EXPIRED,2024-06-28,2025-06-27,50,8,http://www.kwacc.or.kr/CertificationSite/WA/List?page=50,ac0e23fca3e80bfbf33853ce30c36b86ac25a9ba3828820375b11e24daeaa852,2026-08-26T03:25:19.157985+00:00,0,0
1951,농림수산식품교육문화정보원,농림수산식품교육문화정보원,http://www.kwacc.or.kr/CertificationSite/WA/1951/Detail?page=50,https://epis.or.kr,EXPIRED,2024-06-21,2025-06-20,50,9,http://www.kwacc.or.kr/CertificationSite/WA/List?page=50,ac0e23fca3e80bfbf33853ce30c36b86ac25a9ba3828820375b11e24daeaa852,2026-08-26T03:25:19.157985+00:00,0,0
1945,서울안전누리,서울시청,http://www.kwacc.or.kr/CertificationSite/WA/1945/Detail?page=50,https://safecity.seoul.go.kr,EXPIRED,2024-06-19,2025-06-18,50,10,http://www.kwacc.or.kr/CertificationSite/WA/List?page=50,ac0e23fca3e80bfbf33853ce30c36b86ac25a9ba3828820375b11e24daeaa852,2026-08-26T03:25:19.157985+00:00,0,0
1944,서울특별시 도로굴착복구시스템,서울특별시청,http://www.kwacc.or.kr/CertificationSite/WA/1944/Detail?page=51,https://roaddig.seoul.go.kr,EXPIRED,2024-06-19,2025-06-18,51,1,http://www.kwacc.or.kr/CertificationSite/WA/List?page=51,216bdea31fee469f9c6d51d3ea3d48992e6df71d7e7665ba0b85082b7684a486,2026-08-26T03:25:19.931731+00:00,0,0
1940,승강기안전기술원,승강기안전기술원,http://www.kwacc.or.kr/CertificationSite/WA/1940/Detail?page=51,https://esti.koelsa.or.kr,EXPIRED,2024-06-18,2025-06-17,51,2,http://www.kwacc.or.kr/CertificationSite/WA/List?page=51,216bdea31fee469f9c6d51d3ea3d48992e6df71d7e7665ba0b85082b7684a486,2026-08-26T03:25:19.931731+00:00,0,0
1939,한국학사서 글로벌 네트워크,국립중앙도서관,http://www.kwacc.or.kr/CertificationSite/WA/1939/Detail?page=51,https://inkslib.nl.go.kr,EXPIRED,2024-06-15,2025-06-14,51,3,http://www.kwacc.or.kr/CertificationSite/WA/List?page=51,216bdea31fee469f9c6d51d3ea3d48992e6df71d7e7665ba0b85082b7684a486,2026-08-26T03:25:19.931731+00:00,0,0
1936,CHAK 2.0 충남,한국조폐공사,http://www.kwacc.or.kr/CertificationSite/WA/1936/Detail?page=51,https://lopystag.komscochak.com:8200,EXPIRED,2024-06-13,2025-06-12,51,4,http://www.kwacc.or.kr/CertificationSite/WA/List?page=51,216bdea31fee469f9c6d51d3ea3d48992e6df71d7e7665ba0b85082b7684a486,2026-08-26T03:25:19.931731+00:00,0,0
1935,사서지원서비스,국립중앙도서관,http://www.kwacc.or.kr/CertificationSite/WA/1935/Detail?page=51,https://librarian.nl.go.kr,EXPIRED,2024-06-09,2025-06-08,51,5,http://www.kwacc.or.kr/CertificationSite/WA/List?page=51,216bdea31fee469f9c6d51d3ea3d48992e6df71d7e7665ba0b85082b7684a486,2026-08-26T03:25:19.931731+00:00,0,0
1932,사회서비스 전자바우처시스템,한국사회보장정보원,http://www.kwacc.or.kr/CertificationSite/WA/1932/Detail?page=51,https://www.socialservice.or.kr:444,EXPIRED,2024-05-31,2025-05-30,51,6,http://www.kwacc.or.kr/CertificationSite/WA/List?page=51,216bdea31fee469f9c6d51d3ea3d48992e6df71d7e7665ba0b85082b7684a486,2026-08-26T03:25:19.931731+00:00,0,0
1934,경기도여성가족재단,경기도여성가족재단,http://www.kwacc.or.kr/CertificationSite/WA/1934/Detail?page=51,https://www.gwff.kr,EXPIRED,2024-05-29,2025-05-28,51,7,http://www.kwacc.or.kr/CertificationSite/WA/List?page=51,216bdea31fee469f9c6d51d3ea3d48992e6df71d7e7665ba0b85082b7684a486,2026-08-26T03:25:19.931731+00:00,0,0
1933,수원문화재단,수원문화재단,http://www.kwacc.or.kr/CertificationSite/WA/1933/Detail?page=51,https://www.swcf.or.kr,EXPIRED,2024-05-29,2025-05-28,51,8,http://www.kwacc.or.kr/CertificationSite/WA/List?page=51,216bdea31fee469f9c6d51d3ea3d48992e6df71d7e7665ba0b85082b7684a486,2026-08-26T03:25:19.931731+00:00,0,0
1929,수원화성관광,수원문화재단,http://www.kwacc.or.kr/CertificationSite/WA/1929/Detail?page=51,https://www.visitsuwon.or.kr/base/main/view,EXPIRED,2024-05-28,2025-05-27,51,9,http://www.kwacc.or.kr/CertificationSite/WA/List?page=51,216bdea31fee469f9c6d51d3ea3d48992e6df71d7e7665ba0b85082b7684a486,2026-08-26T03:25:19.931731+00:00,0,0
1948,울산관광,울산광역시,http://www.kwacc.or.kr/CertificationSite/WA/1948/Detail?page=51,https://tour.ulsan.go.kr/kor,EXPIRED,2024-05-25,2025-05-24,51,10,http://www.kwacc.or.kr/CertificationSite/WA/List?page=51,216bdea31fee469f9c6d51d3ea3d48992e6df71d7e7665ba0b85082b7684a486,2026-08-26T03:25:19.931731+00:00,0,0
1927,수원문화재단 문화도시 수원,수원문화재단,http://www.kwacc.or.kr/CertificationSite/WA/1927/Detail?page=52,https://www.swculture.or.kr,EXPIRED,2024-05-21,2025-05-20,52,1,http://www.kwacc.or.kr/CertificationSite/WA/List?page=52,7c3054132d456199b48a1be48671b37b34368ed13a837ec6675add8541dd7e49,2026-08-26T03:25:20.719636+00:00,0,0
1930,시흥도시공사 대표,시흥도시공사,http://www.kwacc.or.kr/CertificationSite/WA/1930/Detail?page=52,https://shsi.or.kr,EXPIRED,2024-05-19,2025-05-18,52,2,http://www.kwacc.or.kr/CertificationSite/WA/List?page=52,7c3054132d456199b48a1be48671b37b34368ed13a837ec6675add8541dd7e49,2026-08-26T03:25:20.719636+00:00,0,0
1924,보건복지부 어린이,보건복지부 어린이,http://www.kwacc.or.kr/CertificationSite/WA/1924/Detail?page=52,http://www.mohw.go.kr/kids,EXPIRED,2024-05-19,2025-05-18,52,3,http://www.kwacc.or.kr/CertificationSite/WA/List?page=52,7c3054132d456199b48a1be48671b37b34368ed13a837ec6675add8541dd7e49,2026-08-26T03:25:20.719636+00:00,0,0
1926,세계법제정보센터,법제처,http://www.kwacc.or.kr/CertificationSite/WA/1926/Detail?page=52,https://world.moleg.go.kr,EXPIRED,2024-05-17,2025-05-16,52,4,http://www.kwacc.or.kr/CertificationSite/WA/List?page=52,7c3054132d456199b48a1be48671b37b34368ed13a837ec6675add8541dd7e49,2026-08-26T03:25:20.719636+00:00,0,0
1918,국립중앙도서관,국립중앙도서관,http://www.kwacc.or.kr/CertificationSite/WA/1918/Detail?page=52,https://nl.go.kr,EXPIRED,2024-05-13,2025-05-12,52,5,http://www.kwacc.or.kr/CertificationSite/WA/List?page=52,7c3054132d456199b48a1be48671b37b34368ed13a837ec6675add8541dd7e49,2026-08-26T03:25:20.719636+00:00,0,0
1925,국립광주과학관,국립광주과학관,http://www.kwacc.or.kr/CertificationSite/WA/1925/Detail?page=52,https://www.sciencecenter.or.kr,EXPIRED,2024-05-07,2025-05-06,52,6,http://www.kwacc.or.kr/CertificationSite/WA/List?page=52,7c3054132d456199b48a1be48671b37b34368ed13a837ec6675add8541dd7e49,2026-08-26T03:25:20.719636+00:00,0,0
1949,부안군문화재단,부안군문화재단,http://www.kwacc.or.kr/CertificationSite/WA/1949/Detail?page=52,https://www.bacf.or.kr,EXPIRED,2024-05-03,2025-05-02,52,7,http://www.kwacc.or.kr/CertificationSite/WA/List?page=52,7c3054132d456199b48a1be48671b37b34368ed13a837ec6675add8541dd7e49,2026-08-26T03:25:20.719636+00:00,0,0
1921,맥도날드(모바일웹),한국맥도날드 유한회사,http://www.kwacc.or.kr/CertificationSite/WA/1921/Detail?page=52,https://m.mcdonalds.co.kr,EXPIRED,2024-05-02,2025-05-01,52,8,http://www.kwacc.or.kr/CertificationSite/WA/List?page=52,7c3054132d456199b48a1be48671b37b34368ed13a837ec6675add8541dd7e49,2026-08-26T03:25:20.719636+00:00,0,0
1920,맥도날드,한국맥도날드 유한회사,http://www.kwacc.or.kr/CertificationSite/WA/1920/Detail?page=52,https://www.mcdonalds.co.kr,EXPIRED,2024-05-02,2025-05-01,52,9,http://www.kwacc.or.kr/CertificationSite/WA/List?page=52,7c3054132d456199b48a1be48671b37b34368ed13a837ec6675add8541dd7e49,2026-08-26T03:25:20.719636+00:00,0,0
1907,더케이저축은행 대표,더케이저축은행,http://www.kwacc.or.kr/CertificationSite/WA/1907/Detail?page=52,https://www.thekbank.co.kr,EXPIRED,2024-04-29,2025-04-28,52,10,http://www.kwacc.or.kr/CertificationSite/WA/List?page=52,7c3054132d456199b48a1be48671b37b34368ed13a837ec6675add8541dd7e49,2026-08-26T03:25:20.719636+00:00,0,0
1931,EBS 장애인 서비스,한국교육방송공사(EBS),http://www.kwacc.or.kr/CertificationSite/WA/1931/Detail?page=53,https://www.ebs.co.kr/free,EXPIRED,2024-04-28,2025-04-27,53,1,http://www.kwacc.or.kr/CertificationSite/WA/List?page=53,b2026dafad000ac7b44a2cfc648a7efbd10f5c3c89b1a6eb2021cf01e6086c0b,2026-08-26T03:25:22.396953+00:00,0,0
1928,한국중부발전(국문),한국중부발전 주식회사,http://www.kwacc.or.kr/CertificationSite/WA/1928/Detail?page=53,https://www.komipo.co.kr,EXPIRED,2024-04-28,2025-04-27,53,2,http://www.kwacc.or.kr/CertificationSite/WA/List?page=53,b2026dafad000ac7b44a2cfc648a7efbd10f5c3c89b1a6eb2021cf01e6086c0b,2026-08-26T03:25:22.396953+00:00,0,0
1917,한강공원,서울특별시미래한강본부,http://www.kwacc.or.kr/CertificationSite/WA/1917/Detail?page=53,https://hangang.seoul.go.kr,EXPIRED,2024-04-28,2025-04-27,53,3,http://www.kwacc.or.kr/CertificationSite/WA/List?page=53,b2026dafad000ac7b44a2cfc648a7efbd10f5c3c89b1a6eb2021cf01e6086c0b,2026-08-26T03:25:22.396953+00:00,0,0
1943,응급의료통계포털,국립중앙의료원,http://www.kwacc.or.kr/CertificationSite/WA/1943/Detail?page=53,https://e-medis.nemc.or.kr,EXPIRED,2024-04-26,2025-04-25,53,4,http://www.kwacc.or.kr/CertificationSite/WA/List?page=53,b2026dafad000ac7b44a2cfc648a7efbd10f5c3c89b1a6eb2021cf01e6086c0b,2026-08-26T03:25:22.396953+00:00,0,0
1916,kt M mobile 다이렉트몰,주식회사 케이티엠모바일,http://www.kwacc.or.kr/CertificationSite/WA/1916/Detail?page=53,https://www.ktmmobile.com,EXPIRED,2024-04-26,2025-04-25,53,5,http://www.kwacc.or.kr/CertificationSite/WA/List?page=53,b2026dafad000ac7b44a2cfc648a7efbd10f5c3c89b1a6eb2021cf01e6086c0b,2026-08-26T03:25:22.396953+00:00,0,0
1911,SBH 연구인프라 통합관리시스템(TREE),한국과학기술원,http://www.kwacc.or.kr/CertificationSite/WA/1911/Detail?page=53,https://www.seoulbiohub.kr/tree,EXPIRED,2024-04-25,2025-04-24,53,6,http://www.kwacc.or.kr/CertificationSite/WA/List?page=53,b2026dafad000ac7b44a2cfc648a7efbd10f5c3c89b1a6eb2021cf01e6086c0b,2026-08-26T03:25:22.396953+00:00,0,0
1906,강릉무장애관광센터,강릉관광개발공사,http://www.kwacc.or.kr/CertificationSite/WA/1906/Detail?page=53,https://bf.gn.go.kr,EXPIRED,2024-04-19,2025-04-18,53,7,http://www.kwacc.or.kr/CertificationSite/WA/List?page=53,b2026dafad000ac7b44a2cfc648a7efbd10f5c3c89b1a6eb2021cf01e6086c0b,2026-08-26T03:25:22.396953+00:00,0,0
1905,목포시청,목포시청,http://www.kwacc.or.kr/CertificationSite/WA/1905/Detail?page=53,https://www.mokpo.go.kr/www,EXPIRED,2024-04-19,2025-04-18,53,8,http://www.kwacc.or.kr/CertificationSite/WA/List?page=53,b2026dafad000ac7b44a2cfc648a7efbd10f5c3c89b1a6eb2021cf01e6086c0b,2026-08-26T03:25:22.396953+00:00,0,0
1904,경상북도개발공사,경상북도개발공사,http://www.kwacc.or.kr/CertificationSite/WA/1904/Detail?page=53,https://www.gbdc.co.kr,EXPIRED,2024-04-19,2025-04-18,53,9,http://www.kwacc.or.kr/CertificationSite/WA/List?page=53,b2026dafad000ac7b44a2cfc648a7efbd10f5c3c89b1a6eb2021cf01e6086c0b,2026-08-26T03:25:22.396953+00:00,0,0
1915,애큐온저축은행,애큐온저축은행,http://www.kwacc.or.kr/CertificationSite/WA/1915/Detail?page=53,https://www.acuonsb.co.kr,EXPIRED,2024-04-18,2025-04-17,53,10,http://www.kwacc.or.kr/CertificationSite/WA/List?page=53,b2026dafad000ac7b44a2cfc648a7efbd10f5c3c89b1a6eb2021cf01e6086c0b,2026-08-26T03:25:22.396953+00:00,0,0
1889,공공클라우드지원센터,한국지능정보사회진흥원,http://www.kwacc.or.kr/CertificationSite/WA/1889/Detail?page=54,https://cpcp.or.kr,EXPIRED,2024-04-16,2025-04-15,54,1,http://www.kwacc.or.kr/CertificationSite/WA/List?page=54,6b01c2d83582623a0399ce2d845101958b2683457eada05d9ccb12cec627aaf4,2026-08-26T03:25:23.190451+00:00,0,0
1888,학점은행제 정보공시(학점은행제 알리미),국가평생교육진흥원,http://www.kwacc.or.kr/CertificationSite/WA/1888/Detail?page=54,https://www.cbinfo.or.kr,EXPIRED,2024-04-16,2025-04-15,54,2,http://www.kwacc.or.kr/CertificationSite/WA/List?page=54,6b01c2d83582623a0399ce2d845101958b2683457eada05d9ccb12cec627aaf4,2026-08-26T03:25:23.190451+00:00,0,0
1922,한국여성인권진흥원,한국여성인권진흥원,http://www.kwacc.or.kr/CertificationSite/WA/1922/Detail?page=54,https://www.stop.or.kr,EXPIRED,2024-04-07,2025-04-06,54,3,http://www.kwacc.or.kr/CertificationSite/WA/List?page=54,6b01c2d83582623a0399ce2d845101958b2683457eada05d9ccb12cec627aaf4,2026-08-26T03:25:23.190451+00:00,0,0
1884,경기지역화폐,경기도시장상권진흥원,http://www.kwacc.or.kr/CertificationSite/WA/1884/Detail?page=54,https://www.gmoney.or.kr,EXPIRED,2024-04-05,2025-04-04,54,4,http://www.kwacc.or.kr/CertificationSite/WA/List?page=54,6b01c2d83582623a0399ce2d845101958b2683457eada05d9ccb12cec627aaf4,2026-08-26T03:25:23.190451+00:00,0,0
1883,안전한티비,행정안전부,http://www.kwacc.or.kr/CertificationSite/WA/1883/Detail?page=54,https://www.safetv.go.kr,EXPIRED,2024-04-05,2025-04-04,54,5,http://www.kwacc.or.kr/CertificationSite/WA/List?page=54,6b01c2d83582623a0399ce2d845101958b2683457eada05d9ccb12cec627aaf4,2026-08-26T03:25:23.190451+00:00,0,0
1879,보건복지상담센터,보건복지부,http://www.kwacc.or.kr/CertificationSite/WA/1879/Detail?page=54,https://www.129.go.kr,EXPIRED,2024-04-02,2025-04-01,54,6,http://www.kwacc.or.kr/CertificationSite/WA/List?page=54,6b01c2d83582623a0399ce2d845101958b2683457eada05d9ccb12cec627aaf4,2026-08-26T03:25:23.190451+00:00,0,0
1878,국가정신건강정보포털,국립정신건강센터,http://www.kwacc.or.kr/CertificationSite/WA/1878/Detail?page=54,https://www.mentalhealth.go.kr,EXPIRED,2024-04-02,2025-04-01,54,7,http://www.kwacc.or.kr/CertificationSite/WA/List?page=54,6b01c2d83582623a0399ce2d845101958b2683457eada05d9ccb12cec627aaf4,2026-08-26T03:25:23.190451+00:00,0,0
1903,서귀포온성학교,제주특별자치도교육청,http://www.kwacc.or.kr/CertificationSite/WA/1903/Detail?page=54,https://school.jje.go.kr/onseong,EXPIRED,2024-04-01,2025-03-31,54,8,http://www.kwacc.or.kr/CertificationSite/WA/List?page=54,6b01c2d83582623a0399ce2d845101958b2683457eada05d9ccb12cec627aaf4,2026-08-26T03:25:23.190451+00:00,0,0
1902,제주영지학교,제주특별자치도교육청,http://www.kwacc.or.kr/CertificationSite/WA/1902/Detail?page=54,https://school.jje.go.kr/youngji,EXPIRED,2024-04-01,2025-03-31,54,9,http://www.kwacc.or.kr/CertificationSite/WA/List?page=54,6b01c2d83582623a0399ce2d845101958b2683457eada05d9ccb12cec627aaf4,2026-08-26T03:25:23.190451+00:00,0,0
1901,제주영송학교,제주특별자치도교육청,http://www.kwacc.or.kr/CertificationSite/WA/1901/Detail?page=54,https://school.jje.go.kr/youngsong,EXPIRED,2024-04-01,2025-03-31,54,10,http://www.kwacc.or.kr/CertificationSite/WA/List?page=54,6b01c2d83582623a0399ce2d845101958b2683457eada05d9ccb12cec627aaf4,2026-08-26T03:25:23.190451+00:00,0,0
1870,KOLIS·NET 국가자료종합목록,국립중앙도서관,http://www.kwacc.or.kr/CertificationSite/WA/1870/Detail?page=55,https://www.nl.go.kr/kolisnet,EXPIRED,2024-04-01,2025-03-31,55,1,http://www.kwacc.or.kr/CertificationSite/WA/List?page=55,44b184732210fd5910735bd1580561ce7288d0baba13a91560d74255675a0b40,2026-08-26T03:25:23.966449+00:00,0,0
1887,하이원리조트,주식회사 강원랜드,http://www.kwacc.or.kr/CertificationSite/WA/1887/Detail?page=55,https://www.high1.com,EXPIRED,2024-03-29,2025-03-28,55,2,http://www.kwacc.or.kr/CertificationSite/WA/List?page=55,44b184732210fd5910735bd1580561ce7288d0baba13a91560d74255675a0b40,2026-08-26T03:25:23.966449+00:00,0,0
1910,우체국금융개발원,(재)우체국금융개발원,http://www.kwacc.or.kr/CertificationSite/WA/1910/Detail?page=55,https://www.posid.or.kr,EXPIRED,2024-03-28,2025-03-27,55,3,http://www.kwacc.or.kr/CertificationSite/WA/List?page=55,44b184732210fd5910735bd1580561ce7288d0baba13a91560d74255675a0b40,2026-08-26T03:25:23.966449+00:00,0,0
1923,사회서비스 전자바우처 시각장애인용 업무시스템,한국사회보장정보원,http://www.kwacc.or.kr/CertificationSite/WA/1923/Detail?page=55,https://www.socialservice.or.kr:444/login/loginWAH,EXPIRED,2024-03-26,2025-03-25,55,4,http://www.kwacc.or.kr/CertificationSite/WA/List?page=55,44b184732210fd5910735bd1580561ce7288d0baba13a91560d74255675a0b40,2026-08-26T03:25:23.966449+00:00,0,0
1919,국민행복카드,한국사회보장정보원,http://www.kwacc.or.kr/CertificationSite/WA/1919/Detail?page=55,http://www.voucher.go.kr,EXPIRED,2024-03-26,2025-03-25,55,5,http://www.kwacc.or.kr/CertificationSite/WA/List?page=55,44b184732210fd5910735bd1580561ce7288d0baba13a91560d74255675a0b40,2026-08-26T03:25:23.966449+00:00,0,0
1914,국민건강보험공단인재개발원(모바일웹),국민건강보험공단 인재개발원,http://www.kwacc.or.kr/CertificationSite/WA/1914/Detail?page=55,https://hrd.nhis.or.kr,EXPIRED,2024-03-21,2025-03-20,55,6,http://www.kwacc.or.kr/CertificationSite/WA/List?page=55,44b184732210fd5910735bd1580561ce7288d0baba13a91560d74255675a0b40,2026-08-26T03:25:23.966449+00:00,0,0
1913,국민건강보험공단인재개발원 대표,국민건강보험공단 인재개발원,http://www.kwacc.or.kr/CertificationSite/WA/1913/Detail?page=55,https://www.hrd.nhis.or.kr,EXPIRED,2024-03-21,2025-03-20,55,7,http://www.kwacc.or.kr/CertificationSite/WA/List?page=55,44b184732210fd5910735bd1580561ce7288d0baba13a91560d74255675a0b40,2026-08-26T03:25:23.966449+00:00,0,0
1874,한국예술종합학교 입학정보,한국예술종합학교,http://www.kwacc.or.kr/CertificationSite/WA/1874/Detail?page=55,https://www.karts.ac.kr/main/appl.do,EXPIRED,2024-03-17,2025-03-16,55,8,http://www.kwacc.or.kr/CertificationSite/WA/List?page=55,44b184732210fd5910735bd1580561ce7288d0baba13a91560d74255675a0b40,2026-08-26T03:25:23.966449+00:00,0,0
1873,한국예술종합학교 대표,한국예술종합학교,http://www.kwacc.or.kr/CertificationSite/WA/1873/Detail?page=55,https://www.karts.ac.kr,EXPIRED,2024-03-17,2025-03-16,55,9,http://www.kwacc.or.kr/CertificationSite/WA/List?page=55,44b184732210fd5910735bd1580561ce7288d0baba13a91560d74255675a0b40,2026-08-26T03:25:23.966449+00:00,0,0
1881,인천국제공항,인천국제공항공사,http://www.kwacc.or.kr/CertificationSite/WA/1881/Detail?page=55,https://www.airport.kr,EXPIRED,2024-03-15,2025-03-14,55,10,http://www.kwacc.or.kr/CertificationSite/WA/List?page=55,44b184732210fd5910735bd1580561ce7288d0baba13a91560d74255675a0b40,2026-08-26T03:25:23.966449+00:00,0,0
1869,예스이십사 전자도서관,예스이십사 주식회사,http://www.kwacc.or.kr/CertificationSite/WA/1869/Detail?page=56,https://ebook.yes24library.com,EXPIRED,2024-03-15,2025-03-14,56,1,http://www.kwacc.or.kr/CertificationSite/WA/List?page=56,c109e6cb1b829888d6d58eb409d521cbab63ae590e1098b28d7c80124850c80c,2026-08-26T03:25:24.756791+00:00,0,0
1868,화학물질안전원 대표,화학물질안전원,http://www.kwacc.or.kr/CertificationSite/WA/1868/Detail?page=56,https://nics.me.go.kr/main.do,EXPIRED,2024-03-15,2025-03-14,56,2,http://www.kwacc.or.kr/CertificationSite/WA/List?page=56,c109e6cb1b829888d6d58eb409d521cbab63ae590e1098b28d7c80124850c80c,2026-08-26T03:25:24.756791+00:00,0,0
1864,한양사이버대학교 포털,한양사이버대학교,http://www.kwacc.or.kr/CertificationSite/WA/1864/Detail?page=56,https://road.hycu.ac.kr,EXPIRED,2024-03-15,2025-03-14,56,3,http://www.kwacc.or.kr/CertificationSite/WA/List?page=56,c109e6cb1b829888d6d58eb409d521cbab63ae590e1098b28d7c80124850c80c,2026-08-26T03:25:24.756791+00:00,0,0
1863,한양사이버대학교 SSO,한양사이버대학교,http://www.kwacc.or.kr/CertificationSite/WA/1863/Detail?page=56,https://sso.hycu.ac.kr,EXPIRED,2024-03-15,2025-03-14,56,4,http://www.kwacc.or.kr/CertificationSite/WA/List?page=56,c109e6cb1b829888d6d58eb409d521cbab63ae590e1098b28d7c80124850c80c,2026-08-26T03:25:24.756791+00:00,0,0
1880,국가인권위원회,국가인권위원회,http://www.kwacc.or.kr/CertificationSite/WA/1880/Detail?page=56,https://www.humanrights.go.kr/base/main/view,EXPIRED,2024-03-14,2025-03-13,56,5,http://www.kwacc.or.kr/CertificationSite/WA/List?page=56,c109e6cb1b829888d6d58eb409d521cbab63ae590e1098b28d7c80124850c80c,2026-08-26T03:25:24.756791+00:00,0,0
1886,한전KPS,한전케이피에스 주식회사,http://www.kwacc.or.kr/CertificationSite/WA/1886/Detail?page=56,https://www.kps.co.kr,EXPIRED,2024-03-13,2025-03-12,56,6,http://www.kwacc.or.kr/CertificationSite/WA/List?page=56,c109e6cb1b829888d6d58eb409d521cbab63ae590e1098b28d7c80124850c80c,2026-08-26T03:25:24.756791+00:00,0,0
1900,제주학생문화원,제주특별자치도교육청,http://www.kwacc.or.kr/CertificationSite/WA/1900/Detail?page=56,https://org.jje.go.kr/lifelo,EXPIRED,2024-03-10,2025-03-09,56,7,http://www.kwacc.or.kr/CertificationSite/WA/List?page=56,c109e6cb1b829888d6d58eb409d521cbab63ae590e1098b28d7c80124850c80c,2026-08-26T03:25:24.756791+00:00,0,0
1899,제주국제교육원,제주특별자치도교육청,http://www.kwacc.or.kr/CertificationSite/WA/1899/Detail?page=56,https://org.jje.go.kr/jiei,EXPIRED,2024-03-10,2025-03-09,56,8,http://www.kwacc.or.kr/CertificationSite/WA/List?page=56,c109e6cb1b829888d6d58eb409d521cbab63ae590e1098b28d7c80124850c80c,2026-08-26T03:25:24.756791+00:00,0,0
1898,제주특별자치도교육청 통합예약시스템,제주특별자치도교육청,http://www.kwacc.or.kr/CertificationSite/WA/1898/Detail?page=56,https://org.jje.go.kr/reserve,EXPIRED,2024-03-10,2025-03-09,56,9,http://www.kwacc.or.kr/CertificationSite/WA/List?page=56,c109e6cb1b829888d6d58eb409d521cbab63ae590e1098b28d7c80124850c80c,2026-08-26T03:25:24.756791+00:00,0,0
1897,제주유아교육진흥원,제주특별자치도교육청,http://www.kwacc.or.kr/CertificationSite/WA/1897/Detail?page=56,https://org.jje.go.kr/jjkids,EXPIRED,2024-03-10,2025-03-09,56,10,http://www.kwacc.or.kr/CertificationSite/WA/List?page=56,c109e6cb1b829888d6d58eb409d521cbab63ae590e1098b28d7c80124850c80c,2026-08-26T03:25:24.756791+00:00,0,0
1896,제주특별자치도교육청 공공도서관,제주특별자치도교육청,http://www.kwacc.or.kr/CertificationSite/WA/1896/Detail?page=57,https://org.jje.go.kr/lib,EXPIRED,2024-03-10,2025-03-09,57,1,http://www.kwacc.or.kr/CertificationSite/WA/List?page=57,723fe2d704d13675f4d261f021dbd5929b41b1392bd04d341356bebc71db6793,2026-08-26T03:25:25.549921+00:00,0,0
1895,제주교육박물관,제주특별자치도교육청,http://www.kwacc.or.kr/CertificationSite/WA/1895/Detail?page=57,https://org.jje.go.kr/jjemuseum,EXPIRED,2024-03-10,2025-03-09,57,2,http://www.kwacc.or.kr/CertificationSite/WA/List?page=57,723fe2d704d13675f4d261f021dbd5929b41b1392bd04d341356bebc71db6793,2026-08-26T03:25:25.549921+00:00,0,0
1894,서귀포학생문화원,제주특별자치도교육청,http://www.kwacc.or.kr/CertificationSite/WA/1894/Detail?page=57,https://org.jje.go.kr/sscc,EXPIRED,2024-03-10,2025-03-09,57,3,http://www.kwacc.or.kr/CertificationSite/WA/List?page=57,723fe2d704d13675f4d261f021dbd5929b41b1392bd04d341356bebc71db6793,2026-08-26T03:25:25.549921+00:00,0,0
1893,제주융합과학연구원,제주특별자치도교육청,http://www.kwacc.or.kr/CertificationSite/WA/1893/Detail?page=57,https://org.jje.go.kr/cisec,EXPIRED,2024-03-10,2025-03-09,57,4,http://www.kwacc.or.kr/CertificationSite/WA/List?page=57,723fe2d704d13675f4d261f021dbd5929b41b1392bd04d341356bebc71db6793,2026-08-26T03:25:25.549921+00:00,0,0
1892,서귀포시교육지원청,제주특별자치도교육청,http://www.kwacc.or.kr/CertificationSite/WA/1892/Detail?page=57,https://www.jje.go.kr/jse/index.jje,EXPIRED,2024-03-10,2025-03-09,57,5,http://www.kwacc.or.kr/CertificationSite/WA/List?page=57,723fe2d704d13675f4d261f021dbd5929b41b1392bd04d341356bebc71db6793,2026-08-26T03:25:25.549921+00:00,0,0
1891,제주시교육지원청,제주특별자치도교육청,http://www.kwacc.or.kr/CertificationSite/WA/1891/Detail?page=57,https://www.jje.go.kr/jjse/index.jje,EXPIRED,2024-03-10,2025-03-09,57,6,http://www.kwacc.or.kr/CertificationSite/WA/List?page=57,723fe2d704d13675f4d261f021dbd5929b41b1392bd04d341356bebc71db6793,2026-08-26T03:25:25.549921+00:00,0,0
1890,제주특별자치도교육청,제주특별자치도교육청,http://www.kwacc.or.kr/CertificationSite/WA/1890/Detail?page=57,https://www.jje.go.kr/index.jje,EXPIRED,2024-03-10,2025-03-09,57,7,http://www.kwacc.or.kr/CertificationSite/WA/List?page=57,723fe2d704d13675f4d261f021dbd5929b41b1392bd04d341356bebc71db6793,2026-08-26T03:25:25.549921+00:00,0,0
1875,여수시도시관리공단,여수시도시관리공단,http://www.kwacc.or.kr/CertificationSite/WA/1875/Detail?page=57,https://www.yumcorp.or.kr,EXPIRED,2024-03-10,2025-03-09,57,8,http://www.kwacc.or.kr/CertificationSite/WA/List?page=57,723fe2d704d13675f4d261f021dbd5929b41b1392bd04d341356bebc71db6793,2026-08-26T03:25:25.549921+00:00,0,0
1860,K-오션MOOC,한국해양재단,http://www.kwacc.or.kr/CertificationSite/WA/1860/Detail?page=57,https://koceanmooc.or.kr,EXPIRED,2024-03-08,2025-03-07,57,9,http://www.kwacc.or.kr/CertificationSite/WA/List?page=57,723fe2d704d13675f4d261f021dbd5929b41b1392bd04d341356bebc71db6793,2026-08-26T03:25:25.549921+00:00,0,0
1912,한국장애인고용공단,한국장애인고용공단,http://www.kwacc.or.kr/CertificationSite/WA/1912/Detail?page=57,https://www.kead.or.kr,EXPIRED,2024-03-03,2025-03-02,57,10,http://www.kwacc.or.kr/CertificationSite/WA/List?page=57,723fe2d704d13675f4d261f021dbd5929b41b1392bd04d341356bebc71db6793,2026-08-26T03:25:25.549921+00:00,0,0
1909,대성산업(영문),대성산업 (주) 정보시스템사업부,http://www.kwacc.or.kr/CertificationSite/WA/1909/Detail?page=58,https://www.daesung.co.kr/en,EXPIRED,2024-03-03,2025-03-02,58,1,http://www.kwacc.or.kr/CertificationSite/WA/List?page=58,ea985d71e730a3603b48f3caf4b19a02631ac3e7428e59b1dd81a65dad8efdc2,2026-08-26T03:25:26.349067+00:00,0,0
1908,대성산업(국문),대성산업 (주) 정보시스템사업부,http://www.kwacc.or.kr/CertificationSite/WA/1908/Detail?page=58,https://www.daesung.co.kr,EXPIRED,2024-03-03,2025-03-02,58,2,http://www.kwacc.or.kr/CertificationSite/WA/List?page=58,ea985d71e730a3603b48f3caf4b19a02631ac3e7428e59b1dd81a65dad8efdc2,2026-08-26T03:25:26.349067+00:00,0,0
1872,의료정보보호센터,한국사회보장정보원,http://www.kwacc.or.kr/CertificationSite/WA/1872/Detail?page=58,https://www.hisc.or.kr,EXPIRED,2024-03-03,2025-03-02,58,3,http://www.kwacc.or.kr/CertificationSite/WA/List?page=58,ea985d71e730a3603b48f3caf4b19a02631ac3e7428e59b1dd81a65dad8efdc2,2026-08-26T03:25:26.349067+00:00,0,0
1866,김해시복지재단,재단법인 김해시 복지재단,http://www.kwacc.or.kr/CertificationSite/WA/1866/Detail?page=58,https://www.ghwf.or.kr/ghwf.web,EXPIRED,2024-03-02,2025-03-01,58,4,http://www.kwacc.or.kr/CertificationSite/WA/List?page=58,ea985d71e730a3603b48f3caf4b19a02631ac3e7428e59b1dd81a65dad8efdc2,2026-08-26T03:25:26.349067+00:00,0,0
1877,모두가도시농부 도시농업관리사,농림수산식품교육문화정보원,http://www.kwacc.or.kr/CertificationSite/WA/1877/Detail?page=58,https://www.modunong.or.kr:449/home/kor/main_urban,EXPIRED,2024-02-24,2025-02-23,58,5,http://www.kwacc.or.kr/CertificationSite/WA/List?page=58,ea985d71e730a3603b48f3caf4b19a02631ac3e7428e59b1dd81a65dad8efdc2,2026-08-26T03:25:26.349067+00:00,0,0
1876,모두가도시농부 도시농업정보,농림수산식품교육문화정보원,http://www.kwacc.or.kr/CertificationSite/WA/1876/Detail?page=58,https://www.modunong.or.kr:449/home/kor/intro.do,EXPIRED,2024-02-24,2025-02-23,58,6,http://www.kwacc.or.kr/CertificationSite/WA/List?page=58,ea985d71e730a3603b48f3caf4b19a02631ac3e7428e59b1dd81a65dad8efdc2,2026-08-26T03:25:26.349067+00:00,0,0
1858,사회보장위원회,사회보장위원회,http://www.kwacc.or.kr/CertificationSite/WA/1858/Detail?page=58,https://ssc.go.kr,EXPIRED,2024-02-24,2025-02-23,58,7,http://www.kwacc.or.kr/CertificationSite/WA/List?page=58,ea985d71e730a3603b48f3caf4b19a02631ac3e7428e59b1dd81a65dad8efdc2,2026-08-26T03:25:26.349067+00:00,0,0
1871,국가트라우마센터,국립정신건강센터,http://www.kwacc.or.kr/CertificationSite/WA/1871/Detail?page=58,https://nct.go.kr,EXPIRED,2024-02-21,2025-02-20,58,8,http://www.kwacc.or.kr/CertificationSite/WA/List?page=58,ea985d71e730a3603b48f3caf4b19a02631ac3e7428e59b1dd81a65dad8efdc2,2026-08-26T03:25:26.349067+00:00,0,0
1852,법제처 대표,법제처,http://www.kwacc.or.kr/CertificationSite/WA/1852/Detail?page=58,https://www.moleg.go.kr,EXPIRED,2024-02-18,2025-02-17,58,9,http://www.kwacc.or.kr/CertificationSite/WA/List?page=58,ea985d71e730a3603b48f3caf4b19a02631ac3e7428e59b1dd81a65dad8efdc2,2026-08-26T03:25:26.349067+00:00,0,0
1853,금융규제민원포털,금융위원회,http://www.kwacc.or.kr/CertificationSite/WA/1853/Detail?page=58,https://better.fsc.go.kr,EXPIRED,2024-02-16,2025-02-15,58,10,http://www.kwacc.or.kr/CertificationSite/WA/List?page=58,ea985d71e730a3603b48f3caf4b19a02631ac3e7428e59b1dd81a65dad8efdc2,2026-08-26T03:25:26.349067+00:00,0,0
1851,토지이음,국토교통부,http://www.kwacc.or.kr/CertificationSite/WA/1851/Detail?page=59,https://www.eum.go.kr,EXPIRED,2024-02-15,2025-02-14,59,1,http://www.kwacc.or.kr/CertificationSite/WA/List?page=59,195c675c68b50c1e2afea620ce204200600e2889368fdec619ae9067bb778335,2026-08-26T03:25:27.143413+00:00,0,0
1885,국가사이버안보센터,국가사이버안보센터,http://www.kwacc.or.kr/CertificationSite/WA/1885/Detail?page=59,https://www.ncsc.go.kr,EXPIRED,2024-02-14,2025-02-13,59,2,http://www.kwacc.or.kr/CertificationSite/WA/List?page=59,195c675c68b50c1e2afea620ce204200600e2889368fdec619ae9067bb778335,2026-08-26T03:25:27.143413+00:00,0,0
1882,대테러센터,국무조정실 대테러센터,http://www.kwacc.or.kr/CertificationSite/WA/1882/Detail?page=59,https://www.nctc.go.kr,EXPIRED,2024-02-14,2025-02-13,59,3,http://www.kwacc.or.kr/CertificationSite/WA/List?page=59,195c675c68b50c1e2afea620ce204200600e2889368fdec619ae9067bb778335,2026-08-26T03:25:27.143413+00:00,0,0
1856,인천항보안공사 대표,인천항보안공사,http://www.kwacc.or.kr/CertificationSite/WA/1856/Detail?page=59,https://port.co.kr,EXPIRED,2024-02-09,2025-02-08,59,4,http://www.kwacc.or.kr/CertificationSite/WA/List?page=59,195c675c68b50c1e2afea620ce204200600e2889368fdec619ae9067bb778335,2026-08-26T03:25:27.143413+00:00,0,0
1867,김포시청소년재단,재단법인 김포시청소년재단,http://www.kwacc.or.kr/CertificationSite/WA/1867/Detail?page=59,https://www.fgy.or.kr,EXPIRED,2024-02-08,2025-02-07,59,5,http://www.kwacc.or.kr/CertificationSite/WA/List?page=59,195c675c68b50c1e2afea620ce204200600e2889368fdec619ae9067bb778335,2026-08-26T03:25:27.143413+00:00,0,0
1848,제주항공우주박물관,제주항공우주박물관,http://www.kwacc.or.kr/CertificationSite/WA/1848/Detail?page=59,https://www.jdc-jam.com,EXPIRED,2024-02-08,2025-02-07,59,6,http://www.kwacc.or.kr/CertificationSite/WA/List?page=59,195c675c68b50c1e2afea620ce204200600e2889368fdec619ae9067bb778335,2026-08-26T03:25:27.143413+00:00,0,0
1859,국립민속박물관,국립민속박물관,http://www.kwacc.or.kr/CertificationSite/WA/1859/Detail?page=59,https://www.nfm.go.kr,EXPIRED,2024-02-03,2025-02-02,59,7,http://www.kwacc.or.kr/CertificationSite/WA/List?page=59,195c675c68b50c1e2afea620ce204200600e2889368fdec619ae9067bb778335,2026-08-26T03:25:27.143413+00:00,0,0
1865,One Health 항생제 내성균,질병관리청,http://www.kwacc.or.kr/CertificationSite/WA/1865/Detail?page=59,https://www.kdca.go.kr/nohas,EXPIRED,2024-02-01,2025-01-31,59,8,http://www.kwacc.or.kr/CertificationSite/WA/List?page=59,195c675c68b50c1e2afea620ce204200600e2889368fdec619ae9067bb778335,2026-08-26T03:25:27.143413+00:00,0,0
1846,중앙치매센터(모바일웹),국립중앙의료원,http://www.kwacc.or.kr/CertificationSite/WA/1846/Detail?page=59,https://m.nid.or.kr,EXPIRED,2024-01-30,2025-01-29,59,9,http://www.kwacc.or.kr/CertificationSite/WA/List?page=59,195c675c68b50c1e2afea620ce204200600e2889368fdec619ae9067bb778335,2026-08-26T03:25:27.143413+00:00,0,0
1845,국기원,국기원,http://www.kwacc.or.kr/CertificationSite/WA/1845/Detail?page=59,https://www.kukkiwon.or.kr,EXPIRED,2024-01-30,2025-01-29,59,10,http://www.kwacc.or.kr/CertificationSite/WA/List?page=59,195c675c68b50c1e2afea620ce204200600e2889368fdec619ae9067bb778335,2026-08-26T03:25:27.143413+00:00,0,0
1857,6차산업,농림수산식품교육문화정보원,http://www.kwacc.or.kr/CertificationSite/WA/1857/Detail?page=60,https://www.6차산업.com:448,EXPIRED,2024-01-29,2025-01-28,60,1,http://www.kwacc.or.kr/CertificationSite/WA/List?page=60,62cd75ecd95817905f0d5e6810d663fc4a7942a1f2f32f25bbe5d421fcb23ead,2026-08-26T03:25:27.936935+00:00,0,0
1844,한국문화관광연구원,한국문화관광연구원,http://www.kwacc.or.kr/CertificationSite/WA/1844/Detail?page=60,https://www.kcti.re.kr,EXPIRED,2024-01-15,2025-01-14,60,2,http://www.kwacc.or.kr/CertificationSite/WA/List?page=60,62cd75ecd95817905f0d5e6810d663fc4a7942a1f2f32f25bbe5d421fcb23ead,2026-08-26T03:25:27.936935+00:00,0,0
1843,국립축산과학원 대표,국립축산과학원,http://www.kwacc.or.kr/CertificationSite/WA/1843/Detail?page=60,https://www.nias.go.kr,EXPIRED,2024-01-11,2025-01-10,60,3,http://www.kwacc.or.kr/CertificationSite/WA/List?page=60,62cd75ecd95817905f0d5e6810d663fc4a7942a1f2f32f25bbe5d421fcb23ead,2026-08-26T03:25:27.936935+00:00,0,0
1841,부산MBC,부산문화방송(주),http://www.kwacc.or.kr/CertificationSite/WA/1841/Detail?page=60,https://busanmbc.co.kr,EXPIRED,2024-01-09,2025-01-08,60,4,http://www.kwacc.or.kr/CertificationSite/WA/List?page=60,62cd75ecd95817905f0d5e6810d663fc4a7942a1f2f32f25bbe5d421fcb23ead,2026-08-26T03:25:27.936935+00:00,0,0
1862,한양사이버대학원,한양사이버대학교,http://www.kwacc.or.kr/CertificationSite/WA/1862/Detail?page=60,https://gs.hycu.ac.kr,EXPIRED,2024-01-08,2025-01-07,60,5,http://www.kwacc.or.kr/CertificationSite/WA/List?page=60,62cd75ecd95817905f0d5e6810d663fc4a7942a1f2f32f25bbe5d421fcb23ead,2026-08-26T03:25:27.936935+00:00,0,0
1861,한양사이버대학교,한양사이버대학교,http://www.kwacc.or.kr/CertificationSite/WA/1861/Detail?page=60,https://www.hycu.ac.kr,EXPIRED,2024-01-08,2025-01-07,60,6,http://www.kwacc.or.kr/CertificationSite/WA/List?page=60,62cd75ecd95817905f0d5e6810d663fc4a7942a1f2f32f25bbe5d421fcb23ead,2026-08-26T03:25:27.936935+00:00,0,0
1837,KOMSCO 신뢰플랫폼,한국조폐공사,http://www.kwacc.or.kr/CertificationSite/WA/1837/Detail?page=60,https://lopy.komscochak.com,EXPIRED,2024-01-08,2025-01-07,60,7,http://www.kwacc.or.kr/CertificationSite/WA/List?page=60,62cd75ecd95817905f0d5e6810d663fc4a7942a1f2f32f25bbe5d421fcb23ead,2026-08-26T03:25:27.936935+00:00,0,0
1836,국회도서관,국회도서관,http://www.kwacc.or.kr/CertificationSite/WA/1836/Detail?page=60,https://www.nanet.go.kr,EXPIRED,2024-01-08,2025-01-07,60,8,http://www.kwacc.or.kr/CertificationSite/WA/List?page=60,62cd75ecd95817905f0d5e6810d663fc4a7942a1f2f32f25bbe5d421fcb23ead,2026-08-26T03:25:27.936935+00:00,0,0
1818,국립재활원 교육지원,국립재활원,http://www.kwacc.or.kr/CertificationSite/WA/1818/Detail?page=60,http://www.nrc.go.kr/education/main.do,EXPIRED,2023-12-31,2024-12-30,60,9,http://www.kwacc.or.kr/CertificationSite/WA/List?page=60,62cd75ecd95817905f0d5e6810d663fc4a7942a1f2f32f25bbe5d421fcb23ead,2026-08-26T03:25:27.936935+00:00,0,0
1817,국립재활원 중앙장애인보건의료센터,국립재활원,http://www.kwacc.or.kr/CertificationSite/WA/1817/Detail?page=60,http://www.nrc.go.kr/chmcpd/main.do,EXPIRED,2023-12-31,2024-12-30,60,10,http://www.kwacc.or.kr/CertificationSite/WA/List?page=60,62cd75ecd95817905f0d5e6810d663fc4a7942a1f2f32f25bbe5d421fcb23ead,2026-08-26T03:25:27.936935+00:00,0,0
1816,국립재활원 장애인 건강 및 재활 정보포털,국립재활원,http://www.kwacc.or.kr/CertificationSite/WA/1816/Detail?page=61,http://www.nrc.go.kr/portal/main.do,EXPIRED,2023-12-31,2024-12-30,61,1,http://www.kwacc.or.kr/CertificationSite/WA/List?page=61,83a54dc238f82ea184cd16aac4af1b6e89f6feee5e84abda8a75164d2c925f88,2026-08-26T03:25:28.728691+00:00,0,0
1813,국립재활원 재활연구소,국립재활원,http://www.kwacc.or.kr/CertificationSite/WA/1813/Detail?page=61,http://www.nrc.go.kr/research/main.do,EXPIRED,2023-12-31,2024-12-30,61,2,http://www.kwacc.or.kr/CertificationSite/WA/List?page=61,83a54dc238f82ea184cd16aac4af1b6e89f6feee5e84abda8a75164d2c925f88,2026-08-26T03:25:28.728691+00:00,0,0
1811,국립재활원 재활병원,국립재활원,http://www.kwacc.or.kr/CertificationSite/WA/1811/Detail?page=61,http://www.nrc.go.kr/hospital/main.do,EXPIRED,2023-12-31,2024-12-30,61,3,http://www.kwacc.or.kr/CertificationSite/WA/List?page=61,83a54dc238f82ea184cd16aac4af1b6e89f6feee5e84abda8a75164d2c925f88,2026-08-26T03:25:28.728691+00:00,0,0
1810,국립재활원,국립재활원,http://www.kwacc.or.kr/CertificationSite/WA/1810/Detail?page=61,https://www.nrc.go.kr,EXPIRED,2023-12-31,2024-12-30,61,4,http://www.kwacc.or.kr/CertificationSite/WA/List?page=61,83a54dc238f82ea184cd16aac4af1b6e89f6feee5e84abda8a75164d2c925f88,2026-08-26T03:25:28.728691+00:00,0,0
1834,보건복지부 면허민원안내,보건복지부,http://www.kwacc.or.kr/CertificationSite/WA/1834/Detail?page=61,https://lic.mohw.go.kr,EXPIRED,2023-12-30,2024-12-29,61,5,http://www.kwacc.or.kr/CertificationSite/WA/List?page=61,83a54dc238f82ea184cd16aac4af1b6e89f6feee5e84abda8a75164d2c925f88,2026-08-26T03:25:28.728691+00:00,0,0
1832,청년포털,국무조정실,http://www.kwacc.or.kr/CertificationSite/WA/1832/Detail?page=61,https://2030.go.kr,EXPIRED,2023-12-30,2024-12-29,61,6,http://www.kwacc.or.kr/CertificationSite/WA/List?page=61,83a54dc238f82ea184cd16aac4af1b6e89f6feee5e84abda8a75164d2c925f88,2026-08-26T03:25:28.728691+00:00,0,0
1827,장기추적조사시스템,한국의약품안전관리원,http://www.kwacc.or.kr/CertificationSite/WA/1827/Detail?page=61,https://ltfu.mfds.go.kr,EXPIRED,2023-12-30,2024-12-29,61,7,http://www.kwacc.or.kr/CertificationSite/WA/List?page=61,83a54dc238f82ea184cd16aac4af1b6e89f6feee5e84abda8a75164d2c925f88,2026-08-26T03:25:28.728691+00:00,0,0
1824,나의건강기록 PHR 웹 뷰어,보건복지부,http://www.kwacc.or.kr/CertificationSite/WA/1824/Detail?page=61,https://phr.myhealthway.go.kr:11698/phrweb,EXPIRED,2023-12-27,2024-12-26,61,8,http://www.kwacc.or.kr/CertificationSite/WA/List?page=61,83a54dc238f82ea184cd16aac4af1b6e89f6feee5e84abda8a75164d2c925f88,2026-08-26T03:25:28.728691+00:00,0,0
1828,현대하이라이프손해사정,현대하이라이프손해사정(주),http://www.kwacc.or.kr/CertificationSite/WA/1828/Detail?page=61,http://www.hi-life.co.kr,EXPIRED,2023-12-26,2024-12-25,61,9,http://www.kwacc.or.kr/CertificationSite/WA/List?page=61,83a54dc238f82ea184cd16aac4af1b6e89f6feee5e84abda8a75164d2c925f88,2026-08-26T03:25:28.728691+00:00,0,0
1822,승강기교육센터,한국승강기안전공단,http://www.kwacc.or.kr/CertificationSite/WA/1822/Detail?page=61,https://edu.koelsa.or.kr,EXPIRED,2023-12-26,2024-12-25,61,10,http://www.kwacc.or.kr/CertificationSite/WA/List?page=61,83a54dc238f82ea184cd16aac4af1b6e89f6feee5e84abda8a75164d2c925f88,2026-08-26T03:25:28.728691+00:00,0,0
1808,방송통신심의위원회,방송통신심의위원회,http://www.kwacc.or.kr/CertificationSite/WA/1808/Detail?page=62,https://www.kocsc.or.kr,EXPIRED,2023-12-26,2024-12-25,62,1,http://www.kwacc.or.kr/CertificationSite/WA/List?page=62,2f17e87a98b2683951b61ce1334d7e578e8d94f0d71631f8663e1322871e4dcf,2026-08-26T03:25:29.518813+00:00,0,0
1847,GS칼텍스,지에스칼텍스(주),http://www.kwacc.or.kr/CertificationSite/WA/1847/Detail?page=62,https://www.gscaltex.com,EXPIRED,2023-12-22,2024-12-21,62,2,http://www.kwacc.or.kr/CertificationSite/WA/List?page=62,2f17e87a98b2683951b61ce1334d7e578e8d94f0d71631f8663e1322871e4dcf,2026-08-26T03:25:29.518813+00:00,0,0
1840,국립보건연구원,국립보건연구원,http://www.kwacc.or.kr/CertificationSite/WA/1840/Detail?page=62,https://nih.go.kr,EXPIRED,2023-12-22,2024-12-21,62,3,http://www.kwacc.or.kr/CertificationSite/WA/List?page=62,2f17e87a98b2683951b61ce1334d7e578e8d94f0d71631f8663e1322871e4dcf,2026-08-26T03:25:29.518813+00:00,0,0
1823,한국노인인력개발원,한국노인인력개발원,http://www.kwacc.or.kr/CertificationSite/WA/1823/Detail?page=62,https://www.kordi.or.kr/main.do,EXPIRED,2023-12-22,2024-12-21,62,4,http://www.kwacc.or.kr/CertificationSite/WA/List?page=62,2f17e87a98b2683951b61ce1334d7e578e8d94f0d71631f8663e1322871e4dcf,2026-08-26T03:25:29.518813+00:00,0,0
1819,고위공직자범죄수사처,고위공직자범죄수사처,http://www.kwacc.or.kr/CertificationSite/WA/1819/Detail?page=62,https://cio.go.kr,EXPIRED,2023-12-22,2024-12-21,62,5,http://www.kwacc.or.kr/CertificationSite/WA/List?page=62,2f17e87a98b2683951b61ce1334d7e578e8d94f0d71631f8663e1322871e4dcf,2026-08-26T03:25:29.518813+00:00,0,0
1800,국립소록도병원 한센병박물관,국립소록도병원,http://www.kwacc.or.kr/CertificationSite/WA/1800/Detail?page=62,http://sorokdo.go.kr/museum/main.do,EXPIRED,2023-12-22,2024-12-21,62,6,http://www.kwacc.or.kr/CertificationSite/WA/List?page=62,2f17e87a98b2683951b61ce1334d7e578e8d94f0d71631f8663e1322871e4dcf,2026-08-26T03:25:29.518813+00:00,0,0
1799,국립소록도병원 대표,국립소록도병원,http://www.kwacc.or.kr/CertificationSite/WA/1799/Detail?page=62,http://sorokdo.go.kr,EXPIRED,2023-12-22,2024-12-21,62,7,http://www.kwacc.or.kr/CertificationSite/WA/List?page=62,2f17e87a98b2683951b61ce1334d7e578e8d94f0d71631f8663e1322871e4dcf,2026-08-26T03:25:29.518813+00:00,0,0
1798,국립정신건강센터 정신건강연구소,국립정신건강센터,http://www.kwacc.or.kr/CertificationSite/WA/1798/Detail?page=62,http://ncmh.go.kr/research/main.do,EXPIRED,2023-12-22,2024-12-21,62,8,http://www.kwacc.or.kr/CertificationSite/WA/List?page=62,2f17e87a98b2683951b61ce1334d7e578e8d94f0d71631f8663e1322871e4dcf,2026-08-26T03:25:29.518813+00:00,0,0
1797,국립정신건강센터 정신건강사업부,국립정신건강센터,http://www.kwacc.or.kr/CertificationSite/WA/1797/Detail?page=62,http://ncmh.go.kr/mentalhealth/main.do,EXPIRED,2023-12-22,2024-12-21,62,9,http://www.kwacc.or.kr/CertificationSite/WA/List?page=62,2f17e87a98b2683951b61ce1334d7e578e8d94f0d71631f8663e1322871e4dcf,2026-08-26T03:25:29.518813+00:00,0,0
1796,국립정신건강센터 대표,국립정신건강센터,http://www.kwacc.or.kr/CertificationSite/WA/1796/Detail?page=62,http://ncmh.go.kr,EXPIRED,2023-12-22,2024-12-21,62,10,http://www.kwacc.or.kr/CertificationSite/WA/List?page=62,2f17e87a98b2683951b61ce1334d7e578e8d94f0d71631f8663e1322871e4dcf,2026-08-26T03:25:29.518813+00:00,0,0
1792,국립정신건강센터 의료부,국립정신건강센터,http://www.kwacc.or.kr/CertificationSite/WA/1792/Detail?page=63,http://ncmh.go.kr/medical/main.do,EXPIRED,2023-12-22,2024-12-21,63,1,http://www.kwacc.or.kr/CertificationSite/WA/List?page=63,fa33c8deaf1818b6e419827e49e9f740c0a223ab2c48bf30e4bdbc74b9bff094,2026-08-26T03:25:30.347848+00:00,0,0
1842,서울시전자상거래센터,서울시전자상거래센터,http://www.kwacc.or.kr/CertificationSite/WA/1842/Detail?page=63,https://ecc.seoul.go.kr,EXPIRED,2023-12-21,2024-12-20,63,2,http://www.kwacc.or.kr/CertificationSite/WA/List?page=63,fa33c8deaf1818b6e419827e49e9f740c0a223ab2c48bf30e4bdbc74b9bff094,2026-08-26T03:25:30.347848+00:00,0,0
1809,서울시 공동주택통합정보마당,서울특별시,http://www.kwacc.or.kr/CertificationSite/WA/1809/Detail?page=63,https://openapt.seoul.go.kr,EXPIRED,2023-12-21,2024-12-20,63,3,http://www.kwacc.or.kr/CertificationSite/WA/List?page=63,fa33c8deaf1818b6e419827e49e9f740c0a223ab2c48bf30e4bdbc74b9bff094,2026-08-26T03:25:30.347848+00:00,0,0
1804,국립목포병원,질병관리청,http://www.kwacc.or.kr/CertificationSite/WA/1804/Detail?page=63,https://www.tbmokpo.go.kr,EXPIRED,2023-12-20,2024-12-19,63,4,http://www.kwacc.or.kr/CertificationSite/WA/List?page=63,fa33c8deaf1818b6e419827e49e9f740c0a223ab2c48bf30e4bdbc74b9bff094,2026-08-26T03:25:30.347848+00:00,0,0
1803,국립마산병원,질병관리청,http://www.kwacc.or.kr/CertificationSite/WA/1803/Detail?page=63,https://www.mnth.go.kr,EXPIRED,2023-12-20,2024-12-19,63,5,http://www.kwacc.or.kr/CertificationSite/WA/List?page=63,fa33c8deaf1818b6e419827e49e9f740c0a223ab2c48bf30e4bdbc74b9bff094,2026-08-26T03:25:30.347848+00:00,0,0
1801,국립나주병원,국립나주병원,http://www.kwacc.or.kr/CertificationSite/WA/1801/Detail?page=63,http://www.najumh.go.kr,EXPIRED,2023-12-20,2024-12-19,63,6,http://www.kwacc.or.kr/CertificationSite/WA/List?page=63,fa33c8deaf1818b6e419827e49e9f740c0a223ab2c48bf30e4bdbc74b9bff094,2026-08-26T03:25:30.347848+00:00,0,0
1805,헬스맵,국립중앙의료원,http://www.kwacc.or.kr/CertificationSite/WA/1805/Detail?page=63,https://www.healthmap.or.kr,EXPIRED,2023-12-18,2024-12-17,63,7,http://www.kwacc.or.kr/CertificationSite/WA/List?page=63,fa33c8deaf1818b6e419827e49e9f740c0a223ab2c48bf30e4bdbc74b9bff094,2026-08-26T03:25:30.347848+00:00,0,0
1821,한국철도공사 기업홍보,한국철도공사,http://www.kwacc.or.kr/CertificationSite/WA/1821/Detail?page=63,https://info.korail.com,EXPIRED,2023-12-15,2024-12-14,63,8,http://www.kwacc.or.kr/CertificationSite/WA/List?page=63,fa33c8deaf1818b6e419827e49e9f740c0a223ab2c48bf30e4bdbc74b9bff094,2026-08-26T03:25:30.347848+00:00,0,0
1795,보건복지부 대표,보건복지부,http://www.kwacc.or.kr/CertificationSite/WA/1795/Detail?page=63,https://www.mohw.go.kr,EXPIRED,2023-12-13,2024-12-12,63,9,http://www.kwacc.or.kr/CertificationSite/WA/List?page=63,fa33c8deaf1818b6e419827e49e9f740c0a223ab2c48bf30e4bdbc74b9bff094,2026-08-26T03:25:30.347848+00:00,0,0
1794,서울도시계획포털,서울특별시,http://www.kwacc.or.kr/CertificationSite/WA/1794/Detail?page=63,https://urban.seoul.go.kr,EXPIRED,2023-12-13,2024-12-12,63,10,http://www.kwacc.or.kr/CertificationSite/WA/List?page=63,fa33c8deaf1818b6e419827e49e9f740c0a223ab2c48bf30e4bdbc74b9bff094,2026-08-26T03:25:30.347848+00:00,0,0
1835,주택관리공단,주택관리공단 주식회사,http://www.kwacc.or.kr/CertificationSite/WA/1835/Detail?page=64,https://www.kohom.or.kr,EXPIRED,2023-12-12,2024-12-11,64,1,http://www.kwacc.or.kr/CertificationSite/WA/List?page=64,d15593bcdd1bcc0044d7f0a8595d4ad69218a983e65cc9206ee1a1fcf090b8c1,2026-08-26T03:25:31.141045+00:00,0,0
1831,사회보험통합징수포털,국민건강보험공단,http://www.kwacc.or.kr/CertificationSite/WA/1831/Detail?page=64,https://si4n.nhis.or.kr,EXPIRED,2023-12-12,2024-12-11,64,2,http://www.kwacc.or.kr/CertificationSite/WA/List?page=64,d15593bcdd1bcc0044d7f0a8595d4ad69218a983e65cc9206ee1a1fcf090b8c1,2026-08-26T03:25:31.141045+00:00,0,0
1820,한국해운조합,한국해운조합,http://www.kwacc.or.kr/CertificationSite/WA/1820/Detail?page=64,https://www.theksa.or.kr,EXPIRED,2023-12-11,2024-12-10,64,3,http://www.kwacc.or.kr/CertificationSite/WA/List?page=64,d15593bcdd1bcc0044d7f0a8595d4ad69218a983e65cc9206ee1a1fcf090b8c1,2026-08-26T03:25:31.141045+00:00,0,0
1802,나주시청,나주시청,http://www.kwacc.or.kr/CertificationSite/WA/1802/Detail?page=64,https://www.naju.go.kr/www,EXPIRED,2023-12-09,2024-12-08,64,4,http://www.kwacc.or.kr/CertificationSite/WA/List?page=64,d15593bcdd1bcc0044d7f0a8595d4ad69218a983e65cc9206ee1a1fcf090b8c1,2026-08-26T03:25:31.141045+00:00,0,0
1793,안마사랑 ULTRA 2.0,주식회사 엠브이아이,http://www.kwacc.or.kr/CertificationSite/WA/1793/Detail?page=64,https://www.mvi-erp.com,EXPIRED,2023-12-08,2024-12-07,64,5,http://www.kwacc.or.kr/CertificationSite/WA/List?page=64,d15593bcdd1bcc0044d7f0a8595d4ad69218a983e65cc9206ee1a1fcf090b8c1,2026-08-26T03:25:31.141045+00:00,0,0
1782,보육포털서비스,서울특별시,http://www.kwacc.or.kr/CertificationSite/WA/1782/Detail?page=64,https://iseoul.seoul.go.kr,EXPIRED,2023-12-07,2024-12-06,64,6,http://www.kwacc.or.kr/CertificationSite/WA/List?page=64,d15593bcdd1bcc0044d7f0a8595d4ad69218a983e65cc9206ee1a1fcf090b8c1,2026-08-26T03:25:31.141045+00:00,0,0
1781,아리수 홍보관,서울특별시 상수도사업본부,http://www.kwacc.or.kr/CertificationSite/WA/1781/Detail?page=64,https://e-arisu.seoul.go.kr,EXPIRED,2023-12-04,2024-12-03,64,7,http://www.kwacc.or.kr/CertificationSite/WA/List?page=64,d15593bcdd1bcc0044d7f0a8595d4ad69218a983e65cc9206ee1a1fcf090b8c1,2026-08-26T03:25:31.141045+00:00,0,0
1791,장애인e배움터,한국저작권위원회,http://www.kwacc.or.kr/CertificationSite/WA/1791/Detail?page=64,https://edu-copyright.or.kr/dsprUser/main/main.do,EXPIRED,2023-12-01,2024-11-30,64,8,http://www.kwacc.or.kr/CertificationSite/WA/List?page=64,d15593bcdd1bcc0044d7f0a8595d4ad69218a983e65cc9206ee1a1fcf090b8c1,2026-08-26T03:25:31.141045+00:00,0,0
1830,전남소방본부,전라남도소방본부,http://www.kwacc.or.kr/CertificationSite/WA/1830/Detail?page=64,https://www.jnsobang.go.kr,EXPIRED,2023-11-30,2024-11-29,64,9,http://www.kwacc.or.kr/CertificationSite/WA/List?page=64,d15593bcdd1bcc0044d7f0a8595d4ad69218a983e65cc9206ee1a1fcf090b8c1,2026-08-26T03:25:31.141045+00:00,0,0
1789,서울바이오허브,한국보건산업진흥원,http://www.kwacc.or.kr/CertificationSite/WA/1789/Detail?page=64,https://www.seoulbiohub.kr,EXPIRED,2023-11-30,2024-11-29,64,10,http://www.kwacc.or.kr/CertificationSite/WA/List?page=64,d15593bcdd1bcc0044d7f0a8595d4ad69218a983e65cc9206ee1a1fcf090b8c1,2026-08-26T03:25:31.141045+00:00,0,0
1787,서울시 S-APT 시스템,서울특별시,http://www.kwacc.or.kr/CertificationSite/WA/1787/Detail?page=65,https://s-apt.seoul.go.kr,EXPIRED,2023-11-29,2024-11-28,65,1,http://www.kwacc.or.kr/CertificationSite/WA/List?page=65,47c6d6d30fb114f7faf9d3eb52db740371c237a477b1d453f0f75f22242f6a09,2026-08-26T03:25:31.927649+00:00,0,0
1778,의왕도시공사 대표,의왕도시공사,http://www.kwacc.or.kr/CertificationSite/WA/1778/Detail?page=65,https://www.uuc.or.kr,EXPIRED,2023-11-27,2024-11-26,65,2,http://www.kwacc.or.kr/CertificationSite/WA/List?page=65,47c6d6d30fb114f7faf9d3eb52db740371c237a477b1d453f0f75f22242f6a09,2026-08-26T03:25:31.927649+00:00,0,0
1777,무안군청,무안군청,http://www.kwacc.or.kr/CertificationSite/WA/1777/Detail?page=65,https://www.muan.go.kr/www,EXPIRED,2023-11-26,2024-11-25,65,3,http://www.kwacc.or.kr/CertificationSite/WA/List?page=65,47c6d6d30fb114f7faf9d3eb52db740371c237a477b1d453f0f75f22242f6a09,2026-08-26T03:25:31.927649+00:00,0,0
1786,디지털배움터,한국지능정보사회진흥원,http://www.kwacc.or.kr/CertificationSite/WA/1786/Detail?page=65,https://www.k-dcc.or.kr,EXPIRED,2023-11-22,2024-11-21,65,4,http://www.kwacc.or.kr/CertificationSite/WA/List?page=65,47c6d6d30fb114f7faf9d3eb52db740371c237a477b1d453f0f75f22242f6a09,2026-08-26T03:25:31.927649+00:00,0,0
1780,부산남구평생학습센터,부산광역시남구청,http://www.kwacc.or.kr/CertificationSite/WA/1780/Detail?page=65,https://www.bsnamgu.go.kr/edu,EXPIRED,2023-11-21,2024-11-20,65,5,http://www.kwacc.or.kr/CertificationSite/WA/List?page=65,47c6d6d30fb114f7faf9d3eb52db740371c237a477b1d453f0f75f22242f6a09,2026-08-26T03:25:31.927649+00:00,0,0
1776,국립춘천병원,국립춘천병원,http://www.kwacc.or.kr/CertificationSite/WA/1776/Detail?page=65,http://www.cnmh.go.kr,EXPIRED,2023-11-21,2024-11-20,65,6,http://www.kwacc.or.kr/CertificationSite/WA/List?page=65,47c6d6d30fb114f7faf9d3eb52db740371c237a477b1d453f0f75f22242f6a09,2026-08-26T03:25:31.927649+00:00,0,0
1767,국립부곡병원,국립부곡병원,http://www.kwacc.or.kr/CertificationSite/WA/1767/Detail?page=65,http://www.bgnmh.go.kr,EXPIRED,2023-11-21,2024-11-20,65,7,http://www.kwacc.or.kr/CertificationSite/WA/List?page=65,47c6d6d30fb114f7faf9d3eb52db740371c237a477b1d453f0f75f22242f6a09,2026-08-26T03:25:31.927649+00:00,0,0
1766,국립공주병원,국립공주병원,http://www.kwacc.or.kr/CertificationSite/WA/1766/Detail?page=65,http://www.knmh.go.kr/,EXPIRED,2023-11-21,2024-11-20,65,8,http://www.kwacc.or.kr/CertificationSite/WA/List?page=65,47c6d6d30fb114f7faf9d3eb52db740371c237a477b1d453f0f75f22242f6a09,2026-08-26T03:25:31.927649+00:00,0,0
1807,이노비즈넷,(사)중소기업기술혁신협회,http://www.kwacc.or.kr/CertificationSite/WA/1807/Detail?page=65,https://www.innobiz.net,EXPIRED,2023-11-20,2024-11-19,65,9,http://www.kwacc.or.kr/CertificationSite/WA/List?page=65,47c6d6d30fb114f7faf9d3eb52db740371c237a477b1d453f0f75f22242f6a09,2026-08-26T03:25:31.927649+00:00,0,0
1829,서울시립교향악단 대표,재단법인 서울시립교향악단,http://www.kwacc.or.kr/CertificationSite/WA/1829/Detail?page=65,https://seoulphil.or.kr,EXPIRED,2023-11-17,2024-11-16,65,10,http://www.kwacc.or.kr/CertificationSite/WA/List?page=65,47c6d6d30fb114f7faf9d3eb52db740371c237a477b1d453f0f75f22242f6a09,2026-08-26T03:25:31.927649+00:00,0,0
1779,상수도사업본부,서울특별시 상수도사업본부,http://www.kwacc.or.kr/CertificationSite/WA/1779/Detail?page=66,https://arisu.seoul.go.kr,EXPIRED,2023-11-17,2024-11-16,66,1,http://www.kwacc.or.kr/CertificationSite/WA/List?page=66,62707a20f69352a6a1c45d7ec1f60009935867e74d2d83e264372cad1610590a,2026-08-26T03:25:32.714526+00:00,0,0
1788,서울일자리포털,서울특별시,http://www.kwacc.or.kr/CertificationSite/WA/1788/Detail?page=66,https://job.seoul.go.kr,EXPIRED,2023-11-11,2024-11-10,66,2,http://www.kwacc.or.kr/CertificationSite/WA/List?page=66,62707a20f69352a6a1c45d7ec1f60009935867e74d2d83e264372cad1610590a,2026-08-26T03:25:32.714526+00:00,0,0
1833,관악문화재단,관악문화재단,http://www.kwacc.or.kr/CertificationSite/WA/1833/Detail?page=66,https://gfac.or.kr,EXPIRED,2023-11-09,2024-11-08,66,3,http://www.kwacc.or.kr/CertificationSite/WA/List?page=66,62707a20f69352a6a1c45d7ec1f60009935867e74d2d83e264372cad1610590a,2026-08-26T03:25:32.714526+00:00,0,0
1806,한전산업개발(국문),한전산업개발(주),http://www.kwacc.or.kr/CertificationSite/WA/1806/Detail?page=66,http://kepid.co.kr,EXPIRED,2023-11-08,2024-11-07,66,4,http://www.kwacc.or.kr/CertificationSite/WA/List?page=66,62707a20f69352a6a1c45d7ec1f60009935867e74d2d83e264372cad1610590a,2026-08-26T03:25:32.714526+00:00,0,0
1783,정보시스템감리사,한국지능정보사회진흥원,http://www.kwacc.or.kr/CertificationSite/WA/1783/Detail?page=66,https://auditor.nia.or.kr,EXPIRED,2023-11-04,2024-11-03,66,5,http://www.kwacc.or.kr/CertificationSite/WA/List?page=66,62707a20f69352a6a1c45d7ec1f60009935867e74d2d83e264372cad1610590a,2026-08-26T03:25:32.714526+00:00,0,0
1758,용인문화재단 대표,재단법인 용인문화재단,http://www.kwacc.or.kr/CertificationSite/WA/1758/Detail?page=66,https://www.yicf.or.kr,EXPIRED,2023-11-03,2024-11-02,66,6,http://www.kwacc.or.kr/CertificationSite/WA/List?page=66,62707a20f69352a6a1c45d7ec1f60009935867e74d2d83e264372cad1610590a,2026-08-26T03:25:32.714526+00:00,0,0
1765,기초연금,보건복지부,http://www.kwacc.or.kr/CertificationSite/WA/1765/Detail?page=66,http://basicpension.mohw.go.kr,EXPIRED,2023-11-02,2024-11-01,66,7,http://www.kwacc.or.kr/CertificationSite/WA/List?page=66,62707a20f69352a6a1c45d7ec1f60009935867e74d2d83e264372cad1610590a,2026-08-26T03:25:32.714526+00:00,0,0
1756,지방공공기관 경영정보공개시스템(클린아이),행정안전부,http://www.kwacc.or.kr/CertificationSite/WA/1756/Detail?page=66,http://www.cleaneye.go.kr,EXPIRED,2023-11-01,2024-10-31,66,8,http://www.kwacc.or.kr/CertificationSite/WA/List?page=66,62707a20f69352a6a1c45d7ec1f60009935867e74d2d83e264372cad1610590a,2026-08-26T03:25:32.714526+00:00,0,0
1790,경기도장애인복지종합지원센터 누림,경기도장애인복지종합지원센터,http://www.kwacc.or.kr/CertificationSite/WA/1790/Detail?page=66,https://www.ggnurim.or.kr,EXPIRED,2023-10-30,2024-10-29,66,9,http://www.kwacc.or.kr/CertificationSite/WA/List?page=66,62707a20f69352a6a1c45d7ec1f60009935867e74d2d83e264372cad1610590a,2026-08-26T03:25:32.714526+00:00,0,0
1773,푸본현대생명 모바일웹,푸본현대생명보험 주식회사,http://www.kwacc.or.kr/CertificationSite/WA/1773/Detail?page=66,https://www.fubonhyundai.com,EXPIRED,2023-10-27,2024-10-26,66,10,http://www.kwacc.or.kr/CertificationSite/WA/List?page=66,62707a20f69352a6a1c45d7ec1f60009935867e74d2d83e264372cad1610590a,2026-08-26T03:25:32.714526+00:00,0,0
1772,푸본현대생명,푸본현대생명보험 주식회사,http://www.kwacc.or.kr/CertificationSite/WA/1772/Detail?page=67,https://www.fubonhyundai.com,EXPIRED,2023-10-27,2024-10-26,67,1,http://www.kwacc.or.kr/CertificationSite/WA/List?page=67,fe1a6486ba4ace34d77bf8c04b80fb4b0ac37cc83966ae3a81368df85ee0f5ca,2026-08-26T03:25:33.503729+00:00,0,0
1775,서울시(다국어),서울시,http://www.kwacc.or.kr/CertificationSite/WA/1775/Detail?page=67,https://world.seoul.go.kr,EXPIRED,2023-10-26,2024-10-25,67,2,http://www.kwacc.or.kr/CertificationSite/WA/List?page=67,fe1a6486ba4ace34d77bf8c04b80fb4b0ac37cc83966ae3a81368df85ee0f5ca,2026-08-26T03:25:33.503729+00:00,0,0
1774,서울시(일어),서울시,http://www.kwacc.or.kr/CertificationSite/WA/1774/Detail?page=67,https://japanese.seoul.go.kr,EXPIRED,2023-10-26,2024-10-25,67,3,http://www.kwacc.or.kr/CertificationSite/WA/List?page=67,fe1a6486ba4ace34d77bf8c04b80fb4b0ac37cc83966ae3a81368df85ee0f5ca,2026-08-26T03:25:33.503729+00:00,0,0
1770,서울시(중국어-번체),서울시,http://www.kwacc.or.kr/CertificationSite/WA/1770/Detail?page=67,https://tchinese.seoul.go.kr,EXPIRED,2023-10-26,2024-10-25,67,4,http://www.kwacc.or.kr/CertificationSite/WA/List?page=67,fe1a6486ba4ace34d77bf8c04b80fb4b0ac37cc83966ae3a81368df85ee0f5ca,2026-08-26T03:25:33.503729+00:00,0,0
1769,서울시(중국어-간체),서울시,http://www.kwacc.or.kr/CertificationSite/WA/1769/Detail?page=67,https://chinese.seoul.go.kr,EXPIRED,2023-10-26,2024-10-25,67,5,http://www.kwacc.or.kr/CertificationSite/WA/List?page=67,fe1a6486ba4ace34d77bf8c04b80fb4b0ac37cc83966ae3a81368df85ee0f5ca,2026-08-26T03:25:33.503729+00:00,0,0
1768,서울시(영어),서울시,http://www.kwacc.or.kr/CertificationSite/WA/1768/Detail?page=67,https://english.seoul.go.kr,EXPIRED,2023-10-26,2024-10-25,67,6,http://www.kwacc.or.kr/CertificationSite/WA/List?page=67,fe1a6486ba4ace34d77bf8c04b80fb4b0ac37cc83966ae3a81368df85ee0f5ca,2026-08-26T03:25:33.503729+00:00,0,0
1754,에코뱅크,국립생태원,http://www.kwacc.or.kr/CertificationSite/WA/1754/Detail?page=67,https://nie-ecobank.kr/,EXPIRED,2023-10-26,2024-10-25,67,7,http://www.kwacc.or.kr/CertificationSite/WA/List?page=67,fe1a6486ba4ace34d77bf8c04b80fb4b0ac37cc83966ae3a81368df85ee0f5ca,2026-08-26T03:25:33.503729+00:00,0,0
1753,의료 마이데이터 사용자 포털,보건복지부,http://www.kwacc.or.kr/CertificationSite/WA/1753/Detail?page=67,https://www.myhealthway.go.kr,EXPIRED,2023-10-26,2024-10-25,67,8,http://www.kwacc.or.kr/CertificationSite/WA/List?page=67,fe1a6486ba4ace34d77bf8c04b80fb4b0ac37cc83966ae3a81368df85ee0f5ca,2026-08-26T03:25:33.503729+00:00,0,0
1752,수원도시공사,수원도시공사,http://www.kwacc.or.kr/CertificationSite/WA/1752/Detail?page=67,https://www.suwonudc.co.kr,EXPIRED,2023-10-24,2024-10-23,67,9,http://www.kwacc.or.kr/CertificationSite/WA/List?page=67,fe1a6486ba4ace34d77bf8c04b80fb4b0ac37cc83966ae3a81368df85ee0f5ca,2026-08-26T03:25:33.503729+00:00,0,0
1764,문화체육관광부 i-나루,문화체육관광부,http://www.kwacc.or.kr/CertificationSite/WA/1764/Detail?page=67,https://inaru.mcst.go.kr,EXPIRED,2023-10-23,2024-10-22,67,10,http://www.kwacc.or.kr/CertificationSite/WA/List?page=67,fe1a6486ba4ace34d77bf8c04b80fb4b0ac37cc83966ae3a81368df85ee0f5ca,2026-08-26T03:25:33.503729+00:00,0,0
1759,인사혁신처 대표,인사혁신처,http://www.kwacc.or.kr/CertificationSite/WA/1759/Detail?page=68,https://www.mpm.go.kr,EXPIRED,2023-10-19,2024-10-18,68,1,http://www.kwacc.or.kr/CertificationSite/WA/List?page=68,b46a380ef566c79c470f3120525f78bc46de3f29670c92d04c341e519fbe3931,2026-08-26T03:25:34.293694+00:00,0,0
1755,오송생명과학단지지원센터,오송생명과학단지지원센터,http://www.kwacc.or.kr/CertificationSite/WA/1755/Detail?page=68,https://osong.mohw.go.kr,EXPIRED,2023-10-18,2024-10-17,68,2,http://www.kwacc.or.kr/CertificationSite/WA/List?page=68,b46a380ef566c79c470f3120525f78bc46de3f29670c92d04c341e519fbe3931,2026-08-26T03:25:34.293694+00:00,0,0
1745,서울런,서울특별시,http://www.kwacc.or.kr/CertificationSite/WA/1745/Detail?page=68,https://slearn.eseoul.go.kr,EXPIRED,2023-10-17,2024-10-16,68,3,http://www.kwacc.or.kr/CertificationSite/WA/List?page=68,b46a380ef566c79c470f3120525f78bc46de3f29670c92d04c341e519fbe3931,2026-08-26T03:25:34.293694+00:00,0,0
1743,원격영상진로멘토링,한국청년기업가정신재단,http://www.kwacc.or.kr/CertificationSite/WA/1743/Detail?page=68,https://mentoring.career.go.kr,EXPIRED,2023-10-13,2024-10-12,68,4,http://www.kwacc.or.kr/CertificationSite/WA/List?page=68,b46a380ef566c79c470f3120525f78bc46de3f29670c92d04c341e519fbe3931,2026-08-26T03:25:34.293694+00:00,0,0
1741,2050탄소중립녹색성장위원회,2050탄소중립녹색성장위원회,http://www.kwacc.or.kr/CertificationSite/WA/1741/Detail?page=68,https://www.2050cnc.go.kr,EXPIRED,2023-10-13,2024-10-12,68,5,http://www.kwacc.or.kr/CertificationSite/WA/List?page=68,b46a380ef566c79c470f3120525f78bc46de3f29670c92d04c341e519fbe3931,2026-08-26T03:25:34.293694+00:00,0,0
1761,PIMAC 평가관리시스템,한국개발연구원,http://www.kwacc.or.kr/CertificationSite/WA/1761/Detail?page=68,https://expert.kdi.re.kr,EXPIRED,2023-10-12,2024-10-11,68,6,http://www.kwacc.or.kr/CertificationSite/WA/List?page=68,b46a380ef566c79c470f3120525f78bc46de3f29670c92d04c341e519fbe3931,2026-08-26T03:25:34.293694+00:00,0,0
1740,경기도경제과학진흥원 대표,경기도경제과학진흥원,http://www.kwacc.or.kr/CertificationSite/WA/1740/Detail?page=68,https://www.gbsa.or.kr,EXPIRED,2023-10-12,2024-10-11,68,7,http://www.kwacc.or.kr/CertificationSite/WA/List?page=68,b46a380ef566c79c470f3120525f78bc46de3f29670c92d04c341e519fbe3931,2026-08-26T03:25:34.293694+00:00,0,0
1746,현대에이치디에스,현대에이치디에스(주),http://www.kwacc.or.kr/CertificationSite/WA/1746/Detail?page=68,https://www.hyundaihds.com,EXPIRED,2023-10-10,2024-10-09,68,8,http://www.kwacc.or.kr/CertificationSite/WA/List?page=68,b46a380ef566c79c470f3120525f78bc46de3f29670c92d04c341e519fbe3931,2026-08-26T03:25:34.293694+00:00,0,0
1747,국립재활원 장애인건강검진센터,국립재활원,http://www.kwacc.or.kr/CertificationSite/WA/1747/Detail?page=68,http://www.nrc.go.kr/checkup/main.do,EXPIRED,2023-10-07,2024-10-06,68,9,http://www.kwacc.or.kr/CertificationSite/WA/List?page=68,b46a380ef566c79c470f3120525f78bc46de3f29670c92d04c341e519fbe3931,2026-08-26T03:25:34.293694+00:00,0,0
1744,국립장기조직혈액관리원,국립장기조직혈액관리원,http://www.kwacc.or.kr/CertificationSite/WA/1744/Detail?page=68,https://www.konos.go.kr,EXPIRED,2023-10-07,2024-10-06,68,10,http://www.kwacc.or.kr/CertificationSite/WA/List?page=68,b46a380ef566c79c470f3120525f78bc46de3f29670c92d04c341e519fbe3931,2026-08-26T03:25:34.293694+00:00,0,0
1757,방송문화진흥회,방송문화진흥회,http://www.kwacc.or.kr/CertificationSite/WA/1757/Detail?page=69,https://www.fbc.or.kr,EXPIRED,2023-10-04,2024-10-03,69,1,http://www.kwacc.or.kr/CertificationSite/WA/List?page=69,dad491eac93de573ec1e66961b4f108759143e12f673a82cbe38fe6f71290dd2,2026-08-26T03:25:35.084064+00:00,0,0
1763,한국서부발전 대표,한국서부발전주식회사,http://www.kwacc.or.kr/CertificationSite/WA/1763/Detail?page=69,https://www.iwest.co.kr,EXPIRED,2023-09-25,2024-09-24,69,2,http://www.kwacc.or.kr/CertificationSite/WA/List?page=69,dad491eac93de573ec1e66961b4f108759143e12f673a82cbe38fe6f71290dd2,2026-08-26T03:25:35.084064+00:00,0,0
1762,안양도시공사 대표,안양도시공사,http://www.kwacc.or.kr/CertificationSite/WA/1762/Detail?page=69,https://auc.or.kr,EXPIRED,2023-09-20,2024-09-19,69,3,http://www.kwacc.or.kr/CertificationSite/WA/List?page=69,dad491eac93de573ec1e66961b4f108759143e12f673a82cbe38fe6f71290dd2,2026-08-26T03:25:35.084064+00:00,0,0
1737,의사자추모관,보건복지부,http://www.kwacc.or.kr/CertificationSite/WA/1737/Detail?page=69,https://www.mohw.go.kr/memorial,EXPIRED,2023-09-21,2024-09-20,69,4,http://www.kwacc.or.kr/CertificationSite/WA/List?page=69,dad491eac93de573ec1e66961b4f108759143e12f673a82cbe38fe6f71290dd2,2026-08-26T03:25:35.084064+00:00,0,0
1748,서울문화예술대학교 학사관리시스템,서울문화예술대학교,http://www.kwacc.or.kr/CertificationSite/WA/1748/Detail?page=69,https://edu.scau.ac.kr,EXPIRED,2023-09-16,2024-09-15,69,5,http://www.kwacc.or.kr/CertificationSite/WA/List?page=69,dad491eac93de573ec1e66961b4f108759143e12f673a82cbe38fe6f71290dd2,2026-08-26T03:25:35.084064+00:00,0,0
1734,장흥군버섯산업연구원,장흥군버섯산업연구원,http://www.kwacc.or.kr/CertificationSite/WA/1734/Detail?page=69,https://www.jmi.re.kr/www,EXPIRED,2023-09-15,2024-09-14,69,6,http://www.kwacc.or.kr/CertificationSite/WA/List?page=69,dad491eac93de573ec1e66961b4f108759143e12f673a82cbe38fe6f71290dd2,2026-08-26T03:25:35.084064+00:00,0,0
1733,서울대중교통,서울특별시,http://www.kwacc.or.kr/CertificationSite/WA/1733/Detail?page=69,https://bus.go.kr/app/#viewpage/0000002/main.index,EXPIRED,2023-09-15,2024-09-14,69,7,http://www.kwacc.or.kr/CertificationSite/WA/List?page=69,dad491eac93de573ec1e66961b4f108759143e12f673a82cbe38fe6f71290dd2,2026-08-26T03:25:35.084064+00:00,0,0
1738,식품의약품안전평가원,식품의약품안전평가원,http://www.kwacc.or.kr/CertificationSite/WA/1738/Detail?page=69,https://www.nifds.go.kr,EXPIRED,2023-09-14,2024-09-13,69,8,http://www.kwacc.or.kr/CertificationSite/WA/List?page=69,dad491eac93de573ec1e66961b4f108759143e12f673a82cbe38fe6f71290dd2,2026-08-26T03:25:35.084064+00:00,0,0
1749,상수도사업본부(영어),서울특별시 상수도사업본부,http://www.kwacc.or.kr/CertificationSite/WA/1749/Detail?page=69,https://arisu.seoul.go.kr/sudo_eng,EXPIRED,2023-09-13,2024-09-12,69,9,http://www.kwacc.or.kr/CertificationSite/WA/List?page=69,dad491eac93de573ec1e66961b4f108759143e12f673a82cbe38fe6f71290dd2,2026-08-26T03:25:35.084064+00:00,0,0
1739,삼성전자승마단,삼성전자(주),http://www.kwacc.or.kr/CertificationSite/WA/1739/Detail?page=69,https://horse.samsung.com,EXPIRED,2023-09-12,2024-09-11,69,10,http://www.kwacc.or.kr/CertificationSite/WA/List?page=69,dad491eac93de573ec1e66961b4f108759143e12f673a82cbe38fe6f71290dd2,2026-08-26T03:25:35.084064+00:00,0,0
1751,서울문화예술대학교 입학지원센터,서울문화예술대학교,http://www.kwacc.or.kr/CertificationSite/WA/1751/Detail?page=70,https://ipsi.scau.ac.kr,EXPIRED,2023-09-11,2024-09-10,70,1,http://www.kwacc.or.kr/CertificationSite/WA/List?page=70,e2cb10a6c6b9a28566b3455eed8c567f6e7f7055735113da2fd32c50826523f0,2026-08-26T03:25:35.868646+00:00,0,0
1750,서울문화예술대학교,서울문화예술대학교,http://www.kwacc.or.kr/CertificationSite/WA/1750/Detail?page=70,https://www.scau.ac.kr,EXPIRED,2023-09-11,2024-09-10,70,2,http://www.kwacc.or.kr/CertificationSite/WA/List?page=70,e2cb10a6c6b9a28566b3455eed8c567f6e7f7055735113da2fd32c50826523f0,2026-08-26T03:25:35.868646+00:00,0,0
1729,한국농어촌공사,한국농어촌공사,http://www.kwacc.or.kr/CertificationSite/WA/1729/Detail?page=70,https://www.ekr.or.kr,EXPIRED,2023-09-05,2024-09-04,70,3,http://www.kwacc.or.kr/CertificationSite/WA/List?page=70,e2cb10a6c6b9a28566b3455eed8c567f6e7f7055735113da2fd32c50826523f0,2026-08-26T03:25:35.868646+00:00,0,0
1742,청소년기업가체험프로그램,한국청년기업가정신재단,http://www.kwacc.or.kr/CertificationSite/WA/1742/Detail?page=70,https://yeep.go.kr,EXPIRED,2023-09-03,2024-09-02,70,4,http://www.kwacc.or.kr/CertificationSite/WA/List?page=70,e2cb10a6c6b9a28566b3455eed8c567f6e7f7055735113da2fd32c50826523f0,2026-08-26T03:25:35.868646+00:00,0,0
1726,주식회사 E1,주식회사 E1,http://www.kwacc.or.kr/CertificationSite/WA/1726/Detail?page=70,https://www.e1.co.kr,EXPIRED,2023-09-01,2024-08-31,70,5,http://www.kwacc.or.kr/CertificationSite/WA/List?page=70,e2cb10a6c6b9a28566b3455eed8c567f6e7f7055735113da2fd32c50826523f0,2026-08-26T03:25:35.868646+00:00,0,0
1725,우체국소포,우정사업본부,http://www.kwacc.or.kr/CertificationSite/WA/1725/Detail?page=70,https://parcel.epost.go.kr,EXPIRED,2023-09-01,2024-08-31,70,6,http://www.kwacc.or.kr/CertificationSite/WA/List?page=70,e2cb10a6c6b9a28566b3455eed8c567f6e7f7055735113da2fd32c50826523f0,2026-08-26T03:25:35.868646+00:00,0,0
1723,국립망향의동산,국립망향의동산관리원,http://www.kwacc.or.kr/CertificationSite/WA/1723/Detail?page=70,http://www.nmhc.go.kr,EXPIRED,2023-08-27,2024-08-26,70,7,http://www.kwacc.or.kr/CertificationSite/WA/List?page=70,e2cb10a6c6b9a28566b3455eed8c567f6e7f7055735113da2fd32c50826523f0,2026-08-26T03:25:35.868646+00:00,0,0
1714,여수시청,여수시청,http://www.kwacc.or.kr/CertificationSite/WA/1714/Detail?page=70,https://www.yeosu.go.kr/www,EXPIRED,2023-08-27,2024-08-26,70,8,http://www.kwacc.or.kr/CertificationSite/WA/List?page=70,e2cb10a6c6b9a28566b3455eed8c567f6e7f7055735113da2fd32c50826523f0,2026-08-26T03:25:35.868646+00:00,0,0
1730,커리어넷,한국직업능력연구원,http://www.kwacc.or.kr/CertificationSite/WA/1730/Detail?page=70,https://www.career.go.kr,EXPIRED,2023-08-24,2024-08-23,70,9,http://www.kwacc.or.kr/CertificationSite/WA/List?page=70,e2cb10a6c6b9a28566b3455eed8c567f6e7f7055735113da2fd32c50826523f0,2026-08-26T03:25:35.868646+00:00,0,0
1732,한국전력공사(모바일웹),한국전력공사,http://www.kwacc.or.kr/CertificationSite/WA/1732/Detail?page=70,https://home.kepco.co.kr,EXPIRED,2023-08-17,2024-08-16,70,10,http://www.kwacc.or.kr/CertificationSite/WA/List?page=70,e2cb10a6c6b9a28566b3455eed8c567f6e7f7055735113da2fd32c50826523f0,2026-08-26T03:25:35.868646+00:00,0,0
1731,한국전력공사,한국전력공사,http://www.kwacc.or.kr/CertificationSite/WA/1731/Detail?page=71,https://home.kepco.co.kr,EXPIRED,2023-08-17,2024-08-16,71,1,http://www.kwacc.or.kr/CertificationSite/WA/List?page=71,3cc6b4b9288ac23aaebddac6de6437a4774b6b01497548ac874b9360143f4e4c,2026-08-26T03:25:36.656696+00:00,0,0
1735,주차정보안내시스템,서울특별시,http://www.kwacc.or.kr/CertificationSite/WA/1735/Detail?page=71,https://parking.seoul.go.kr,EXPIRED,2023-08-10,2024-08-09,71,2,http://www.kwacc.or.kr/CertificationSite/WA/List?page=71,3cc6b4b9288ac23aaebddac6de6437a4774b6b01497548ac874b9360143f4e4c,2026-08-26T03:25:36.656696+00:00,0,0
1711,한국식품연구원 전자도서관,한국식품연구원,http://www.kwacc.or.kr/CertificationSite/WA/1711/Detail?page=71,https://elib.kfri.re.kr,EXPIRED,2023-08-07,2024-08-06,71,3,http://www.kwacc.or.kr/CertificationSite/WA/List?page=71,3cc6b4b9288ac23aaebddac6de6437a4774b6b01497548ac874b9360143f4e4c,2026-08-26T03:25:36.656696+00:00,0,0
1710,한국식품연구원,한국식품연구원,http://www.kwacc.or.kr/CertificationSite/WA/1710/Detail?page=71,https://www.kfri.re.kr,EXPIRED,2023-08-07,2024-08-06,71,4,http://www.kwacc.or.kr/CertificationSite/WA/List?page=71,3cc6b4b9288ac23aaebddac6de6437a4774b6b01497548ac874b9360143f4e4c,2026-08-26T03:25:36.656696+00:00,0,0
1709,문화유산채널,한국문화재재단,http://www.kwacc.or.kr/CertificationSite/WA/1709/Detail?page=71,https://www.k-heritage.tv,EXPIRED,2023-08-03,2024-08-02,71,5,http://www.kwacc.or.kr/CertificationSite/WA/List?page=71,3cc6b4b9288ac23aaebddac6de6437a4774b6b01497548ac874b9360143f4e4c,2026-08-26T03:25:36.656696+00:00,0,0
1722,명지전문대학,명지전문대학,http://www.kwacc.or.kr/CertificationSite/WA/1722/Detail?page=71,https://www.mjc.ac.kr/mjcIndex.do,EXPIRED,2023-08-02,2024-08-01,71,6,http://www.kwacc.or.kr/CertificationSite/WA/List?page=71,3cc6b4b9288ac23aaebddac6de6437a4774b6b01497548ac874b9360143f4e4c,2026-08-26T03:25:36.656696+00:00,0,0
1771,한국지역난방공사 대표,한국지역난방공사,http://www.kwacc.or.kr/CertificationSite/WA/1771/Detail?page=71,https://www.kdhc.co.kr,EXPIRED,2023-07-28,2024-07-27,71,7,http://www.kwacc.or.kr/CertificationSite/WA/List?page=71,3cc6b4b9288ac23aaebddac6de6437a4774b6b01497548ac874b9360143f4e4c,2026-08-26T03:25:36.656696+00:00,0,0
1708,보성군청,보성군청,http://www.kwacc.or.kr/CertificationSite/WA/1708/Detail?page=71,https://www.boseong.go.kr/www,EXPIRED,2023-07-28,2024-07-27,71,8,http://www.kwacc.or.kr/CertificationSite/WA/List?page=71,3cc6b4b9288ac23aaebddac6de6437a4774b6b01497548ac874b9360143f4e4c,2026-08-26T03:25:36.656696+00:00,0,0
1706,강진군청,강진군청,http://www.kwacc.or.kr/CertificationSite/WA/1706/Detail?page=71,https://www.gangjin.go.kr/?main=true,EXPIRED,2023-07-24,2024-07-23,71,9,http://www.kwacc.or.kr/CertificationSite/WA/List?page=71,3cc6b4b9288ac23aaebddac6de6437a4774b6b01497548ac874b9360143f4e4c,2026-08-26T03:25:36.656696+00:00,0,0
1705,영양군청,영양군청,http://www.kwacc.or.kr/CertificationSite/WA/1705/Detail?page=71,https://www.yyg.go.kr/www,EXPIRED,2023-07-21,2024-07-20,71,10,http://www.kwacc.or.kr/CertificationSite/WA/List?page=71,3cc6b4b9288ac23aaebddac6de6437a4774b6b01497548ac874b9360143f4e4c,2026-08-26T03:25:36.656696+00:00,0,0
1703,규제혁신추진단,규제혁신추진단,http://www.kwacc.or.kr/CertificationSite/WA/1703/Detail?page=72,https://foryou.better.go.kr,EXPIRED,2023-07-21,2024-07-20,72,1,http://www.kwacc.or.kr/CertificationSite/WA/List?page=72,ff981348a6119ae29c718f1066a38e083f6903ad39099643cebf9be53b8a3781,2026-08-26T03:25:37.446724+00:00,0,0
1704,장흥군청,장흥군청,http://www.kwacc.or.kr/CertificationSite/WA/1704/Detail?page=72,https://www.jangheung.go.kr/?main=true,EXPIRED,2023-07-14,2024-07-13,72,2,http://www.kwacc.or.kr/CertificationSite/WA/List?page=72,ff981348a6119ae29c718f1066a38e083f6903ad39099643cebf9be53b8a3781,2026-08-26T03:25:37.446724+00:00,0,0
1700,동해시 정책지도,동해시청,http://www.kwacc.or.kr/CertificationSite/WA/1700/Detail?page=72,https://www.dh.go.kr/policymap,EXPIRED,2023-07-12,2024-07-11,72,3,http://www.kwacc.or.kr/CertificationSite/WA/List?page=72,ff981348a6119ae29c718f1066a38e083f6903ad39099643cebf9be53b8a3781,2026-08-26T03:25:37.446724+00:00,0,0
1699,강서대학교 대표,강서대학교,http://www.kwacc.or.kr/CertificationSite/WA/1699/Detail?page=72,https://gangseo.ac.kr,EXPIRED,2023-07-12,2024-07-11,72,4,http://www.kwacc.or.kr/CertificationSite/WA/List?page=72,ff981348a6119ae29c718f1066a38e083f6903ad39099643cebf9be53b8a3781,2026-08-26T03:25:37.446724+00:00,0,0
1698,에이치씨엔 공식 홈페이지(개인),(주)에이치씨엔,http://www.kwacc.or.kr/CertificationSite/WA/1698/Detail?page=72,https://www.hcn.co.kr,EXPIRED,2023-07-12,2024-07-11,72,5,http://www.kwacc.or.kr/CertificationSite/WA/List?page=72,ff981348a6119ae29c718f1066a38e083f6903ad39099643cebf9be53b8a3781,2026-08-26T03:25:37.446724+00:00,0,0
1702,공공도서관지원서비스,국립중앙도서관,http://www.kwacc.or.kr/CertificationSite/WA/1702/Detail?page=72,https://books.nl.go.kr,EXPIRED,2023-07-08,2024-07-07,72,6,http://www.kwacc.or.kr/CertificationSite/WA/List?page=72,ff981348a6119ae29c718f1066a38e083f6903ad39099643cebf9be53b8a3781,2026-08-26T03:25:37.446724+00:00,0,0
1713,여신금융협회 소비자지원센터,(사)한국여신전문금융업협회,http://www.kwacc.or.kr/CertificationSite/WA/1713/Detail?page=72,https://customer.crefia.or.kr,EXPIRED,2023-07-07,2024-07-06,72,7,http://www.kwacc.or.kr/CertificationSite/WA/List?page=72,ff981348a6119ae29c718f1066a38e083f6903ad39099643cebf9be53b8a3781,2026-08-26T03:25:37.446724+00:00,0,0
1712,여신금융협회 대표,(사)한국여신전문금융업협회,http://www.kwacc.or.kr/CertificationSite/WA/1712/Detail?page=72,https://www.crefia.or.kr,EXPIRED,2023-07-07,2024-07-06,72,8,http://www.kwacc.or.kr/CertificationSite/WA/List?page=72,ff981348a6119ae29c718f1066a38e083f6903ad39099643cebf9be53b8a3781,2026-08-26T03:25:37.446724+00:00,0,0
1721,안산시 평생학습원,안산시 평생학습원,http://www.kwacc.or.kr/CertificationSite/WA/1721/Detail?page=72,https://wm.ansan.go.kr,EXPIRED,2023-06-29,2024-06-28,72,9,http://www.kwacc.or.kr/CertificationSite/WA/List?page=72,ff981348a6119ae29c718f1066a38e083f6903ad39099643cebf9be53b8a3781,2026-08-26T03:25:37.446724+00:00,0,0
1688,화성시 온국민평생장학금,화성시인재육성재단,http://www.kwacc.or.kr/CertificationSite/WA/1688/Detail?page=72,https://www.lls-hstree.org,EXPIRED,2023-06-26,2024-06-25,72,10,http://www.kwacc.or.kr/CertificationSite/WA/List?page=72,ff981348a6119ae29c718f1066a38e083f6903ad39099643cebf9be53b8a3781,2026-08-26T03:25:37.446724+00:00,0,0
1687,경기콘텐츠진흥원 대표,경기콘텐츠진흥원,http://www.kwacc.or.kr/CertificationSite/WA/1687/Detail?page=73,http://gcon.or.kr,EXPIRED,2023-06-26,2024-06-25,73,1,http://www.kwacc.or.kr/CertificationSite/WA/List?page=73,30e76136916795570ac245a1b8068fdccc4ee8a8e1d60f20903ef4beb013a235,2026-08-26T03:25:38.240973+00:00,0,0
1693,한국학사서 글로벌 네트워크,국립중앙도서관,http://www.kwacc.or.kr/CertificationSite/WA/1693/Detail?page=73,https://inkslib.nl.go.kr,EXPIRED,2023-06-15,2024-06-14,73,2,http://www.kwacc.or.kr/CertificationSite/WA/List?page=73,30e76136916795570ac245a1b8068fdccc4ee8a8e1d60f20903ef4beb013a235,2026-08-26T03:25:38.240973+00:00,0,0
1683,울산광역시시각장애인복지관,울산광역시시각장애인복지관,http://www.kwacc.or.kr/CertificationSite/WA/1683/Detail?page=73,http://www.ubr.or.kr,EXPIRED,2023-06-14,2024-06-13,73,3,http://www.kwacc.or.kr/CertificationSite/WA/List?page=73,30e76136916795570ac245a1b8068fdccc4ee8a8e1d60f20903ef4beb013a235,2026-08-26T03:25:38.240973+00:00,0,0
1701,화학물질종합정보시스템,화학물질안전원,http://www.kwacc.or.kr/CertificationSite/WA/1701/Detail?page=73,https://icis.me.go.kr/main.do,EXPIRED,2023-06-10,2024-06-09,73,4,http://www.kwacc.or.kr/CertificationSite/WA/List?page=73,30e76136916795570ac245a1b8068fdccc4ee8a8e1d60f20903ef4beb013a235,2026-08-26T03:25:38.240973+00:00,0,0
1692,사서지원서비스,국립중앙도서관,http://www.kwacc.or.kr/CertificationSite/WA/1692/Detail?page=73,https://librarian.nl.go.kr,EXPIRED,2023-06-09,2024-06-08,73,5,http://www.kwacc.or.kr/CertificationSite/WA/List?page=73,30e76136916795570ac245a1b8068fdccc4ee8a8e1d60f20903ef4beb013a235,2026-08-26T03:25:38.240973+00:00,0,0
1689,사회서비스 전자바우처시스템,한국사회보장정보원,http://www.kwacc.or.kr/CertificationSite/WA/1689/Detail?page=73,https://www.socialservice.or.kr:444,EXPIRED,2023-05-31,2024-05-30,73,6,http://www.kwacc.or.kr/CertificationSite/WA/List?page=73,30e76136916795570ac245a1b8068fdccc4ee8a8e1d60f20903ef4beb013a235,2026-08-26T03:25:38.240973+00:00,0,0
1697,한국도로공사서비스,한국도로공사서비스,http://www.kwacc.or.kr/CertificationSite/WA/1697/Detail?page=73,https://www.exservice.co.kr,EXPIRED,2023-05-26,2024-05-25,73,7,http://www.kwacc.or.kr/CertificationSite/WA/List?page=73,30e76136916795570ac245a1b8068fdccc4ee8a8e1d60f20903ef4beb013a235,2026-08-26T03:25:38.240973+00:00,0,0
1691,LG Content Store(모바일웹),엘지전자 (주),http://www.kwacc.or.kr/CertificationSite/WA/1691/Detail?page=73,https://kr.lgappstv.com,EXPIRED,2023-05-26,2024-05-25,73,8,http://www.kwacc.or.kr/CertificationSite/WA/List?page=73,30e76136916795570ac245a1b8068fdccc4ee8a8e1d60f20903ef4beb013a235,2026-08-26T03:25:38.240973+00:00,0,0
1690,LG Content Store,엘지전자 (주),http://www.kwacc.or.kr/CertificationSite/WA/1690/Detail?page=73,https://kr.lgappstv.com,EXPIRED,2023-05-26,2024-05-25,73,9,http://www.kwacc.or.kr/CertificationSite/WA/List?page=73,30e76136916795570ac245a1b8068fdccc4ee8a8e1d60f20903ef4beb013a235,2026-08-26T03:25:38.240973+00:00,0,0
1682,세계법제정보센터,법제처,http://www.kwacc.or.kr/CertificationSite/WA/1682/Detail?page=73,https://world.moleg.go.kr,EXPIRED,2023-05-26,2024-05-25,73,10,http://www.kwacc.or.kr/CertificationSite/WA/List?page=73,30e76136916795570ac245a1b8068fdccc4ee8a8e1d60f20903ef4beb013a235,2026-08-26T03:25:38.240973+00:00,0,0
1679,대구공공시설관리공단 대표,대구공공시설관리공단,http://www.kwacc.or.kr/CertificationSite/WA/1679/Detail?page=74,https://www.dpfc.or.kr/index.php?type=main,EXPIRED,2023-05-26,2024-05-25,74,1,http://www.kwacc.or.kr/CertificationSite/WA/List?page=74,dbb70b0aec5074eb06ba0b18cce0ac5d565d7267e62db475e4c3b66922d12bd3,2026-08-26T03:25:39.027982+00:00,0,0
1686,한국지능정보사회진흥원 대표(모바일웹),한국지능정보사회진흥원,http://www.kwacc.or.kr/CertificationSite/WA/1686/Detail?page=74,https://www.nia.or.kr,EXPIRED,2023-05-25,2024-05-24,74,2,http://www.kwacc.or.kr/CertificationSite/WA/List?page=74,dbb70b0aec5074eb06ba0b18cce0ac5d565d7267e62db475e4c3b66922d12bd3,2026-08-26T03:25:39.027982+00:00,0,0
1685,한국지능정보사회진흥원 대표,한국지능정보사회진흥원,http://www.kwacc.or.kr/CertificationSite/WA/1685/Detail?page=74,https://www.nia.or.kr,EXPIRED,2023-05-25,2024-05-24,74,3,http://www.kwacc.or.kr/CertificationSite/WA/List?page=74,dbb70b0aec5074eb06ba0b18cce0ac5d565d7267e62db475e4c3b66922d12bd3,2026-08-26T03:25:39.027982+00:00,0,0
1684,시흥도시공사 대표,시흥도시공사,http://www.kwacc.or.kr/CertificationSite/WA/1684/Detail?page=74,https://shsi.or.kr,EXPIRED,2023-05-19,2024-05-18,74,4,http://www.kwacc.or.kr/CertificationSite/WA/List?page=74,dbb70b0aec5074eb06ba0b18cce0ac5d565d7267e62db475e4c3b66922d12bd3,2026-08-26T03:25:39.027982+00:00,0,0
1678,행복나눔재단,행복나눔재단,http://www.kwacc.or.kr/CertificationSite/WA/1678/Detail?page=74,http://www.skhappiness.org,EXPIRED,2023-05-19,2024-05-18,74,5,http://www.kwacc.or.kr/CertificationSite/WA/List?page=74,dbb70b0aec5074eb06ba0b18cce0ac5d565d7267e62db475e4c3b66922d12bd3,2026-08-26T03:25:39.027982+00:00,0,0
1676,세종예술의전당,세종시문화재단,http://www.kwacc.or.kr/CertificationSite/WA/1676/Detail?page=74,https://www.sjac.or.kr/base/main/view,EXPIRED,2023-05-19,2024-05-18,74,6,http://www.kwacc.or.kr/CertificationSite/WA/List?page=74,dbb70b0aec5074eb06ba0b18cce0ac5d565d7267e62db475e4c3b66922d12bd3,2026-08-26T03:25:39.027982+00:00,0,0
1674,보건복지부 어린이,보건복지부,http://www.kwacc.or.kr/CertificationSite/WA/1674/Detail?page=74,http://www.mohw.go.kr/kids,EXPIRED,2023-05-19,2024-05-18,74,7,http://www.kwacc.or.kr/CertificationSite/WA/List?page=74,dbb70b0aec5074eb06ba0b18cce0ac5d565d7267e62db475e4c3b66922d12bd3,2026-08-26T03:25:39.027982+00:00,0,0
1673,한국벤처투자,한국벤처투자,http://www.kwacc.or.kr/CertificationSite/WA/1673/Detail?page=74,https://www.kvic.or.kr,EXPIRED,2023-05-19,2024-05-18,74,8,http://www.kwacc.or.kr/CertificationSite/WA/List?page=74,dbb70b0aec5074eb06ba0b18cce0ac5d565d7267e62db475e4c3b66922d12bd3,2026-08-26T03:25:39.027982+00:00,0,0
1671,(GB)글로벌이노에듀,(GB)글로벌이노에듀,http://www.kwacc.or.kr/CertificationSite/WA/1671/Detail?page=74,https://www.cybermba.com,EXPIRED,2023-05-19,2024-05-18,74,9,http://www.kwacc.or.kr/CertificationSite/WA/List?page=74,dbb70b0aec5074eb06ba0b18cce0ac5d565d7267e62db475e4c3b66922d12bd3,2026-08-26T03:25:39.027982+00:00,0,0
1680,국립중앙도서관,국립중앙도서관,http://www.kwacc.or.kr/CertificationSite/WA/1680/Detail?page=74,https://nl.go.kr,EXPIRED,2023-05-13,2024-05-12,74,10,http://www.kwacc.or.kr/CertificationSite/WA/List?page=74,dbb70b0aec5074eb06ba0b18cce0ac5d565d7267e62db475e4c3b66922d12bd3,2026-08-26T03:25:39.027982+00:00,0,0
1681,해양교육포털,한국해양재단,http://www.kwacc.or.kr/CertificationSite/WA/1681/Detail?page=75,https://www.ilovesea.or.kr,EXPIRED,2023-05-12,2024-05-11,75,1,http://www.kwacc.or.kr/CertificationSite/WA/List?page=75,c4465640628d1fa4feb570a576d2c36b3080f1d77115071b3f019664d5a432d7,2026-08-26T03:25:39.816923+00:00,0,0
1696,한국사회복지사협회 보수교육센터,한국사회복지사협회,http://www.kwacc.or.kr/CertificationSite/WA/1696/Detail?page=75,https://www.welfare.net/edu/main.do,EXPIRED,2023-05-10,2024-05-09,75,2,http://www.kwacc.or.kr/CertificationSite/WA/List?page=75,c4465640628d1fa4feb570a576d2c36b3080f1d77115071b3f019664d5a432d7,2026-08-26T03:25:39.816923+00:00,0,0
1695,한국사회복지사협회 자격관리센터,한국사회복지사협회,http://www.kwacc.or.kr/CertificationSite/WA/1695/Detail?page=75,https://www.welfare.net/lic/main.do,EXPIRED,2023-05-10,2024-05-09,75,3,http://www.kwacc.or.kr/CertificationSite/WA/List?page=75,c4465640628d1fa4feb570a576d2c36b3080f1d77115071b3f019664d5a432d7,2026-08-26T03:25:39.816923+00:00,0,0
1694,한국사회복지사협회 대표,한국사회복지사협회,http://www.kwacc.or.kr/CertificationSite/WA/1694/Detail?page=75,https://www.welfare.net,EXPIRED,2023-05-10,2024-05-09,75,4,http://www.kwacc.or.kr/CertificationSite/WA/List?page=75,c4465640628d1fa4feb570a576d2c36b3080f1d77115071b3f019664d5a432d7,2026-08-26T03:25:39.816923+00:00,0,0
1670,상생플랫폼,서울시지역상생교류사업단,http://www.kwacc.or.kr/CertificationSite/WA/1670/Detail?page=75,https://sangsaeng.seoul.go.kr,EXPIRED,2023-05-08,2024-05-07,75,5,http://www.kwacc.or.kr/CertificationSite/WA/List?page=75,c4465640628d1fa4feb570a576d2c36b3080f1d77115071b3f019664d5a432d7,2026-08-26T03:25:39.816923+00:00,0,0
1666,부안군문화재단,부안군문화재단,http://www.kwacc.or.kr/CertificationSite/WA/1666/Detail?page=75,https://www.bacf.or.kr,EXPIRED,2023-05-03,2024-05-02,75,6,http://www.kwacc.or.kr/CertificationSite/WA/List?page=75,c4465640628d1fa4feb570a576d2c36b3080f1d77115071b3f019664d5a432d7,2026-08-26T03:25:39.816923+00:00,0,0
1665,맥도날드(모바일웹),한국맥도날드 유한회사,http://www.kwacc.or.kr/CertificationSite/WA/1665/Detail?page=75,https://m.mcdonalds.co.kr,EXPIRED,2023-05-02,2024-05-01,75,7,http://www.kwacc.or.kr/CertificationSite/WA/List?page=75,c4465640628d1fa4feb570a576d2c36b3080f1d77115071b3f019664d5a432d7,2026-08-26T03:25:39.816923+00:00,0,0
1664,맥도날드,한국맥도날드 유한회사,http://www.kwacc.or.kr/CertificationSite/WA/1664/Detail?page=75,https://www.mcdonalds.co.kr,EXPIRED,2023-05-02,2024-05-01,75,8,http://www.kwacc.or.kr/CertificationSite/WA/List?page=75,c4465640628d1fa4feb570a576d2c36b3080f1d77115071b3f019664d5a432d7,2026-08-26T03:25:39.816923+00:00,0,0
1669,더케이저축은행 대표,더케이저축은행 주식회사,http://www.kwacc.or.kr/CertificationSite/WA/1669/Detail?page=75,https://www.thekbank.co.kr,EXPIRED,2023-04-29,2024-04-28,75,9,http://www.kwacc.or.kr/CertificationSite/WA/List?page=75,c4465640628d1fa4feb570a576d2c36b3080f1d77115071b3f019664d5a432d7,2026-08-26T03:25:39.816923+00:00,0,0
1675,EBS 장애인 서비스,한국교육방송공사,http://www.kwacc.or.kr/CertificationSite/WA/1675/Detail?page=75,https://www.ebs.co.kr/free,EXPIRED,2023-04-28,2024-04-27,75,10,http://www.kwacc.or.kr/CertificationSite/WA/List?page=75,c4465640628d1fa4feb570a576d2c36b3080f1d77115071b3f019664d5a432d7,2026-08-26T03:25:39.816923+00:00,0,0
1663,경기도여성가족재단,경기도여성가족재단,http://www.kwacc.or.kr/CertificationSite/WA/1663/Detail?page=76,https://www.gwff.kr,EXPIRED,2023-04-28,2024-04-27,76,1,http://www.kwacc.or.kr/CertificationSite/WA/List?page=76,8a46ff33de8106322a3e6ba10dae2e12bd81b5f8c43246f2f4e99e46f9f5610e,2026-08-26T03:25:40.629214+00:00,0,0
1661,서울특별시 한강사업본부,서울특별시 한강사업본부,http://www.kwacc.or.kr/CertificationSite/WA/1661/Detail?page=76,https://hangang.seoul.go.kr,EXPIRED,2023-04-28,2024-04-27,76,2,http://www.kwacc.or.kr/CertificationSite/WA/List?page=76,8a46ff33de8106322a3e6ba10dae2e12bd81b5f8c43246f2f4e99e46f9f5610e,2026-08-26T03:25:40.629214+00:00,0,0
1668,kt M mobile,주식회사 케이티엠모바일,http://www.kwacc.or.kr/CertificationSite/WA/1668/Detail?page=76,https://www.ktmmobile.com,EXPIRED,2023-04-26,2024-04-25,76,3,http://www.kwacc.or.kr/CertificationSite/WA/List?page=76,8a46ff33de8106322a3e6ba10dae2e12bd81b5f8c43246f2f4e99e46f9f5610e,2026-08-26T03:25:40.629214+00:00,0,0
1654,"문화예술, 내 일",한국문화예술위원회,http://www.kwacc.or.kr/CertificationSite/WA/1654/Detail?page=76,https://hrd.arko.or.kr,EXPIRED,2023-04-24,2024-04-23,76,4,http://www.kwacc.or.kr/CertificationSite/WA/List?page=76,8a46ff33de8106322a3e6ba10dae2e12bd81b5f8c43246f2f4e99e46f9f5610e,2026-08-26T03:25:40.629214+00:00,0,0
1672,애큐온저축은행,애큐온저축은행,http://www.kwacc.or.kr/CertificationSite/WA/1672/Detail?page=76,https://www.acuonsb.co.kr,EXPIRED,2023-04-18,2024-04-17,76,5,http://www.kwacc.or.kr/CertificationSite/WA/List?page=76,8a46ff33de8106322a3e6ba10dae2e12bd81b5f8c43246f2f4e99e46f9f5610e,2026-08-26T03:25:40.629214+00:00,0,0
1652,학점은행제 정보공시 (학점은행제 알리미),국가평생교육진흥원,http://www.kwacc.or.kr/CertificationSite/WA/1652/Detail?page=76,https://www.cbinfo.or.kr,EXPIRED,2023-04-16,2024-04-15,76,6,http://www.kwacc.or.kr/CertificationSite/WA/List?page=76,8a46ff33de8106322a3e6ba10dae2e12bd81b5f8c43246f2f4e99e46f9f5610e,2026-08-26T03:25:40.629214+00:00,0,0
1662,노인일자리 여기,한국노인인력개발원,http://www.kwacc.or.kr/CertificationSite/WA/1662/Detail?page=76,https://www.seniorro.or.kr:4431,EXPIRED,2023-04-15,2024-04-14,76,7,http://www.kwacc.or.kr/CertificationSite/WA/List?page=76,8a46ff33de8106322a3e6ba10dae2e12bd81b5f8c43246f2f4e99e46f9f5610e,2026-08-26T03:25:40.629214+00:00,0,0
1651,부산주거포털,부산도시공사,http://www.kwacc.or.kr/CertificationSite/WA/1651/Detail?page=76,http://busanjugeo.infodu.co.kr,EXPIRED,2023-04-13,2024-04-12,76,8,http://www.kwacc.or.kr/CertificationSite/WA/List?page=76,8a46ff33de8106322a3e6ba10dae2e12bd81b5f8c43246f2f4e99e46f9f5610e,2026-08-26T03:25:40.629214+00:00,0,0
1650,노동포털,고용노동부,http://www.kwacc.or.kr/CertificationSite/WA/1650/Detail?page=76,https://labor.moel.go.kr/,EXPIRED,2023-04-13,2024-04-12,76,9,http://www.kwacc.or.kr/CertificationSite/WA/List?page=76,8a46ff33de8106322a3e6ba10dae2e12bd81b5f8c43246f2f4e99e46f9f5610e,2026-08-26T03:25:40.629214+00:00,0,0
1648,경상남도인공지능통합돌봄센터,경상남도인공지능통합돌봄센터,http://www.kwacc.or.kr/CertificationSite/WA/1648/Detail?page=76,http://gnai.pass.or.kr,EXPIRED,2023-04-13,2024-04-12,76,10,http://www.kwacc.or.kr/CertificationSite/WA/List?page=76,8a46ff33de8106322a3e6ba10dae2e12bd81b5f8c43246f2f4e99e46f9f5610e,2026-08-26T03:25:40.629214+00:00,0,0
1667,웹 접근성 연구소,한국지능정보사회진흥원,http://www.kwacc.or.kr/CertificationSite/WA/1667/Detail?page=77,https://www.wah.or.kr,EXPIRED,2023-04-09,2024-04-08,77,1,http://www.kwacc.or.kr/CertificationSite/WA/List?page=77,337b42c3047a40e5385bd4b4a6e56f63506ffb34c90fa6cb48f2f6fc5a592732,2026-08-26T03:25:41.440497+00:00,0,0
1658,한국여성인권진흥원 대표,한국여성인권진흥원,http://www.kwacc.or.kr/CertificationSite/WA/1658/Detail?page=77,http://www.stop.or.kr,EXPIRED,2023-04-07,2024-04-06,77,2,http://www.kwacc.or.kr/CertificationSite/WA/List?page=77,337b42c3047a40e5385bd4b4a6e56f63506ffb34c90fa6cb48f2f6fc5a592732,2026-08-26T03:25:41.440497+00:00,0,0
1653,KOLIS·NET 국가자료종합목록 홈페이지,국립중앙도서관,http://www.kwacc.or.kr/CertificationSite/WA/1653/Detail?page=77,https://www.nl.go.kr/kolisnet/index.do,EXPIRED,2023-04-01,2024-03-31,77,3,http://www.kwacc.or.kr/CertificationSite/WA/List?page=77,337b42c3047a40e5385bd4b4a6e56f63506ffb34c90fa6cb48f2f6fc5a592732,2026-08-26T03:25:41.440497+00:00,0,0
1657,하이원리조트,강원랜드,http://www.kwacc.or.kr/CertificationSite/WA/1657/Detail?page=77,www.high1.com,EXPIRED,2023-03-29,2024-03-28,77,4,http://www.kwacc.or.kr/CertificationSite/WA/List?page=77,337b42c3047a40e5385bd4b4a6e56f63506ffb34c90fa6cb48f2f6fc5a592732,2026-08-26T03:25:41.440497+00:00,0,0
1646,국립한글박물관,국립한글박물관,http://www.kwacc.or.kr/CertificationSite/WA/1646/Detail?page=77,https://www.hangeul.go.kr,EXPIRED,2023-03-22,2024-03-21,77,5,http://www.kwacc.or.kr/CertificationSite/WA/List?page=77,337b42c3047a40e5385bd4b4a6e56f63506ffb34c90fa6cb48f2f6fc5a592732,2026-08-26T03:25:41.440497+00:00,0,0
1660,국민건강보험공단인재개발원(모바일웹),국민건강보험공단인재개발원,http://www.kwacc.or.kr/CertificationSite/WA/1660/Detail?page=77,https://hrd.nhis.or.kr,EXPIRED,2023-03-21,2024-03-20,77,6,http://www.kwacc.or.kr/CertificationSite/WA/List?page=77,337b42c3047a40e5385bd4b4a6e56f63506ffb34c90fa6cb48f2f6fc5a592732,2026-08-26T03:25:41.440497+00:00,0,0
1659,국민건강보험공단인재개발원,국민건강보험공단인재개발원,http://www.kwacc.or.kr/CertificationSite/WA/1659/Detail?page=77,https://hrd.nhis.or.kr,EXPIRED,2023-03-21,2024-03-20,77,7,http://www.kwacc.or.kr/CertificationSite/WA/List?page=77,337b42c3047a40e5385bd4b4a6e56f63506ffb34c90fa6cb48f2f6fc5a592732,2026-08-26T03:25:41.440497+00:00,0,0
1641,한국예술종합학교 대표,한국예술종합학교,http://www.kwacc.or.kr/CertificationSite/WA/1641/Detail?page=77,https://www.karts.ac.kr,EXPIRED,2023-03-17,2024-03-16,77,8,http://www.kwacc.or.kr/CertificationSite/WA/List?page=77,337b42c3047a40e5385bd4b4a6e56f63506ffb34c90fa6cb48f2f6fc5a592732,2026-08-26T03:25:41.440497+00:00,0,0
1635,한국예술종합학교 입학정보,한국예술종합학교,http://www.kwacc.or.kr/CertificationSite/WA/1635/Detail?page=77,https://www.karts.ac.kr/main/appl.do,EXPIRED,2023-03-17,2024-03-16,77,9,http://www.kwacc.or.kr/CertificationSite/WA/List?page=77,337b42c3047a40e5385bd4b4a6e56f63506ffb34c90fa6cb48f2f6fc5a592732,2026-08-26T03:25:41.440497+00:00,0,0
1644,인천국제공항,인천국제공항공사,http://www.kwacc.or.kr/CertificationSite/WA/1644/Detail?page=77,https://www.airport.kr,EXPIRED,2023-03-15,2024-03-14,77,10,http://www.kwacc.or.kr/CertificationSite/WA/List?page=77,337b42c3047a40e5385bd4b4a6e56f63506ffb34c90fa6cb48f2f6fc5a592732,2026-08-26T03:25:41.440497+00:00,0,0
1643,화학물질안전원 대표,화학물질안전원,http://www.kwacc.or.kr/CertificationSite/WA/1643/Detail?page=78,https://nics.me.go.kr/main.do,EXPIRED,2023-03-15,2024-03-14,78,1,http://www.kwacc.or.kr/CertificationSite/WA/List?page=78,c7213c6a00658f38620c0879f967ceebe9209e9a83efed888b05173f977f64eb,2026-08-26T03:25:42.230831+00:00,0,0
1639,국가인권위원회,국가인권위원회,http://www.kwacc.or.kr/CertificationSite/WA/1639/Detail?page=78,https://www.humanrights.go.kr/base/main/view,EXPIRED,2023-03-14,2024-03-13,78,2,http://www.kwacc.or.kr/CertificationSite/WA/List?page=78,c7213c6a00658f38620c0879f967ceebe9209e9a83efed888b05173f977f64eb,2026-08-26T03:25:42.230831+00:00,0,0
1656,국립재활원 중앙보조기기센터,국립재활원 중앙보조기기센터,http://www.kwacc.or.kr/CertificationSite/WA/1656/Detail?page=78,https://knat.go.kr/knw,EXPIRED,2023-03-13,2024-03-12,78,3,http://www.kwacc.or.kr/CertificationSite/WA/List?page=78,c7213c6a00658f38620c0879f967ceebe9209e9a83efed888b05173f977f64eb,2026-08-26T03:25:42.230831+00:00,0,0
1649,한전KPS,한전케이피에스 주식회사,http://www.kwacc.or.kr/CertificationSite/WA/1649/Detail?page=78,https://www.kps.co.kr,EXPIRED,2023-03-13,2024-03-12,78,4,http://www.kwacc.or.kr/CertificationSite/WA/List?page=78,c7213c6a00658f38620c0879f967ceebe9209e9a83efed888b05173f977f64eb,2026-08-26T03:25:42.230831+00:00,0,0
1637,여수시도시관리공단,여수시도시관리공단,http://www.kwacc.or.kr/CertificationSite/WA/1637/Detail?page=78,https://www.yumcorp.or.kr,EXPIRED,2023-03-10,2024-03-09,78,5,http://www.kwacc.or.kr/CertificationSite/WA/List?page=78,c7213c6a00658f38620c0879f967ceebe9209e9a83efed888b05173f977f64eb,2026-08-26T03:25:42.230831+00:00,0,0
1636,한국장애인고용공단 영문,한국장애인고용공단,http://www.kwacc.or.kr/CertificationSite/WA/1636/Detail?page=78,https://www.kead.or.kr/en,EXPIRED,2023-03-10,2024-03-09,78,6,http://www.kwacc.or.kr/CertificationSite/WA/List?page=78,c7213c6a00658f38620c0879f967ceebe9209e9a83efed888b05173f977f64eb,2026-08-26T03:25:42.230831+00:00,0,0
1634,의료정보보호센터,한국사회보장정보원,http://www.kwacc.or.kr/CertificationSite/WA/1634/Detail?page=78,https://www.hisc.or.kr,EXPIRED,2023-03-03,2024-03-02,78,7,http://www.kwacc.or.kr/CertificationSite/WA/List?page=78,c7213c6a00658f38620c0879f967ceebe9209e9a83efed888b05173f977f64eb,2026-08-26T03:25:42.230831+00:00,0,0
1632,한국장애인고용공단,한국장애인고용공단,http://www.kwacc.or.kr/CertificationSite/WA/1632/Detail?page=78,https://www.kead.or.kr,EXPIRED,2023-03-03,2024-03-02,78,8,http://www.kwacc.or.kr/CertificationSite/WA/List?page=78,c7213c6a00658f38620c0879f967ceebe9209e9a83efed888b05173f977f64eb,2026-08-26T03:25:42.230831+00:00,0,0
1633,김해시복지재단,재단법인 김해시 복지재단,http://www.kwacc.or.kr/CertificationSite/WA/1633/Detail?page=78,http://www.ghwf.or.kr,EXPIRED,2023-03-02,2024-03-01,78,9,http://www.kwacc.or.kr/CertificationSite/WA/List?page=78,c7213c6a00658f38620c0879f967ceebe9209e9a83efed888b05173f977f64eb,2026-08-26T03:25:42.230831+00:00,0,0
1629,국가트라우마센터,국립정신건강센터,http://www.kwacc.or.kr/CertificationSite/WA/1629/Detail?page=78,https://nct.go.kr,EXPIRED,2023-02-21,2024-02-20,78,10,http://www.kwacc.or.kr/CertificationSite/WA/List?page=78,c7213c6a00658f38620c0879f967ceebe9209e9a83efed888b05173f977f64eb,2026-08-26T03:25:42.230831+00:00,0,0
1623,법제처 대표,법제처,http://www.kwacc.or.kr/CertificationSite/WA/1623/Detail?page=79,http://www.moleg.go.kr,EXPIRED,2023-02-18,2024-02-17,79,1,http://www.kwacc.or.kr/CertificationSite/WA/List?page=79,032d09b22f636f8fc196b6767fe572d5edab385dd62d602633f951723edbe3db,2026-08-26T03:25:43.023374+00:00,0,0
1645,금융규제민원포털,금융위원회,http://www.kwacc.or.kr/CertificationSite/WA/1645/Detail?page=79,https://better.fsc.go.kr,EXPIRED,2023-02-16,2024-02-15,79,2,http://www.kwacc.or.kr/CertificationSite/WA/List?page=79,032d09b22f636f8fc196b6767fe572d5edab385dd62d602633f951723edbe3db,2026-08-26T03:25:43.023374+00:00,0,0
1630,남북교류협력지원협회,남북교류협력지원협회,http://www.kwacc.or.kr/CertificationSite/WA/1630/Detail?page=79,https://sonosa.or.kr,EXPIRED,2023-02-16,2024-02-15,79,3,http://www.kwacc.or.kr/CertificationSite/WA/List?page=79,032d09b22f636f8fc196b6767fe572d5edab385dd62d602633f951723edbe3db,2026-08-26T03:25:43.023374+00:00,0,0
1622,안마사랑,주식회사 강한손,http://www.kwacc.or.kr/CertificationSite/WA/1622/Detail?page=79,http://anma4rang.com,EXPIRED,2023-02-15,2024-02-14,79,4,http://www.kwacc.or.kr/CertificationSite/WA/List?page=79,032d09b22f636f8fc196b6767fe572d5edab385dd62d602633f951723edbe3db,2026-08-26T03:25:43.023374+00:00,0,0
1677,국가사이버안보센터,국가사이버안보센터,http://www.kwacc.or.kr/CertificationSite/WA/1677/Detail?page=79,https://www.ncsc.go.kr:4018,EXPIRED,2023-02-14,2024-02-13,79,5,http://www.kwacc.or.kr/CertificationSite/WA/List?page=79,032d09b22f636f8fc196b6767fe572d5edab385dd62d602633f951723edbe3db,2026-08-26T03:25:43.023374+00:00,0,0
1655,경기도시장상권진흥원,경기도시장상권진흥원,http://www.kwacc.or.kr/CertificationSite/WA/1655/Detail?page=79,https://www.gmr.or.kr,EXPIRED,2023-02-14,2024-02-13,79,6,http://www.kwacc.or.kr/CertificationSite/WA/List?page=79,032d09b22f636f8fc196b6767fe572d5edab385dd62d602633f951723edbe3db,2026-08-26T03:25:43.023374+00:00,0,0
1642,파스-타 대표포털,한국지능정보사회진흥원,http://www.kwacc.or.kr/CertificationSite/WA/1642/Detail?page=79,https://paas-ta.kr,EXPIRED,2023-02-14,2024-02-13,79,7,http://www.kwacc.or.kr/CertificationSite/WA/List?page=79,032d09b22f636f8fc196b6767fe572d5edab385dd62d602633f951723edbe3db,2026-08-26T03:25:43.023374+00:00,0,0
1638,대테러센터,국무조정실 대테러센터,http://www.kwacc.or.kr/CertificationSite/WA/1638/Detail?page=79,http://www.nctc.go.kr,EXPIRED,2023-02-14,2024-02-13,79,8,http://www.kwacc.or.kr/CertificationSite/WA/List?page=79,032d09b22f636f8fc196b6767fe572d5edab385dd62d602633f951723edbe3db,2026-08-26T03:25:43.023374+00:00,0,0
1624,인천항보안공사 대표,인천항보안공사,http://www.kwacc.or.kr/CertificationSite/WA/1624/Detail?page=79,http://port.co.kr,EXPIRED,2023-02-09,2024-02-08,79,9,http://www.kwacc.or.kr/CertificationSite/WA/List?page=79,032d09b22f636f8fc196b6767fe572d5edab385dd62d602633f951723edbe3db,2026-08-26T03:25:43.023374+00:00,0,0
1621,숨비해물,숨비 영어조합법인,http://www.kwacc.or.kr/CertificationSite/WA/1621/Detail?page=79,http://soombiseafood.co.kr,EXPIRED,2023-02-09,2024-02-08,79,10,http://www.kwacc.or.kr/CertificationSite/WA/List?page=79,032d09b22f636f8fc196b6767fe572d5edab385dd62d602633f951723edbe3db,2026-08-26T03:25:43.023374+00:00,0,0
1620,경기도시흥교육지원청,시흥교육지원청,http://www.kwacc.or.kr/CertificationSite/WA/1620/Detail?page=80,http://goesh.kr,EXPIRED,2023-02-08,2024-02-07,80,1,http://www.kwacc.or.kr/CertificationSite/WA/List?page=80,9ae86eca47f6573ec7576ef473b0e7661e2b95bfbe7e682ce95430e27579f5c1,2026-08-26T03:25:43.806718+00:00,0,0
1619,경기지역화폐,경기도시장상권진흥원,http://www.kwacc.or.kr/CertificationSite/WA/1619/Detail?page=80,https://gmoney.or.kr,EXPIRED,2023-02-08,2024-02-07,80,2,http://www.kwacc.or.kr/CertificationSite/WA/List?page=80,9ae86eca47f6573ec7576ef473b0e7661e2b95bfbe7e682ce95430e27579f5c1,2026-08-26T03:25:43.806718+00:00,0,0
1618,홈즈클린,주식회사 스마트컴퍼니,http://www.kwacc.or.kr/CertificationSite/WA/1618/Detail?page=80,http://www.홈즈클린.com,EXPIRED,2023-02-08,2024-02-07,80,3,http://www.kwacc.or.kr/CertificationSite/WA/List?page=80,9ae86eca47f6573ec7576ef473b0e7661e2b95bfbe7e682ce95430e27579f5c1,2026-08-26T03:25:43.806718+00:00,0,0
1617,김포시청소년재단,재단법인 김포시청소년재단,http://www.kwacc.or.kr/CertificationSite/WA/1617/Detail?page=80,https://www.fgy.or.kr,EXPIRED,2023-02-08,2024-02-07,80,4,http://www.kwacc.or.kr/CertificationSite/WA/List?page=80,9ae86eca47f6573ec7576ef473b0e7661e2b95bfbe7e682ce95430e27579f5c1,2026-08-26T03:25:43.806718+00:00,0,0
1608,제주항공우주박물관,제주항공우주박물관,http://www.kwacc.or.kr/CertificationSite/WA/1608/Detail?page=80,https://www.jdc-jam.com/,EXPIRED,2023-02-08,2024-02-07,80,5,http://www.kwacc.or.kr/CertificationSite/WA/List?page=80,9ae86eca47f6573ec7576ef473b0e7661e2b95bfbe7e682ce95430e27579f5c1,2026-08-26T03:25:43.806718+00:00,0,0
1614,국립민속박물관,국립민속박물관,http://www.kwacc.or.kr/CertificationSite/WA/1614/Detail?page=80,https://www.nfm.go.kr,EXPIRED,2023-02-03,2024-02-02,80,6,http://www.kwacc.or.kr/CertificationSite/WA/List?page=80,9ae86eca47f6573ec7576ef473b0e7661e2b95bfbe7e682ce95430e27579f5c1,2026-08-26T03:25:43.806718+00:00,0,0
1610,One Health 항생제 내성균,질병관리청,http://www.kwacc.or.kr/CertificationSite/WA/1610/Detail?page=80,https://www.kdca.go.kr/nohas,EXPIRED,2023-02-01,2024-01-31,80,7,http://www.kwacc.or.kr/CertificationSite/WA/List?page=80,9ae86eca47f6573ec7576ef473b0e7661e2b95bfbe7e682ce95430e27579f5c1,2026-08-26T03:25:43.806718+00:00,0,0
1609,태권도진흥재단,태권도진흥재단,http://www.kwacc.or.kr/CertificationSite/WA/1609/Detail?page=80,https://www.tpf.or.kr/tpf,EXPIRED,2023-01-23,2024-01-22,80,8,http://www.kwacc.or.kr/CertificationSite/WA/List?page=80,9ae86eca47f6573ec7576ef473b0e7661e2b95bfbe7e682ce95430e27579f5c1,2026-08-26T03:25:43.806718+00:00,0,0
1604,국가정신건강정보포털,국립정신건강센터,http://www.kwacc.or.kr/CertificationSite/WA/1604/Detail?page=80,http://www.mentalhealth.go.kr,EXPIRED,2023-01-16,2024-01-15,80,9,http://www.kwacc.or.kr/CertificationSite/WA/List?page=80,9ae86eca47f6573ec7576ef473b0e7661e2b95bfbe7e682ce95430e27579f5c1,2026-08-26T03:25:43.806718+00:00,0,0
1601,YES24 전자도서관,YES24,http://www.kwacc.or.kr/CertificationSite/WA/1601/Detail?page=80,http://ebook.yes24library.com,EXPIRED,2023-01-10,2024-01-09,80,10,http://www.kwacc.or.kr/CertificationSite/WA/List?page=80,9ae86eca47f6573ec7576ef473b0e7661e2b95bfbe7e682ce95430e27579f5c1,2026-08-26T03:25:43.806718+00:00,0,0
1628,한양사이버대학원,한양사이버대학교,http://www.kwacc.or.kr/CertificationSite/WA/1628/Detail?page=81,http://gs.hycu.ac.kr,EXPIRED,2023-01-08,2024-01-07,81,1,http://www.kwacc.or.kr/CertificationSite/WA/List?page=81,47475d5393587e32661ebc3bba62aa656b4cc3448ce22112cc754075bea8f209,2026-08-26T03:25:44.601090+00:00,0,0
1627,한양사이버대학교,한양사이버대학교,http://www.kwacc.or.kr/CertificationSite/WA/1627/Detail?page=81,http://www.hycu.ac.kr,EXPIRED,2023-01-08,2024-01-07,81,2,http://www.kwacc.or.kr/CertificationSite/WA/List?page=81,47475d5393587e32661ebc3bba62aa656b4cc3448ce22112cc754075bea8f209,2026-08-26T03:25:44.601090+00:00,0,0
1599,우리은행 기업뱅킹,우리은행,http://www.kwacc.or.kr/CertificationSite/WA/1599/Detail?page=81,https://snbi.wooribank.com/nbi/woori?withyou=bi,EXPIRED,2023-01-04,2024-01-03,81,3,http://www.kwacc.or.kr/CertificationSite/WA/List?page=81,47475d5393587e32661ebc3bba62aa656b4cc3448ce22112cc754075bea8f209,2026-08-26T03:25:44.601090+00:00,0,0
1598,국립축산과학원 대표,국립축산과학원,http://www.kwacc.or.kr/CertificationSite/WA/1598/Detail?page=81,https://www.nias.go.kr,EXPIRED,2023-01-04,2024-01-03,81,4,http://www.kwacc.or.kr/CertificationSite/WA/List?page=81,47475d5393587e32661ebc3bba62aa656b4cc3448ce22112cc754075bea8f209,2026-08-26T03:25:44.601090+00:00,0,0
1600,동남권원자력의학원 암센터,동남권원자력의학원,http://www.kwacc.or.kr/CertificationSite/WA/1600/Detail?page=81,https://www.dirams.re.kr/kor/Main.do,EXPIRED,2023-01-02,2024-01-01,81,5,http://www.kwacc.or.kr/CertificationSite/WA/List?page=81,47475d5393587e32661ebc3bba62aa656b4cc3448ce22112cc754075bea8f209,2026-08-26T03:25:44.601090+00:00,0,0
1591,국립재활원 중앙장애인보건의료센터,국립재활원,http://www.kwacc.or.kr/CertificationSite/WA/1591/Detail?page=81,http://www.nrc.go.kr/chmcpd/main.do,EXPIRED,2022-12-31,2023-12-30,81,6,http://www.kwacc.or.kr/CertificationSite/WA/List?page=81,47475d5393587e32661ebc3bba62aa656b4cc3448ce22112cc754075bea8f209,2026-08-26T03:25:44.601090+00:00,0,0
1590,국립재활원 재활연구소,국립재활원,http://www.kwacc.or.kr/CertificationSite/WA/1590/Detail?page=81,http://www.nrc.go.kr/research/main.do,EXPIRED,2022-12-31,2023-12-30,81,7,http://www.kwacc.or.kr/CertificationSite/WA/List?page=81,47475d5393587e32661ebc3bba62aa656b4cc3448ce22112cc754075bea8f209,2026-08-26T03:25:44.601090+00:00,0,0
1589,국립재활원 장애인 건강 및 재활 정보포털,국립재활원,http://www.kwacc.or.kr/CertificationSite/WA/1589/Detail?page=81,http://www.nrc.go.kr/portal/main.do,EXPIRED,2022-12-31,2023-12-30,81,8,http://www.kwacc.or.kr/CertificationSite/WA/List?page=81,47475d5393587e32661ebc3bba62aa656b4cc3448ce22112cc754075bea8f209,2026-08-26T03:25:44.601090+00:00,0,0
1588,국립재활원 재활병원,국립재활원,http://www.kwacc.or.kr/CertificationSite/WA/1588/Detail?page=81,http://www.nrc.go.kr/hospital/main.do,EXPIRED,2022-12-31,2023-12-30,81,9,http://www.kwacc.or.kr/CertificationSite/WA/List?page=81,47475d5393587e32661ebc3bba62aa656b4cc3448ce22112cc754075bea8f209,2026-08-26T03:25:44.601090+00:00,0,0
1587,국립재활원 교육지원,국립재활원,http://www.kwacc.or.kr/CertificationSite/WA/1587/Detail?page=81,http://www.nrc.go.kr/education/main.do,EXPIRED,2022-12-31,2023-12-30,81,10,http://www.kwacc.or.kr/CertificationSite/WA/List?page=81,47475d5393587e32661ebc3bba62aa656b4cc3448ce22112cc754075bea8f209,2026-08-26T03:25:44.601090+00:00,0,0
1586,국립재활원,국립재활원,http://www.kwacc.or.kr/CertificationSite/WA/1586/Detail?page=82,http://www.nrc.go.kr/nrc/main.do,EXPIRED,2022-12-31,2023-12-30,82,1,http://www.kwacc.or.kr/CertificationSite/WA/List?page=82,de1a1019bb2454a6337fb2fefcd77bb38b2e9338b3ce72b66cbfd1d1e34cfbcf,2026-08-26T03:25:45.390286+00:00,0,0
1613,장기추적조사시스템,한국의약품안전관리원,http://www.kwacc.or.kr/CertificationSite/WA/1613/Detail?page=82,https://ltfu.mfds.go.kr,EXPIRED,2022-12-30,2023-12-29,82,2,http://www.kwacc.or.kr/CertificationSite/WA/List?page=82,de1a1019bb2454a6337fb2fefcd77bb38b2e9338b3ce72b66cbfd1d1e34cfbcf,2026-08-26T03:25:45.390286+00:00,0,0
1607,보건복지부 면허민원안내,보건복지부,http://www.kwacc.or.kr/CertificationSite/WA/1607/Detail?page=82,https://lic.mohw.go.kr/,EXPIRED,2022-12-30,2023-12-29,82,3,http://www.kwacc.or.kr/CertificationSite/WA/List?page=82,de1a1019bb2454a6337fb2fefcd77bb38b2e9338b3ce72b66cbfd1d1e34cfbcf,2026-08-26T03:25:45.390286+00:00,0,0
1596,청년포털,국무조정실,http://www.kwacc.or.kr/CertificationSite/WA/1596/Detail?page=82,https://www.2030.go.kr,EXPIRED,2022-12-30,2023-12-29,82,4,http://www.kwacc.or.kr/CertificationSite/WA/List?page=82,de1a1019bb2454a6337fb2fefcd77bb38b2e9338b3ce72b66cbfd1d1e34cfbcf,2026-08-26T03:25:45.390286+00:00,0,0
1595,한국교육지원협동조합,한국교육지원협동조합,http://www.kwacc.or.kr/CertificationSite/WA/1595/Detail?page=82,http://www.kescoop.com,EXPIRED,2022-12-29,2023-12-28,82,5,http://www.kwacc.or.kr/CertificationSite/WA/List?page=82,de1a1019bb2454a6337fb2fefcd77bb38b2e9338b3ce72b66cbfd1d1e34cfbcf,2026-08-26T03:25:45.390286+00:00,0,0
1593,동남권원자력의학원 연구센터,동남권원자력의학원,http://www.kwacc.or.kr/CertificationSite/WA/1593/Detail?page=82,https://www.dirams.re.kr/research/Main.do,EXPIRED,2022-12-29,2023-12-28,82,6,http://www.kwacc.or.kr/CertificationSite/WA/List?page=82,de1a1019bb2454a6337fb2fefcd77bb38b2e9338b3ce72b66cbfd1d1e34cfbcf,2026-08-26T03:25:45.390286+00:00,0,0
1583,물사랑누리집,한국수자원공사,http://www.kwacc.or.kr/CertificationSite/WA/1583/Detail?page=82,https://www.ilovewater.or.kr,EXPIRED,2022-12-28,2023-12-27,82,7,http://www.kwacc.or.kr/CertificationSite/WA/List?page=82,de1a1019bb2454a6337fb2fefcd77bb38b2e9338b3ce72b66cbfd1d1e34cfbcf,2026-08-26T03:25:45.390286+00:00,0,0
1581,국회도서관,국회도서관,http://www.kwacc.or.kr/CertificationSite/WA/1581/Detail?page=82,https://www.nanet.go.kr,EXPIRED,2022-12-28,2023-12-27,82,8,http://www.kwacc.or.kr/CertificationSite/WA/List?page=82,de1a1019bb2454a6337fb2fefcd77bb38b2e9338b3ce72b66cbfd1d1e34cfbcf,2026-08-26T03:25:45.390286+00:00,0,0
1592,현대하이라이프손해사정,현대하이라이프손해사정(주),http://www.kwacc.or.kr/CertificationSite/WA/1592/Detail?page=82,http://hi-life.co.kr,EXPIRED,2022-12-26,2023-12-25,82,9,http://www.kwacc.or.kr/CertificationSite/WA/List?page=82,de1a1019bb2454a6337fb2fefcd77bb38b2e9338b3ce72b66cbfd1d1e34cfbcf,2026-08-26T03:25:45.390286+00:00,0,0
1582,국가상수도정보시스템,한국수자원공사,http://www.kwacc.or.kr/CertificationSite/WA/1582/Detail?page=82,https://www.waternow.go.kr,EXPIRED,2022-12-26,2023-12-25,82,10,http://www.kwacc.or.kr/CertificationSite/WA/List?page=82,de1a1019bb2454a6337fb2fefcd77bb38b2e9338b3ce72b66cbfd1d1e34cfbcf,2026-08-26T03:25:45.390286+00:00,0,0
1615,서울안전누리,서울시청,http://www.kwacc.or.kr/CertificationSite/WA/1615/Detail?page=83,https://safecity.seoul.go.kr,EXPIRED,2022-12-22,2023-12-21,83,1,http://www.kwacc.or.kr/CertificationSite/WA/List?page=83,7d1900a26a8aca54c64ab18e29734818c62eed7ce7437018bec511f2bee2cbc8,2026-08-26T03:25:46.174034+00:00,0,0
1585,국립정신건강센터 정신건강연구소,국립정신건강센터,http://www.kwacc.or.kr/CertificationSite/WA/1585/Detail?page=83,http://ncmh.go.kr/research/main.do,EXPIRED,2022-12-22,2023-12-21,83,2,http://www.kwacc.or.kr/CertificationSite/WA/List?page=83,7d1900a26a8aca54c64ab18e29734818c62eed7ce7437018bec511f2bee2cbc8,2026-08-26T03:25:46.174034+00:00,0,0
1584,국립정신건강센터 의료부,국립정신건강센터,http://www.kwacc.or.kr/CertificationSite/WA/1584/Detail?page=83,http://ncmh.go.kr/medical/main.do,EXPIRED,2022-12-22,2023-12-21,83,3,http://www.kwacc.or.kr/CertificationSite/WA/List?page=83,7d1900a26a8aca54c64ab18e29734818c62eed7ce7437018bec511f2bee2cbc8,2026-08-26T03:25:46.174034+00:00,0,0
1580,한국노인인력개발원,한국노인인력개발원,http://www.kwacc.or.kr/CertificationSite/WA/1580/Detail?page=83,https://www.kordi.or.kr,EXPIRED,2022-12-22,2023-12-21,83,4,http://www.kwacc.or.kr/CertificationSite/WA/List?page=83,7d1900a26a8aca54c64ab18e29734818c62eed7ce7437018bec511f2bee2cbc8,2026-08-26T03:25:46.174034+00:00,0,0
1579,GS칼텍스,GS칼텍스,http://www.kwacc.or.kr/CertificationSite/WA/1579/Detail?page=83,https://www.gscaltex.com,EXPIRED,2022-12-22,2023-12-21,83,5,http://www.kwacc.or.kr/CertificationSite/WA/List?page=83,7d1900a26a8aca54c64ab18e29734818c62eed7ce7437018bec511f2bee2cbc8,2026-08-26T03:25:46.174034+00:00,0,0
1577,국립정신건강센터 대표,국립정신건강센터,http://www.kwacc.or.kr/CertificationSite/WA/1577/Detail?page=83,http://www.ncmh.go.kr,EXPIRED,2022-12-22,2023-12-21,83,6,http://www.kwacc.or.kr/CertificationSite/WA/List?page=83,7d1900a26a8aca54c64ab18e29734818c62eed7ce7437018bec511f2bee2cbc8,2026-08-26T03:25:46.174034+00:00,0,0
1575,고위공직자범죄수사처,고위공직자범죄수사처,http://www.kwacc.or.kr/CertificationSite/WA/1575/Detail?page=83,https://cio.go.kr,EXPIRED,2022-12-22,2023-12-21,83,7,http://www.kwacc.or.kr/CertificationSite/WA/List?page=83,7d1900a26a8aca54c64ab18e29734818c62eed7ce7437018bec511f2bee2cbc8,2026-08-26T03:25:46.174034+00:00,0,0
1570,국립소록도병원 한센병박물관,국립소록도병원,http://www.kwacc.or.kr/CertificationSite/WA/1570/Detail?page=83,http://sorokdo.go.kr/museum/main.do,EXPIRED,2022-12-22,2023-12-21,83,8,http://www.kwacc.or.kr/CertificationSite/WA/List?page=83,7d1900a26a8aca54c64ab18e29734818c62eed7ce7437018bec511f2bee2cbc8,2026-08-26T03:25:46.174034+00:00,0,0
1569,국립소록도병원 대표,국립소록도병원,http://www.kwacc.or.kr/CertificationSite/WA/1569/Detail?page=83,http://sorokdo.go.kr,EXPIRED,2022-12-22,2023-12-21,83,9,http://www.kwacc.or.kr/CertificationSite/WA/List?page=83,7d1900a26a8aca54c64ab18e29734818c62eed7ce7437018bec511f2bee2cbc8,2026-08-26T03:25:46.174034+00:00,0,0
1553,국립정신건강센터 정신건강사업부,국립정신건강센터,http://www.kwacc.or.kr/CertificationSite/WA/1553/Detail?page=83,http://ncmh.go.kr/mentalhealth/main.do,EXPIRED,2022-12-22,2023-12-21,83,10,http://www.kwacc.or.kr/CertificationSite/WA/List?page=83,7d1900a26a8aca54c64ab18e29734818c62eed7ce7437018bec511f2bee2cbc8,2026-08-26T03:25:46.174034+00:00,0,0
1576,서울시전자상거래센터,사단법인 한국소비자연맹,http://www.kwacc.or.kr/CertificationSite/WA/1576/Detail?page=84,https://ecc.seoul.go.kr,EXPIRED,2022-12-21,2023-12-20,84,1,http://www.kwacc.or.kr/CertificationSite/WA/List?page=84,48fc80d61ea000b945df8861c4046a8086f5b6c02f8ef73f33257bfe001248f5,2026-08-26T03:25:46.960495+00:00,0,0
1571,공동주택 통합정보마당,서울특별시,http://www.kwacc.or.kr/CertificationSite/WA/1571/Detail?page=84,https://openapt.seoul.go.kr,EXPIRED,2022-12-21,2023-12-20,84,2,http://www.kwacc.or.kr/CertificationSite/WA/List?page=84,48fc80d61ea000b945df8861c4046a8086f5b6c02f8ef73f33257bfe001248f5,2026-08-26T03:25:46.960495+00:00,0,0
1606,국립목포병원,국립마산병원,http://www.kwacc.or.kr/CertificationSite/WA/1606/Detail?page=84,http://www.tbmokpo.go.kr/main.do,EXPIRED,2022-12-20,2023-12-19,84,3,http://www.kwacc.or.kr/CertificationSite/WA/List?page=84,48fc80d61ea000b945df8861c4046a8086f5b6c02f8ef73f33257bfe001248f5,2026-08-26T03:25:46.960495+00:00,0,0
1605,국립마산병원,질병관리청,http://www.kwacc.or.kr/CertificationSite/WA/1605/Detail?page=84,http://www.mnth.go.kr,EXPIRED,2022-12-20,2023-12-19,84,4,http://www.kwacc.or.kr/CertificationSite/WA/List?page=84,48fc80d61ea000b945df8861c4046a8086f5b6c02f8ef73f33257bfe001248f5,2026-08-26T03:25:46.960495+00:00,0,0
1557,국립나주병원,국립나주병원,http://www.kwacc.or.kr/CertificationSite/WA/1557/Detail?page=84,http://www.najumh.go.kr,EXPIRED,2022-12-20,2023-12-19,84,5,http://www.kwacc.or.kr/CertificationSite/WA/List?page=84,48fc80d61ea000b945df8861c4046a8086f5b6c02f8ef73f33257bfe001248f5,2026-08-26T03:25:46.960495+00:00,0,0
1616,한국철도공사 기업홍보,한국철도공사,http://www.kwacc.or.kr/CertificationSite/WA/1616/Detail?page=84,https://info.korail.com,EXPIRED,2022-12-15,2023-12-14,84,6,http://www.kwacc.or.kr/CertificationSite/WA/List?page=84,48fc80d61ea000b945df8861c4046a8086f5b6c02f8ef73f33257bfe001248f5,2026-08-26T03:25:46.960495+00:00,0,0
1597,사회보험통합징수포털,국민건강보험공단,http://www.kwacc.or.kr/CertificationSite/WA/1597/Detail?page=84,http://si4n.nhis.or.kr,EXPIRED,2022-12-12,2023-12-11,84,7,http://www.kwacc.or.kr/CertificationSite/WA/List?page=84,48fc80d61ea000b945df8861c4046a8086f5b6c02f8ef73f33257bfe001248f5,2026-08-26T03:25:46.960495+00:00,0,0
1574,주택관리공단,주택관리공단,http://www.kwacc.or.kr/CertificationSite/WA/1574/Detail?page=84,https://www.kohom.or.kr,EXPIRED,2022-12-12,2023-12-11,84,8,http://www.kwacc.or.kr/CertificationSite/WA/List?page=84,48fc80d61ea000b945df8861c4046a8086f5b6c02f8ef73f33257bfe001248f5,2026-08-26T03:25:46.960495+00:00,0,0
1640,서울도시계획포털,서울시청,http://www.kwacc.or.kr/CertificationSite/WA/1640/Detail?page=84,https://urban.seoul.go.kr,EXPIRED,2022-12-11,2023-12-10,84,9,http://www.kwacc.or.kr/CertificationSite/WA/List?page=84,48fc80d61ea000b945df8861c4046a8086f5b6c02f8ef73f33257bfe001248f5,2026-08-26T03:25:46.960495+00:00,0,0
1594,한국해운조합,한국해운조합,http://www.kwacc.or.kr/CertificationSite/WA/1594/Detail?page=84,https://www.theksa.or.kr,EXPIRED,2022-12-11,2023-12-10,84,10,http://www.kwacc.or.kr/CertificationSite/WA/List?page=84,48fc80d61ea000b945df8861c4046a8086f5b6c02f8ef73f33257bfe001248f5,2026-08-26T03:25:46.960495+00:00,0,0
1631,수원문화재단,수원문화재단,http://www.kwacc.or.kr/CertificationSite/WA/1631/Detail?page=85,https://www.swcf.or.kr/,EXPIRED,2022-12-10,2023-12-09,85,1,http://www.kwacc.or.kr/CertificationSite/WA/List?page=85,7c11deb3617d1b69f6b78c74fde178d8625cf1dae177c2f50d5339cbf2b3bbb1,2026-08-26T03:25:47.744591+00:00,0,0
1573,나주시청,나주시청,http://www.kwacc.or.kr/CertificationSite/WA/1573/Detail?page=85,https://www.naju.go.kr/www/?main=true,EXPIRED,2022-12-09,2023-12-08,85,2,http://www.kwacc.or.kr/CertificationSite/WA/List?page=85,7c11deb3617d1b69f6b78c74fde178d8625cf1dae177c2f50d5339cbf2b3bbb1,2026-08-26T03:25:47.744591+00:00,0,0
1626,서울한옥포털,서울시,http://www.kwacc.or.kr/CertificationSite/WA/1626/Detail?page=85,https://hanok.seoul.go.kr,EXPIRED,2022-12-07,2023-12-06,85,3,http://www.kwacc.or.kr/CertificationSite/WA/List?page=85,7c11deb3617d1b69f6b78c74fde178d8625cf1dae177c2f50d5339cbf2b3bbb1,2026-08-26T03:25:47.744591+00:00,0,0
1564,보육포털서비스,서울특별시,http://www.kwacc.or.kr/CertificationSite/WA/1564/Detail?page=85,https://iseoul.seoul.go.kr,EXPIRED,2022-12-07,2023-12-06,85,4,http://www.kwacc.or.kr/CertificationSite/WA/List?page=85,7c11deb3617d1b69f6b78c74fde178d8625cf1dae177c2f50d5339cbf2b3bbb1,2026-08-26T03:25:47.744591+00:00,0,0
1578,정보통신보조기기,한국지능정보사회진흥원,http://www.kwacc.or.kr/CertificationSite/WA/1578/Detail?page=85,https://www.at4u.or.kr,EXPIRED,2022-12-04,2023-12-03,85,5,http://www.kwacc.or.kr/CertificationSite/WA/List?page=85,7c11deb3617d1b69f6b78c74fde178d8625cf1dae177c2f50d5339cbf2b3bbb1,2026-08-26T03:25:47.744591+00:00,0,0
1568,보건복지상담센터,보건복지부,http://www.kwacc.or.kr/CertificationSite/WA/1568/Detail?page=85,https://www.129.go.kr,EXPIRED,2022-12-04,2023-12-03,85,6,http://www.kwacc.or.kr/CertificationSite/WA/List?page=85,7c11deb3617d1b69f6b78c74fde178d8625cf1dae177c2f50d5339cbf2b3bbb1,2026-08-26T03:25:47.744591+00:00,0,0
1560,아리수홍보관,서울특별시 상수도사업본부,http://www.kwacc.or.kr/CertificationSite/WA/1560/Detail?page=85,http://e-arisu.seoul.go.kr,EXPIRED,2022-12-04,2023-12-03,85,7,http://www.kwacc.or.kr/CertificationSite/WA/List?page=85,7c11deb3617d1b69f6b78c74fde178d8625cf1dae177c2f50d5339cbf2b3bbb1,2026-08-26T03:25:47.744591+00:00,0,0
1563,티투게더,SK Telecom,http://www.kwacc.or.kr/CertificationSite/WA/1563/Detail?page=85,https://ttogether.sktelecom.com,EXPIRED,2022-12-02,2023-12-01,85,8,http://www.kwacc.or.kr/CertificationSite/WA/List?page=85,7c11deb3617d1b69f6b78c74fde178d8625cf1dae177c2f50d5339cbf2b3bbb1,2026-08-26T03:25:47.744591+00:00,0,0
1562,서대문구청,서대문구청,http://www.kwacc.or.kr/CertificationSite/WA/1562/Detail?page=85,https://www.sdm.go.kr,EXPIRED,2022-12-02,2023-12-01,85,9,http://www.kwacc.or.kr/CertificationSite/WA/List?page=85,7c11deb3617d1b69f6b78c74fde178d8625cf1dae177c2f50d5339cbf2b3bbb1,2026-08-26T03:25:47.744591+00:00,0,0
1565,주민참여예산,서울특별시청,http://www.kwacc.or.kr/CertificationSite/WA/1565/Detail?page=85,https://yesan.seoul.go.kr,EXPIRED,2022-12-01,2023-11-30,85,10,http://www.kwacc.or.kr/CertificationSite/WA/List?page=85,7c11deb3617d1b69f6b78c74fde178d8625cf1dae177c2f50d5339cbf2b3bbb1,2026-08-26T03:25:47.744591+00:00,0,0
1561,전남소방본부,전라남도소방본부,http://www.kwacc.or.kr/CertificationSite/WA/1561/Detail?page=86,https://www.jnsobang.go.kr,EXPIRED,2022-11-30,2023-11-29,86,1,http://www.kwacc.or.kr/CertificationSite/WA/List?page=86,5e02d95052c58c48e40c521b69a514d8f50421b035df4103137ae981ffcb3aeb,2026-08-26T03:25:48.543631+00:00,0,0
1555,서울바이오허브,한국보건산업진흥원,http://www.kwacc.or.kr/CertificationSite/WA/1555/Detail?page=86,https://www.seoulbiohub.kr,EXPIRED,2022-11-30,2023-11-29,86,2,http://www.kwacc.or.kr/CertificationSite/WA/List?page=86,5e02d95052c58c48e40c521b69a514d8f50421b035df4103137ae981ffcb3aeb,2026-08-26T03:25:48.543631+00:00,0,0
1556,S-APT 플랫폼,서울특별시,http://www.kwacc.or.kr/CertificationSite/WA/1556/Detail?page=86,https://s-apt.seoul.go.kr/goHome.do,EXPIRED,2022-11-29,2023-11-28,86,3,http://www.kwacc.or.kr/CertificationSite/WA/List?page=86,5e02d95052c58c48e40c521b69a514d8f50421b035df4103137ae981ffcb3aeb,2026-08-26T03:25:48.543631+00:00,0,0
1535,무안군청,무안군청,http://www.kwacc.or.kr/CertificationSite/WA/1535/Detail?page=86,https://www.muan.go.kr/www/?main=true,EXPIRED,2022-11-26,2023-11-25,86,4,http://www.kwacc.or.kr/CertificationSite/WA/List?page=86,5e02d95052c58c48e40c521b69a514d8f50421b035df4103137ae981ffcb3aeb,2026-08-26T03:25:48.543631+00:00,0,0
1550,국민통합위원회,국민통합위원회,http://www.kwacc.or.kr/CertificationSite/WA/1550/Detail?page=86,https://k-cohesion.go.kr,EXPIRED,2022-11-25,2023-11-24,86,5,http://www.kwacc.or.kr/CertificationSite/WA/List?page=86,5e02d95052c58c48e40c521b69a514d8f50421b035df4103137ae981ffcb3aeb,2026-08-26T03:25:48.543631+00:00,0,0
1549,내 친구 서울,서울특별시,http://www.kwacc.or.kr/CertificationSite/WA/1549/Detail?page=86,http://kids.seoul.go.kr,EXPIRED,2022-11-25,2023-11-24,86,6,http://www.kwacc.or.kr/CertificationSite/WA/List?page=86,5e02d95052c58c48e40c521b69a514d8f50421b035df4103137ae981ffcb3aeb,2026-08-26T03:25:48.543631+00:00,0,0
1548,연암대학교,연암대학교,http://www.kwacc.or.kr/CertificationSite/WA/1548/Detail?page=86,http://www.yonam.ac.kr/mbshome/mbs/kr/index.do,EXPIRED,2022-11-25,2023-11-24,86,7,http://www.kwacc.or.kr/CertificationSite/WA/List?page=86,5e02d95052c58c48e40c521b69a514d8f50421b035df4103137ae981ffcb3aeb,2026-08-26T03:25:48.543631+00:00,0,0
1537,어린이병원,서울특별시,http://www.kwacc.or.kr/CertificationSite/WA/1537/Detail?page=86,http://childhosp.seoul.go.kr,EXPIRED,2022-11-24,2023-11-23,86,8,http://www.kwacc.or.kr/CertificationSite/WA/List?page=86,5e02d95052c58c48e40c521b69a514d8f50421b035df4103137ae981ffcb3aeb,2026-08-26T03:25:48.543631+00:00,0,0
1540,보건복지부 대표,보건복지부,http://www.kwacc.or.kr/CertificationSite/WA/1540/Detail?page=86,http://www.mohw.go.kr,EXPIRED,2022-11-23,2023-11-22,86,9,http://www.kwacc.or.kr/CertificationSite/WA/List?page=86,5e02d95052c58c48e40c521b69a514d8f50421b035df4103137ae981ffcb3aeb,2026-08-26T03:25:48.543631+00:00,0,0
1559,부산남구평생학습센터,부산광역시 남구,http://www.kwacc.or.kr/CertificationSite/WA/1559/Detail?page=86,https://www.bsnamgu.go.kr/edu/main/main.php,EXPIRED,2022-11-21,2023-11-20,86,10,http://www.kwacc.or.kr/CertificationSite/WA/List?page=86,5e02d95052c58c48e40c521b69a514d8f50421b035df4103137ae981ffcb3aeb,2026-08-26T03:25:48.543631+00:00,0,0
1534,국립춘천병원,국립춘천병원,http://www.kwacc.or.kr/CertificationSite/WA/1534/Detail?page=87,http://www.cnmh.go.kr/,EXPIRED,2022-11-21,2023-11-20,87,1,http://www.kwacc.or.kr/CertificationSite/WA/List?page=87,031650c0c9136bd1c8e4d1d746cb07b5df8df1d579141d6383b731a9cb44412d,2026-08-26T03:25:49.331680+00:00,0,0
1533,국립부곡병원,국립부곡병원,http://www.kwacc.or.kr/CertificationSite/WA/1533/Detail?page=87,http://www.bgnmh.go.kr,EXPIRED,2022-11-21,2023-11-20,87,2,http://www.kwacc.or.kr/CertificationSite/WA/List?page=87,031650c0c9136bd1c8e4d1d746cb07b5df8df1d579141d6383b731a9cb44412d,2026-08-26T03:25:49.331680+00:00,0,0
1532,국립공주병원,국립공주병원,http://www.kwacc.or.kr/CertificationSite/WA/1532/Detail?page=87,http://www.knmh.go.kr,EXPIRED,2022-11-21,2023-11-20,87,3,http://www.kwacc.or.kr/CertificationSite/WA/List?page=87,031650c0c9136bd1c8e4d1d746cb07b5df8df1d579141d6383b731a9cb44412d,2026-08-26T03:25:49.331680+00:00,0,0
1572,이노비즈넷,중소벤처기업부,http://www.kwacc.or.kr/CertificationSite/WA/1572/Detail?page=87,https://www.innobiz.net,EXPIRED,2022-11-20,2023-11-19,87,4,http://www.kwacc.or.kr/CertificationSite/WA/List?page=87,031650c0c9136bd1c8e4d1d746cb07b5df8df1d579141d6383b731a9cb44412d,2026-08-26T03:25:49.331680+00:00,0,0
1543,서울시립교향악단,(재)서울시립교향악단,http://www.kwacc.or.kr/CertificationSite/WA/1543/Detail?page=87,https://www.seoulphil.or.kr,EXPIRED,2022-11-17,2023-11-16,87,5,http://www.kwacc.or.kr/CertificationSite/WA/List?page=87,031650c0c9136bd1c8e4d1d746cb07b5df8df1d579141d6383b731a9cb44412d,2026-08-26T03:25:49.331680+00:00,0,0
1516,상수도사업본부,서울특별시 상수도사업본부,http://www.kwacc.or.kr/CertificationSite/WA/1516/Detail?page=87,https://arisu.seoul.go.kr,EXPIRED,2022-11-17,2023-11-16,87,6,http://www.kwacc.or.kr/CertificationSite/WA/List?page=87,031650c0c9136bd1c8e4d1d746cb07b5df8df1d579141d6383b731a9cb44412d,2026-08-26T03:25:49.331680+00:00,0,0
1558,농업기술센터,서울특별시,http://www.kwacc.or.kr/CertificationSite/WA/1558/Detail?page=87,http://agro.seoul.go.kr,EXPIRED,2022-11-13,2023-11-12,87,7,http://www.kwacc.or.kr/CertificationSite/WA/List?page=87,031650c0c9136bd1c8e4d1d746cb07b5df8df1d579141d6383b731a9cb44412d,2026-08-26T03:25:49.331680+00:00,0,0
1536,서울일자리포털,서울특별시,http://www.kwacc.or.kr/CertificationSite/WA/1536/Detail?page=87,https://job.seoul.go.kr,EXPIRED,2022-11-11,2023-11-10,87,8,http://www.kwacc.or.kr/CertificationSite/WA/List?page=87,031650c0c9136bd1c8e4d1d746cb07b5df8df1d579141d6383b731a9cb44412d,2026-08-26T03:25:49.331680+00:00,0,0
1531,민주주의서울,서울시청,http://www.kwacc.or.kr/CertificationSite/WA/1531/Detail?page=87,https://democracy.seoul.go.kr,EXPIRED,2022-11-11,2023-11-10,87,9,http://www.kwacc.or.kr/CertificationSite/WA/List?page=87,031650c0c9136bd1c8e4d1d746cb07b5df8df1d579141d6383b731a9cb44412d,2026-08-26T03:25:49.331680+00:00,0,0
1530,서울시임신출산정보센터,서울시청,http://www.kwacc.or.kr/CertificationSite/WA/1530/Detail?page=87,https://seoul-agi.seoul.go.kr/smom,EXPIRED,2022-11-11,2023-11-10,87,10,http://www.kwacc.or.kr/CertificationSite/WA/List?page=87,031650c0c9136bd1c8e4d1d746cb07b5df8df1d579141d6383b731a9cb44412d,2026-08-26T03:25:49.331680+00:00,0,0
1520,온라인시장실,서울특별시,http://www.kwacc.or.kr/CertificationSite/WA/1520/Detail?page=88,http://mayor.seoul.go.kr,EXPIRED,2022-11-09,2023-11-08,88,1,http://www.kwacc.or.kr/CertificationSite/WA/List?page=88,80caab86ff2615665269046735fbd17cc48fa8395a47e40eab7dd5d222ca540e,2026-08-26T03:25:50.115472+00:00,0,0
1552,한전산업개발(국문),한전산업개발(주),http://www.kwacc.or.kr/CertificationSite/WA/1552/Detail?page=88,http://www.kepid.co.kr,EXPIRED,2022-11-08,2023-11-07,88,2,http://www.kwacc.or.kr/CertificationSite/WA/List?page=88,80caab86ff2615665269046735fbd17cc48fa8395a47e40eab7dd5d222ca540e,2026-08-26T03:25:50.115472+00:00,0,0
1551,모바일 번호판영치 간편민원 서비스,서울특별시,http://www.kwacc.or.kr/CertificationSite/WA/1551/Detail?page=88,https://youngchi.seoul.go.kr,EXPIRED,2022-11-08,2023-11-07,88,3,http://www.kwacc.or.kr/CertificationSite/WA/List?page=88,80caab86ff2615665269046735fbd17cc48fa8395a47e40eab7dd5d222ca540e,2026-08-26T03:25:50.115472+00:00,0,0
1526,재외동포재단,재외동포재단,http://www.kwacc.or.kr/CertificationSite/WA/1526/Detail?page=88,https://okf.or.kr,EXPIRED,2022-11-07,2023-11-06,88,4,http://www.kwacc.or.kr/CertificationSite/WA/List?page=88,80caab86ff2615665269046735fbd17cc48fa8395a47e40eab7dd5d222ca540e,2026-08-26T03:25:50.115472+00:00,0,0
1519,4대보험간편계산기(모바일웹),국민연금공단 4대사회보험정보연계센터,http://www.kwacc.or.kr/CertificationSite/WA/1519/Detail?page=88,https://m.4insure.or.kr,EXPIRED,2022-11-05,2023-11-04,88,5,http://www.kwacc.or.kr/CertificationSite/WA/List?page=88,80caab86ff2615665269046735fbd17cc48fa8395a47e40eab7dd5d222ca540e,2026-08-26T03:25:50.115472+00:00,0,0
1525,용인문화재단,용인문화재단,http://www.kwacc.or.kr/CertificationSite/WA/1525/Detail?page=88,https://yicf.or.kr,EXPIRED,2022-11-04,2023-11-03,88,6,http://www.kwacc.or.kr/CertificationSite/WA/List?page=88,80caab86ff2615665269046735fbd17cc48fa8395a47e40eab7dd5d222ca540e,2026-08-26T03:25:50.115472+00:00,0,0
1524,국가공인 정보시스템 감리사,한국지능정보사회진흥원,http://www.kwacc.or.kr/CertificationSite/WA/1524/Detail?page=88,https://auditor.nia.or.kr,EXPIRED,2022-11-04,2023-11-03,88,7,http://www.kwacc.or.kr/CertificationSite/WA/List?page=88,80caab86ff2615665269046735fbd17cc48fa8395a47e40eab7dd5d222ca540e,2026-08-26T03:25:50.115472+00:00,0,0
1521,기초연금,보건복지부,http://www.kwacc.or.kr/CertificationSite/WA/1521/Detail?page=88,http://basicpension.mohw.go.kr,EXPIRED,2022-11-02,2023-11-01,88,8,http://www.kwacc.or.kr/CertificationSite/WA/List?page=88,80caab86ff2615665269046735fbd17cc48fa8395a47e40eab7dd5d222ca540e,2026-08-26T03:25:50.115472+00:00,0,0
1518,서북병원,서울특별시,http://www.kwacc.or.kr/CertificationSite/WA/1518/Detail?page=88,http://sbhosp.seoul.go.kr,EXPIRED,2022-11-02,2023-11-01,88,9,http://www.kwacc.or.kr/CertificationSite/WA/List?page=88,80caab86ff2615665269046735fbd17cc48fa8395a47e40eab7dd5d222ca540e,2026-08-26T03:25:50.115472+00:00,0,0
1517,서울시 대표 홈페이지,서울특별시,http://www.kwacc.or.kr/CertificationSite/WA/1517/Detail?page=88,http://www.seoul.go.kr,EXPIRED,2022-11-02,2023-11-01,88,10,http://www.kwacc.or.kr/CertificationSite/WA/List?page=88,80caab86ff2615665269046735fbd17cc48fa8395a47e40eab7dd5d222ca540e,2026-08-26T03:25:50.115472+00:00,0,0
1522,지방공공기관 경영정보공개시스템(클린아이),행정안전부,http://www.kwacc.or.kr/CertificationSite/WA/1522/Detail?page=89,http://www.cleaneye.go.kr,EXPIRED,2022-11-01,2023-10-31,89,1,http://www.kwacc.or.kr/CertificationSite/WA/List?page=89,f95b9c14c99e9456683df92b73a83fdedc591841789bbd63db925f0c7d9a2ea6,2026-08-26T03:25:50.907908+00:00,0,0
1542,경기도장애인복지종합지원센터,경기도장애인복지종합지원센터,http://www.kwacc.or.kr/CertificationSite/WA/1542/Detail?page=89,https://www.ggnurim.or.kr,EXPIRED,2022-10-30,2023-10-29,89,2,http://www.kwacc.or.kr/CertificationSite/WA/List?page=89,f95b9c14c99e9456683df92b73a83fdedc591841789bbd63db925f0c7d9a2ea6,2026-08-26T03:25:50.907908+00:00,0,0
1567,푸본현대생명(모바일웹),푸본현대생명,http://www.kwacc.or.kr/CertificationSite/WA/1567/Detail?page=89,https://www.fubonhyundai.com,EXPIRED,2022-10-27,2023-10-26,89,3,http://www.kwacc.or.kr/CertificationSite/WA/List?page=89,f95b9c14c99e9456683df92b73a83fdedc591841789bbd63db925f0c7d9a2ea6,2026-08-26T03:25:50.907908+00:00,0,0
1566,푸본현대생명,푸본현대생명,http://www.kwacc.or.kr/CertificationSite/WA/1566/Detail?page=89,https://www.fubonhyundai.com,EXPIRED,2022-10-27,2023-10-26,89,4,http://www.kwacc.or.kr/CertificationSite/WA/List?page=89,f95b9c14c99e9456683df92b73a83fdedc591841789bbd63db925f0c7d9a2ea6,2026-08-26T03:25:50.907908+00:00,0,0
1547,서울시(다국어),서울특별시청,http://www.kwacc.or.kr/CertificationSite/WA/1547/Detail?page=89,https://world.seoul.go.kr,EXPIRED,2022-10-26,2023-10-25,89,5,http://www.kwacc.or.kr/CertificationSite/WA/List?page=89,f95b9c14c99e9456683df92b73a83fdedc591841789bbd63db925f0c7d9a2ea6,2026-08-26T03:25:50.907908+00:00,0,0
1546,서울시(중국어-번체),서울특별시청,http://www.kwacc.or.kr/CertificationSite/WA/1546/Detail?page=89,https://tchinese.seoul.go.kr,EXPIRED,2022-10-26,2023-10-25,89,6,http://www.kwacc.or.kr/CertificationSite/WA/List?page=89,f95b9c14c99e9456683df92b73a83fdedc591841789bbd63db925f0c7d9a2ea6,2026-08-26T03:25:50.907908+00:00,0,0
1545,서울시(중국어-간체),서울특별시청,http://www.kwacc.or.kr/CertificationSite/WA/1545/Detail?page=89,https://chinese.seoul.go.kr,EXPIRED,2022-10-26,2023-10-25,89,7,http://www.kwacc.or.kr/CertificationSite/WA/List?page=89,f95b9c14c99e9456683df92b73a83fdedc591841789bbd63db925f0c7d9a2ea6,2026-08-26T03:25:50.907908+00:00,0,0
1544,서울시(일어),서울특별시청,http://www.kwacc.or.kr/CertificationSite/WA/1544/Detail?page=89,https://japanese.seoul.go.kr,EXPIRED,2022-10-26,2023-10-25,89,8,http://www.kwacc.or.kr/CertificationSite/WA/List?page=89,f95b9c14c99e9456683df92b73a83fdedc591841789bbd63db925f0c7d9a2ea6,2026-08-26T03:25:50.907908+00:00,0,0
1539,서울시(영어),서울특별시청,http://www.kwacc.or.kr/CertificationSite/WA/1539/Detail?page=89,https://english.seoul.go.kr,EXPIRED,2022-10-26,2023-10-25,89,9,http://www.kwacc.or.kr/CertificationSite/WA/List?page=89,f95b9c14c99e9456683df92b73a83fdedc591841789bbd63db925f0c7d9a2ea6,2026-08-26T03:25:50.907908+00:00,0,0
1527,수원도시공사,수원도시공사,http://www.kwacc.or.kr/CertificationSite/WA/1527/Detail?page=89,https://www.suwonudc.co.kr,EXPIRED,2022-10-25,2023-10-24,89,10,http://www.kwacc.or.kr/CertificationSite/WA/List?page=89,f95b9c14c99e9456683df92b73a83fdedc591841789bbd63db925f0c7d9a2ea6,2026-08-26T03:25:50.907908+00:00,0,0
1554,문화체육관광부 i-나루,문화체육관광부,http://www.kwacc.or.kr/CertificationSite/WA/1554/Detail?page=90,https://inaru.mcst.go.kr,EXPIRED,2022-10-23,2023-10-22,90,1,http://www.kwacc.or.kr/CertificationSite/WA/List?page=90,d0d06954b021e9c28383143706fb3be28783176968a62c1e376d4630e15a913e,2026-08-26T03:25:51.690984+00:00,0,0
1541,코리안넷,재외동포재단,http://www.kwacc.or.kr/CertificationSite/WA/1541/Detail?page=90,https://korean.net,EXPIRED,2022-10-23,2023-10-22,90,2,http://www.kwacc.or.kr/CertificationSite/WA/List?page=90,d0d06954b021e9c28383143706fb3be28783176968a62c1e376d4630e15a913e,2026-08-26T03:25:51.690984+00:00,0,0
1514,SBH 연구인프라 통합관리시스템(TREE),한국보건산업진흥원,http://www.kwacc.or.kr/CertificationSite/WA/1514/Detail?page=90,https://www.seoulbiohub.kr/tree,EXPIRED,2022-10-21,2023-10-20,90,3,http://www.kwacc.or.kr/CertificationSite/WA/List?page=90,d0d06954b021e9c28383143706fb3be28783176968a62c1e376d4630e15a913e,2026-08-26T03:25:51.690984+00:00,0,0
1523,경기도사회적경제센터,재단법인 경기도일자리재단,http://www.kwacc.or.kr/CertificationSite/WA/1523/Detail?page=90,https://www.gsec.or.kr,EXPIRED,2022-10-19,2023-10-18,90,4,http://www.kwacc.or.kr/CertificationSite/WA/List?page=90,d0d06954b021e9c28383143706fb3be28783176968a62c1e376d4630e15a913e,2026-08-26T03:25:51.690984+00:00,0,0
1513,인사혁신처,인사혁신처,http://www.kwacc.or.kr/CertificationSite/WA/1513/Detail?page=90,https://www.mpm.go.kr,EXPIRED,2022-10-19,2023-10-18,90,5,http://www.kwacc.or.kr/CertificationSite/WA/List?page=90,d0d06954b021e9c28383143706fb3be28783176968a62c1e376d4630e15a913e,2026-08-26T03:25:51.690984+00:00,0,0
1500,아동복지센터,서울특별시,http://www.kwacc.or.kr/CertificationSite/WA/1500/Detail?page=90,http://child.seoul.go.kr,EXPIRED,2022-10-19,2023-10-18,90,6,http://www.kwacc.or.kr/CertificationSite/WA/List?page=90,d0d06954b021e9c28383143706fb3be28783176968a62c1e376d4630e15a913e,2026-08-26T03:25:51.690984+00:00,0,0
1508,오송생명과학단지지원센터,오송생명과학단지지원센터,http://www.kwacc.or.kr/CertificationSite/WA/1508/Detail?page=90,https://osong.mohw.go.kr,EXPIRED,2022-10-18,2023-10-17,90,7,http://www.kwacc.or.kr/CertificationSite/WA/List?page=90,d0d06954b021e9c28383143706fb3be28783176968a62c1e376d4630e15a913e,2026-08-26T03:25:51.690984+00:00,0,0
1502,집합건물통합정보마당,서울특별시,http://www.kwacc.or.kr/CertificationSite/WA/1502/Detail?page=90,https://openab.seoul.go.kr,EXPIRED,2022-10-15,2023-10-14,90,8,http://www.kwacc.or.kr/CertificationSite/WA/List?page=90,d0d06954b021e9c28383143706fb3be28783176968a62c1e376d4630e15a913e,2026-08-26T03:25:51.690984+00:00,0,0
1509,점자종합정보 누리집,국립국어원,http://www.kwacc.or.kr/CertificationSite/WA/1509/Detail?page=90,https://korean.go.kr/braille,EXPIRED,2022-10-13,2023-10-12,90,9,http://www.kwacc.or.kr/CertificationSite/WA/List?page=90,d0d06954b021e9c28383143706fb3be28783176968a62c1e376d4630e15a913e,2026-08-26T03:25:51.690984+00:00,0,0
1515,PIMAC 평가관리시스템,한국개발연구원,http://www.kwacc.or.kr/CertificationSite/WA/1515/Detail?page=90,https://expert.kdi.re.kr,EXPIRED,2022-10-12,2023-10-11,90,10,http://www.kwacc.or.kr/CertificationSite/WA/List?page=90,d0d06954b021e9c28383143706fb3be28783176968a62c1e376d4630e15a913e,2026-08-26T03:25:51.690984+00:00,0,0
1512,현대에이치디에스,현대에이치디에스(주),http://www.kwacc.or.kr/CertificationSite/WA/1512/Detail?page=91,https://www.hyundaihds.com,EXPIRED,2022-10-10,2023-10-09,91,1,http://www.kwacc.or.kr/CertificationSite/WA/List?page=91,af690cfd3462c851da45b0ee4c60c840a62034ec6faa871902b70adc6624ee4e,2026-08-26T03:25:52.527835+00:00,0,0
1506,국립장기조직혈액관리원,국립장기조직혈액관리원,http://www.kwacc.or.kr/CertificationSite/WA/1506/Detail?page=91,https://www.konos.go.kr,EXPIRED,2022-10-07,2023-10-06,91,2,http://www.kwacc.or.kr/CertificationSite/WA/List?page=91,af690cfd3462c851da45b0ee4c60c840a62034ec6faa871902b70adc6624ee4e,2026-08-26T03:25:52.527835+00:00,0,0
1505,국립재활원 장애인건강검진센터,국립재활원,http://www.kwacc.or.kr/CertificationSite/WA/1505/Detail?page=91,http://www.nrc.go.kr/checkup/main.do,EXPIRED,2022-10-07,2023-10-06,91,3,http://www.kwacc.or.kr/CertificationSite/WA/List?page=91,af690cfd3462c851da45b0ee4c60c840a62034ec6faa871902b70adc6624ee4e,2026-08-26T03:25:52.527835+00:00,0,0
1503,방송문화진흥회,방송문화진흥회,http://www.kwacc.or.kr/CertificationSite/WA/1503/Detail?page=91,http://www.fbc.or.kr,EXPIRED,2022-10-04,2023-10-03,91,4,http://www.kwacc.or.kr/CertificationSite/WA/List?page=91,af690cfd3462c851da45b0ee4c60c840a62034ec6faa871902b70adc6624ee4e,2026-08-26T03:25:52.527835+00:00,0,0
1490,내손안에서울,서울특별시,http://www.kwacc.or.kr/CertificationSite/WA/1490/Detail?page=91,http://mediahub.seoul.go.kr,EXPIRED,2022-09-30,2023-09-29,91,5,http://www.kwacc.or.kr/CertificationSite/WA/List?page=91,af690cfd3462c851da45b0ee4c60c840a62034ec6faa871902b70adc6624ee4e,2026-08-26T03:25:52.527835+00:00,0,0
1498,수원문화재단 문화도시 수원,수원문화재단,http://www.kwacc.or.kr/CertificationSite/WA/1498/Detail?page=91,https://www.swculture.or.kr,EXPIRED,2022-09-29,2023-09-28,91,6,http://www.kwacc.or.kr/CertificationSite/WA/List?page=91,af690cfd3462c851da45b0ee4c60c840a62034ec6faa871902b70adc6624ee4e,2026-08-26T03:25:52.527835+00:00,0,0
1484,서울광장,서울특별시,http://www.kwacc.or.kr/CertificationSite/WA/1484/Detail?page=91,http://plaza.seoul.go.kr,EXPIRED,2022-09-26,2023-09-25,91,7,http://www.kwacc.or.kr/CertificationSite/WA/List?page=91,af690cfd3462c851da45b0ee4c60c840a62034ec6faa871902b70adc6624ee4e,2026-08-26T03:25:52.527835+00:00,0,0
1529,한국서부발전,한국서부발전주식회사,http://www.kwacc.or.kr/CertificationSite/WA/1529/Detail?page=91,https://www.iwest.co.kr,EXPIRED,2022-09-25,2023-09-24,91,8,http://www.kwacc.or.kr/CertificationSite/WA/List?page=91,af690cfd3462c851da45b0ee4c60c840a62034ec6faa871902b70adc6624ee4e,2026-08-26T03:25:52.527835+00:00,0,0
1499,인천교통약자 이동지원센터,인천교통공사,http://www.kwacc.or.kr/CertificationSite/WA/1499/Detail?page=91,https://www.intis.or.kr,EXPIRED,2022-09-24,2023-09-23,91,9,http://www.kwacc.or.kr/CertificationSite/WA/List?page=91,af690cfd3462c851da45b0ee4c60c840a62034ec6faa871902b70adc6624ee4e,2026-08-26T03:25:52.527835+00:00,0,0
1491,의사자추모관,보건복지부,http://www.kwacc.or.kr/CertificationSite/WA/1491/Detail?page=91,https://www.mohw.go.kr/memorial,EXPIRED,2022-09-21,2023-09-20,91,10,http://www.kwacc.or.kr/CertificationSite/WA/List?page=91,af690cfd3462c851da45b0ee4c60c840a62034ec6faa871902b70adc6624ee4e,2026-08-26T03:25:52.527835+00:00,0,0
1488,안양도시공사,안양도시공사,http://www.kwacc.or.kr/CertificationSite/WA/1488/Detail?page=92,https://www.auc.or.kr/base/main/view,EXPIRED,2022-09-21,2023-09-20,92,1,http://www.kwacc.or.kr/CertificationSite/WA/List?page=92,68c4ea2e581057c1f3fed89f9792cdf64b4dd3e1a4c388c4e65d7e57ccaf06a3,2026-08-26T03:25:53.310647+00:00,0,0
1487,서울문화예술대학교 학사관리시스템,서울문화예술대학교,http://www.kwacc.or.kr/CertificationSite/WA/1487/Detail?page=92,https://edu.scau.ac.kr,EXPIRED,2022-09-16,2023-09-15,92,2,http://www.kwacc.or.kr/CertificationSite/WA/List?page=92,68c4ea2e581057c1f3fed89f9792cdf64b4dd3e1a4c388c4e65d7e57ccaf06a3,2026-08-26T03:25:53.310647+00:00,0,0
1486,승강기안전기술원,승강기안전기술원,http://www.kwacc.or.kr/CertificationSite/WA/1486/Detail?page=92,https://esti.koelsa.or.kr,EXPIRED,2022-09-16,2023-09-15,92,3,http://www.kwacc.or.kr/CertificationSite/WA/List?page=92,68c4ea2e581057c1f3fed89f9792cdf64b4dd3e1a4c388c4e65d7e57ccaf06a3,2026-08-26T03:25:53.310647+00:00,0,0
1528,서울기록원,서울기록원,http://www.kwacc.or.kr/CertificationSite/WA/1528/Detail?page=92,https://archives.seoul.go.kr,EXPIRED,2022-09-15,2023-09-14,92,4,http://www.kwacc.or.kr/CertificationSite/WA/List?page=92,68c4ea2e581057c1f3fed89f9792cdf64b4dd3e1a4c388c4e65d7e57ccaf06a3,2026-08-26T03:25:53.310647+00:00,0,0
1501,식품의약품안전평가원,식품의약품안전평가원,http://www.kwacc.or.kr/CertificationSite/WA/1501/Detail?page=92,https://www.nifds.go.kr,EXPIRED,2022-09-14,2023-09-13,92,5,http://www.kwacc.or.kr/CertificationSite/WA/List?page=92,68c4ea2e581057c1f3fed89f9792cdf64b4dd3e1a4c388c4e65d7e57ccaf06a3,2026-08-26T03:25:53.310647+00:00,0,0
1504,상수도사업본부(영어),서울특별시 상수도사업본부,http://www.kwacc.or.kr/CertificationSite/WA/1504/Detail?page=92,https://arisu.seoul.go.kr/sudo_eng/index.jsp,EXPIRED,2022-09-13,2023-09-12,92,6,http://www.kwacc.or.kr/CertificationSite/WA/List?page=92,68c4ea2e581057c1f3fed89f9792cdf64b4dd3e1a4c388c4e65d7e57ccaf06a3,2026-08-26T03:25:53.310647+00:00,0,0
1485,체육시설관리사업소,서울특별시,http://www.kwacc.or.kr/CertificationSite/WA/1485/Detail?page=92,http://stadium.seoul.go.kr,EXPIRED,2022-09-13,2023-09-12,92,7,http://www.kwacc.or.kr/CertificationSite/WA/List?page=92,68c4ea2e581057c1f3fed89f9792cdf64b4dd3e1a4c388c4e65d7e57ccaf06a3,2026-08-26T03:25:53.310647+00:00,0,0
1507,삼성전자승마단,삼성전자(주),http://www.kwacc.or.kr/CertificationSite/WA/1507/Detail?page=92,https://horse.samsung.com,EXPIRED,2022-09-12,2023-09-11,92,8,http://www.kwacc.or.kr/CertificationSite/WA/List?page=92,68c4ea2e581057c1f3fed89f9792cdf64b4dd3e1a4c388c4e65d7e57ccaf06a3,2026-08-26T03:25:53.310647+00:00,0,0
1482,서울문화예술대학교 입학지원센터,서울문화예술대학교,http://www.kwacc.or.kr/CertificationSite/WA/1482/Detail?page=92,https://ipsi.scau.ac.kr/Default.aspx,EXPIRED,2022-09-11,2023-09-10,92,9,http://www.kwacc.or.kr/CertificationSite/WA/List?page=92,68c4ea2e581057c1f3fed89f9792cdf64b4dd3e1a4c388c4e65d7e57ccaf06a3,2026-08-26T03:25:53.310647+00:00,0,0
1479,서울문화예술대학교,서울문화예술대학교,http://www.kwacc.or.kr/CertificationSite/WA/1479/Detail?page=92,https://www.scau.ac.kr/Default.aspx,EXPIRED,2022-09-11,2023-09-10,92,10,http://www.kwacc.or.kr/CertificationSite/WA/List?page=92,68c4ea2e581057c1f3fed89f9792cdf64b4dd3e1a4c388c4e65d7e57ccaf06a3,2026-08-26T03:25:53.310647+00:00,0,0
1483,2050탄소중립위원회,2050탄소중립위원회,http://www.kwacc.or.kr/CertificationSite/WA/1483/Detail?page=93,http://www.2050cnc.go.kr,EXPIRED,2022-09-08,2023-09-07,93,1,http://www.kwacc.or.kr/CertificationSite/WA/List?page=93,773df91d00df4f62996e8984858125762ea8d01f917d37a90017ce2887e67f31,2026-08-26T03:25:54.098252+00:00,0,0
1480,한국농어촌공사,한국농어촌공사,http://www.kwacc.or.kr/CertificationSite/WA/1480/Detail?page=93,https://www.ekr.or.kr,EXPIRED,2022-09-05,2023-09-04,93,2,http://www.kwacc.or.kr/CertificationSite/WA/List?page=93,773df91d00df4f62996e8984858125762ea8d01f917d37a90017ce2887e67f31,2026-08-26T03:25:54.098252+00:00,0,0
1494,Signgate 서비스,한국정보인증,http://www.kwacc.or.kr/CertificationSite/WA/1494/Detail?page=93,https://www.signgate.com,EXPIRED,2022-09-04,2023-09-03,93,3,http://www.kwacc.or.kr/CertificationSite/WA/List?page=93,773df91d00df4f62996e8984858125762ea8d01f917d37a90017ce2887e67f31,2026-08-26T03:25:54.098252+00:00,0,0
1467,청소년기업가체험프로그램,한국청년기업가정신재단,http://www.kwacc.or.kr/CertificationSite/WA/1467/Detail?page=93,https://yeep.go.kr,EXPIRED,2022-09-03,2023-09-02,93,4,http://www.kwacc.or.kr/CertificationSite/WA/List?page=93,773df91d00df4f62996e8984858125762ea8d01f917d37a90017ce2887e67f31,2026-08-26T03:25:54.098252+00:00,0,0
1497,우체국소포,우정사업본부,http://www.kwacc.or.kr/CertificationSite/WA/1497/Detail?page=93,https://parcel.epost.go.kr,EXPIRED,2022-09-01,2023-08-31,93,5,http://www.kwacc.or.kr/CertificationSite/WA/List?page=93,773df91d00df4f62996e8984858125762ea8d01f917d37a90017ce2887e67f31,2026-08-26T03:25:54.098252+00:00,0,0
1478,주식회사 E1,주식회사 E1,http://www.kwacc.or.kr/CertificationSite/WA/1478/Detail?page=93,https://www.e1.co.kr,EXPIRED,2022-09-01,2023-08-31,93,6,http://www.kwacc.or.kr/CertificationSite/WA/List?page=93,773df91d00df4f62996e8984858125762ea8d01f917d37a90017ce2887e67f31,2026-08-26T03:25:54.098252+00:00,0,0
1477,Signgate 서비스(모바일웹),한국정보인증(주),http://www.kwacc.or.kr/CertificationSite/WA/1477/Detail?page=93,https://www.signgate.com/sgmobile/sgMobileMain.sg,EXPIRED,2022-09-01,2023-08-31,93,7,http://www.kwacc.or.kr/CertificationSite/WA/List?page=93,773df91d00df4f62996e8984858125762ea8d01f917d37a90017ce2887e67f31,2026-08-26T03:25:54.098252+00:00,0,0
1476,에코뱅크,국립생태원,http://www.kwacc.or.kr/CertificationSite/WA/1476/Detail?page=93,https://www.nie-ecobank.kr,EXPIRED,2022-09-01,2023-08-31,93,8,http://www.kwacc.or.kr/CertificationSite/WA/List?page=93,773df91d00df4f62996e8984858125762ea8d01f917d37a90017ce2887e67f31,2026-08-26T03:25:54.098252+00:00,0,0
1475,여수시청,여수시청,http://www.kwacc.or.kr/CertificationSite/WA/1475/Detail?page=93,https://www.yeosu.go.kr/www,EXPIRED,2022-08-27,2023-08-26,93,9,http://www.kwacc.or.kr/CertificationSite/WA/List?page=93,773df91d00df4f62996e8984858125762ea8d01f917d37a90017ce2887e67f31,2026-08-26T03:25:54.098252+00:00,0,0
1470,국립망향의동산,국립망향의동산관리원,http://www.kwacc.or.kr/CertificationSite/WA/1470/Detail?page=93,http://www.nmhc.go.kr,EXPIRED,2022-08-27,2023-08-26,93,10,http://www.kwacc.or.kr/CertificationSite/WA/List?page=93,773df91d00df4f62996e8984858125762ea8d01f917d37a90017ce2887e67f31,2026-08-26T03:25:54.098252+00:00,0,0
1461,은평병원,서울특별시,http://www.kwacc.or.kr/CertificationSite/WA/1461/Detail?page=94,https://ephosp.seoul.go.kr,EXPIRED,2022-08-26,2023-08-25,94,1,http://www.kwacc.or.kr/CertificationSite/WA/List?page=94,8235c5994b4293e6e7db1136c49386befa8583fd0a314101be0c5208e8e2c50d,2026-08-26T03:25:55.796088+00:00,0,0
1472,스마트공장,더블유피솔류션즈(주),http://www.kwacc.or.kr/CertificationSite/WA/1472/Detail?page=94,http://119.65.180.3:8086/monitoring,EXPIRED,2022-08-19,2023-08-18,94,2,http://www.kwacc.or.kr/CertificationSite/WA/List?page=94,8235c5994b4293e6e7db1136c49386befa8583fd0a314101be0c5208e8e2c50d,2026-08-26T03:25:55.796088+00:00,0,0
1471,공동주택,더블유피솔류션즈(주),http://www.kwacc.or.kr/CertificationSite/WA/1471/Detail?page=94,http://210.91.48.207:7070/rd_apt,EXPIRED,2022-08-19,2023-08-18,94,3,http://www.kwacc.or.kr/CertificationSite/WA/List?page=94,8235c5994b4293e6e7db1136c49386befa8583fd0a314101be0c5208e8e2c50d,2026-08-26T03:25:55.796088+00:00,0,0
1466,한국전력공사(모바일웹),한국전력공사,http://www.kwacc.or.kr/CertificationSite/WA/1466/Detail?page=94,https://home.kepco.co.kr,EXPIRED,2022-08-17,2023-08-16,94,4,http://www.kwacc.or.kr/CertificationSite/WA/List?page=94,8235c5994b4293e6e7db1136c49386befa8583fd0a314101be0c5208e8e2c50d,2026-08-26T03:25:55.796088+00:00,0,0
1465,한국전력공사,한국전력공사,http://www.kwacc.or.kr/CertificationSite/WA/1465/Detail?page=94,https://home.kepco.co.kr,EXPIRED,2022-08-17,2023-08-16,94,5,http://www.kwacc.or.kr/CertificationSite/WA/List?page=94,8235c5994b4293e6e7db1136c49386befa8583fd0a314101be0c5208e8e2c50d,2026-08-26T03:25:55.796088+00:00,0,0
1469,커리어넷,한국직업능력연구원,http://www.kwacc.or.kr/CertificationSite/WA/1469/Detail?page=94,https://www.career.go.kr,EXPIRED,2022-08-14,2023-08-13,94,6,http://www.kwacc.or.kr/CertificationSite/WA/List?page=94,8235c5994b4293e6e7db1136c49386befa8583fd0a314101be0c5208e8e2c50d,2026-08-26T03:25:55.796088+00:00,0,0
1481,주차정보안내시스템,서울특별시,http://www.kwacc.or.kr/CertificationSite/WA/1481/Detail?page=94,https://parking.seoul.go.kr,EXPIRED,2022-08-10,2023-08-09,94,7,http://www.kwacc.or.kr/CertificationSite/WA/List?page=94,8235c5994b4293e6e7db1136c49386befa8583fd0a314101be0c5208e8e2c50d,2026-08-26T03:25:55.796088+00:00,0,0
1489,Signra 서비스,한국정보인증,http://www.kwacc.or.kr/CertificationSite/WA/1489/Detail?page=94,https://g2b.signra.com:4433/web-signra,EXPIRED,2022-08-07,2023-08-06,94,8,http://www.kwacc.or.kr/CertificationSite/WA/List?page=94,8235c5994b4293e6e7db1136c49386befa8583fd0a314101be0c5208e8e2c50d,2026-08-26T03:25:55.796088+00:00,0,0
1463,완도군청,완도군청,http://www.kwacc.or.kr/CertificationSite/WA/1463/Detail?page=94,https://www.wando.go.kr/?main=true,EXPIRED,2022-08-06,2023-08-05,94,9,http://www.kwacc.or.kr/CertificationSite/WA/List?page=94,8235c5994b4293e6e7db1136c49386befa8583fd0a314101be0c5208e8e2c50d,2026-08-26T03:25:55.796088+00:00,0,0
1464,명지전문대학,명지전문대학,http://www.kwacc.or.kr/CertificationSite/WA/1464/Detail?page=94,https://www.mjc.ac.kr,EXPIRED,2022-08-02,2023-08-01,94,10,http://www.kwacc.or.kr/CertificationSite/WA/List?page=94,8235c5994b4293e6e7db1136c49386befa8583fd0a314101be0c5208e8e2c50d,2026-08-26T03:25:55.796088+00:00,0,0
1460,한국지역난방공사 대표 홈페이지,한국지역난방공사,http://www.kwacc.or.kr/CertificationSite/WA/1460/Detail?page=95,https://www.kdhc.co.kr,EXPIRED,2022-07-28,2023-07-27,95,1,http://www.kwacc.or.kr/CertificationSite/WA/List?page=95,3f8fb8d91d0eeafe3f8ac9e402223e4f3fc38f307e3f309ce96afdaba7a7e3d9,2026-08-26T03:25:56.593277+00:00,0,0
1457,목포시청,목포시청,http://www.kwacc.or.kr/CertificationSite/WA/1457/Detail?page=95,https://www.mokpo.go.kr/?main=true,EXPIRED,2022-07-27,2023-07-26,95,2,http://www.kwacc.or.kr/CertificationSite/WA/List?page=95,3f8fb8d91d0eeafe3f8ac9e402223e4f3fc38f307e3f309ce96afdaba7a7e3d9,2026-08-26T03:25:56.593277+00:00,0,0
1462,보성군청,보성군청,http://www.kwacc.or.kr/CertificationSite/WA/1462/Detail?page=95,https://www.boseong.go.kr/?main=true,EXPIRED,2022-07-24,2023-07-23,95,3,http://www.kwacc.or.kr/CertificationSite/WA/List?page=95,3f8fb8d91d0eeafe3f8ac9e402223e4f3fc38f307e3f309ce96afdaba7a7e3d9,2026-08-26T03:25:56.593277+00:00,0,0
1451,강진군청,강진군청,http://www.kwacc.or.kr/CertificationSite/WA/1451/Detail?page=95,https://www.gangjin.go.kr/www,EXPIRED,2022-07-24,2023-07-23,95,4,http://www.kwacc.or.kr/CertificationSite/WA/List?page=95,3f8fb8d91d0eeafe3f8ac9e402223e4f3fc38f307e3f309ce96afdaba7a7e3d9,2026-08-26T03:25:56.593277+00:00,0,0
1441,영양군청,영양군청,http://www.kwacc.or.kr/CertificationSite/WA/1441/Detail?page=95,https://www.yyg.go.kr/?main=true,EXPIRED,2022-07-21,2023-07-20,95,5,http://www.kwacc.or.kr/CertificationSite/WA/List?page=95,3f8fb8d91d0eeafe3f8ac9e402223e4f3fc38f307e3f309ce96afdaba7a7e3d9,2026-08-26T03:25:56.593277+00:00,0,0
1453,방송통신심의위원회,방송통신심의위원회,http://www.kwacc.or.kr/CertificationSite/WA/1453/Detail?page=95,http://www.kocsc.or.kr,EXPIRED,2022-07-20,2023-07-19,95,6,http://www.kwacc.or.kr/CertificationSite/WA/List?page=95,3f8fb8d91d0eeafe3f8ac9e402223e4f3fc38f307e3f309ce96afdaba7a7e3d9,2026-08-26T03:25:56.593277+00:00,0,0
1452,AI-Data 교육 홈페이지,한국지능정보사회진흥원,http://www.kwacc.or.kr/CertificationSite/WA/1452/Detail?page=95,http://aidata.elancer.co.kr,EXPIRED,2022-07-14,2023-07-13,95,7,http://www.kwacc.or.kr/CertificationSite/WA/List?page=95,3f8fb8d91d0eeafe3f8ac9e402223e4f3fc38f307e3f309ce96afdaba7a7e3d9,2026-08-26T03:25:56.593277+00:00,0,0
1450,장흥군청,장흥군청,http://www.kwacc.or.kr/CertificationSite/WA/1450/Detail?page=95,https://www.jangheung.go.kr/?main=true,EXPIRED,2022-07-14,2023-07-13,95,8,http://www.kwacc.or.kr/CertificationSite/WA/List?page=95,3f8fb8d91d0eeafe3f8ac9e402223e4f3fc38f307e3f309ce96afdaba7a7e3d9,2026-08-26T03:25:56.593277+00:00,0,0
1455,국립중앙도서관 공공도서관지원서비스,국립중앙도서관,http://www.kwacc.or.kr/CertificationSite/WA/1455/Detail?page=95,https://books.nl.go.kr,EXPIRED,2022-07-09,2023-07-08,95,9,http://www.kwacc.or.kr/CertificationSite/WA/List?page=95,3f8fb8d91d0eeafe3f8ac9e402223e4f3fc38f307e3f309ce96afdaba7a7e3d9,2026-08-26T03:25:56.593277+00:00,0,0
1456,여신금융협회 소비자지원센터,여신금융협회,http://www.kwacc.or.kr/CertificationSite/WA/1456/Detail?page=95,https://customer.crefia.or.kr,EXPIRED,2022-07-07,2023-07-06,95,10,http://www.kwacc.or.kr/CertificationSite/WA/List?page=95,3f8fb8d91d0eeafe3f8ac9e402223e4f3fc38f307e3f309ce96afdaba7a7e3d9,2026-08-26T03:25:56.593277+00:00,0,0
1454,여신금융협회,여신금융협회,http://www.kwacc.or.kr/CertificationSite/WA/1454/Detail?page=96,https://www.crefia.or.kr,EXPIRED,2022-07-07,2023-07-06,96,1,http://www.kwacc.or.kr/CertificationSite/WA/List?page=96,b37378f2ca30cf2086c796d1ace053117ec2f8e3fe0526ef9c2a58bff8cff6b0,2026-08-26T03:25:57.388332+00:00,0,0
1468,원격영상진로멘토링,한국청년기업가정신재단,http://www.kwacc.or.kr/CertificationSite/WA/1468/Detail?page=96,https://mentoring.career.go.kr,EXPIRED,2022-07-06,2023-07-05,96,2,http://www.kwacc.or.kr/CertificationSite/WA/List?page=96,b37378f2ca30cf2086c796d1ace053117ec2f8e3fe0526ef9c2a58bff8cff6b0,2026-08-26T03:25:57.388332+00:00,0,0
1448,안산시 평생학습원,안산시청,http://www.kwacc.or.kr/CertificationSite/WA/1448/Detail?page=96,https://wm.ansan.go.kr,EXPIRED,2022-06-29,2023-06-28,96,3,http://www.kwacc.or.kr/CertificationSite/WA/List?page=96,b37378f2ca30cf2086c796d1ace053117ec2f8e3fe0526ef9c2a58bff8cff6b0,2026-08-26T03:25:57.388332+00:00,0,0
1447,서울특별시 동부병원,서울특별시 동부병원,http://www.kwacc.or.kr/CertificationSite/WA/1447/Detail?page=96,https://www.dbhosp.go.kr,EXPIRED,2022-06-22,2023-06-21,96,4,http://www.kwacc.or.kr/CertificationSite/WA/List?page=96,b37378f2ca30cf2086c796d1ace053117ec2f8e3fe0526ef9c2a58bff8cff6b0,2026-08-26T03:25:57.388332+00:00,0,0
1438,자산형성포털,한국자활복지개발원,http://www.kwacc.or.kr/CertificationSite/WA/1438/Detail?page=96,https://hope.welfareinfo.or.kr/main/main.do,EXPIRED,2022-06-22,2023-06-21,96,5,http://www.kwacc.or.kr/CertificationSite/WA/List?page=96,b37378f2ca30cf2086c796d1ace053117ec2f8e3fe0526ef9c2a58bff8cff6b0,2026-08-26T03:25:57.388332+00:00,0,0
1440,한국학사서글로벌네트워크,국립중앙도서관,http://www.kwacc.or.kr/CertificationSite/WA/1440/Detail?page=96,https://inkslib.nl.go.kr,EXPIRED,2022-06-15,2023-06-14,96,6,http://www.kwacc.or.kr/CertificationSite/WA/List?page=96,b37378f2ca30cf2086c796d1ace053117ec2f8e3fe0526ef9c2a58bff8cff6b0,2026-08-26T03:25:57.388332+00:00,0,0
1435,세계법제정보센터,법제처,http://www.kwacc.or.kr/CertificationSite/WA/1435/Detail?page=96,https://world.moleg.go.kr,EXPIRED,2022-06-15,2023-06-14,96,7,http://www.kwacc.or.kr/CertificationSite/WA/List?page=96,b37378f2ca30cf2086c796d1ace053117ec2f8e3fe0526ef9c2a58bff8cff6b0,2026-08-26T03:25:57.388332+00:00,0,0
1439,사서지원서비스,국립중앙도서관,http://www.kwacc.or.kr/CertificationSite/WA/1439/Detail?page=96,https://librarian.nl.go.kr,EXPIRED,2022-06-09,2023-06-08,96,8,http://www.kwacc.or.kr/CertificationSite/WA/List?page=96,b37378f2ca30cf2086c796d1ace053117ec2f8e3fe0526ef9c2a58bff8cff6b0,2026-08-26T03:25:57.388332+00:00,0,0
1433,와이즈유저 방송통신이용자정보포털,(사)한국정보통신진흥협회,http://www.kwacc.or.kr/CertificationSite/WA/1433/Detail?page=96,https://www.wiseuser.go.kr,EXPIRED,2022-06-08,2023-06-07,96,9,http://www.kwacc.or.kr/CertificationSite/WA/List?page=96,b37378f2ca30cf2086c796d1ace053117ec2f8e3fe0526ef9c2a58bff8cff6b0,2026-08-26T03:25:57.388332+00:00,0,0
1449,성남아트센터,재단법인 성남문화재단,http://www.kwacc.or.kr/CertificationSite/WA/1449/Detail?page=96,http://www.snart.or.kr,EXPIRED,2022-06-07,2023-06-06,96,10,http://www.kwacc.or.kr/CertificationSite/WA/List?page=96,b37378f2ca30cf2086c796d1ace053117ec2f8e3fe0526ef9c2a58bff8cff6b0,2026-08-26T03:25:57.388332+00:00,0,0
1430,우체국인증포털,우정사업정보센터,http://www.kwacc.or.kr/CertificationSite/WA/1430/Detail?page=97,https://oneid.koreapost.go.kr,EXPIRED,2022-05-31,2023-05-30,97,1,http://www.kwacc.or.kr/CertificationSite/WA/List?page=97,33f67e029e695cb879776bd9dc99a1217edd82af88230c7cb1081bf9a3a34059,2026-08-26T03:25:58.183779+00:00,0,0
1432,LG Content Store(모바일웹),LG전자,http://www.kwacc.or.kr/CertificationSite/WA/1432/Detail?page=97,https://kr.lgappstv.com,EXPIRED,2022-05-26,2023-05-25,97,2,http://www.kwacc.or.kr/CertificationSite/WA/List?page=97,33f67e029e695cb879776bd9dc99a1217edd82af88230c7cb1081bf9a3a34059,2026-08-26T03:25:58.183779+00:00,0,0
1431,LG Content Store,LG전자,http://www.kwacc.or.kr/CertificationSite/WA/1431/Detail?page=97,https://kr.lgappstv.com,EXPIRED,2022-05-26,2023-05-25,97,3,http://www.kwacc.or.kr/CertificationSite/WA/List?page=97,33f67e029e695cb879776bd9dc99a1217edd82af88230c7cb1081bf9a3a34059,2026-08-26T03:25:58.183779+00:00,0,0
1429,한국도로공사서비스,한국도로공사서비스,http://www.kwacc.or.kr/CertificationSite/WA/1429/Detail?page=97,https://www.exservice.co.kr,EXPIRED,2022-05-26,2023-05-25,97,4,http://www.kwacc.or.kr/CertificationSite/WA/List?page=97,33f67e029e695cb879776bd9dc99a1217edd82af88230c7cb1081bf9a3a34059,2026-08-26T03:25:58.183779+00:00,0,0
1428,서울시버스정보시스템,서울특별시,http://www.kwacc.or.kr/CertificationSite/WA/1428/Detail?page=97,https://bus.go.kr:9595/sbus/app,EXPIRED,2022-05-26,2023-05-25,97,5,http://www.kwacc.or.kr/CertificationSite/WA/List?page=97,33f67e029e695cb879776bd9dc99a1217edd82af88230c7cb1081bf9a3a34059,2026-08-26T03:25:58.183779+00:00,0,0
1437,한국지능정보사회진흥원 모바일웹,한국지능정보사회진흥원,http://www.kwacc.or.kr/CertificationSite/WA/1437/Detail?page=97,https://www.nia.or.kr,EXPIRED,2022-05-25,2023-05-24,97,6,http://www.kwacc.or.kr/CertificationSite/WA/List?page=97,33f67e029e695cb879776bd9dc99a1217edd82af88230c7cb1081bf9a3a34059,2026-08-26T03:25:58.183779+00:00,0,0
1436,한국지능정보사회진흥원,한국지능정보사회진흥원,http://www.kwacc.or.kr/CertificationSite/WA/1436/Detail?page=97,https://www.nia.or.kr,EXPIRED,2022-05-25,2023-05-24,97,7,http://www.kwacc.or.kr/CertificationSite/WA/List?page=97,33f67e029e695cb879776bd9dc99a1217edd82af88230c7cb1081bf9a3a34059,2026-08-26T03:25:58.183779+00:00,0,0
1427,한국식품연구원 전자도서관,한국식품연구원 전자도서관,http://www.kwacc.or.kr/CertificationSite/WA/1427/Detail?page=97,https://lib.kfri.re.kr,EXPIRED,2022-05-19,2023-05-18,97,8,http://www.kwacc.or.kr/CertificationSite/WA/List?page=97,33f67e029e695cb879776bd9dc99a1217edd82af88230c7cb1081bf9a3a34059,2026-08-26T03:25:58.183779+00:00,0,0
1426,한국식품연구원,한국식품연구원,http://www.kwacc.or.kr/CertificationSite/WA/1426/Detail?page=97,http://www.kfri.re.kr,EXPIRED,2022-05-19,2023-05-18,97,9,http://www.kwacc.or.kr/CertificationSite/WA/List?page=97,33f67e029e695cb879776bd9dc99a1217edd82af88230c7cb1081bf9a3a34059,2026-08-26T03:25:58.183779+00:00,0,0
1425,보건복지부 어린이 홈페이지,보건복지부,http://www.kwacc.or.kr/CertificationSite/WA/1425/Detail?page=97,http://www.mohw.go.kr/kids,EXPIRED,2022-05-19,2023-05-18,97,10,http://www.kwacc.or.kr/CertificationSite/WA/List?page=97,33f67e029e695cb879776bd9dc99a1217edd82af88230c7cb1081bf9a3a34059,2026-08-26T03:25:58.183779+00:00,0,0
1422,시흥도시공사,시흥도시공사,http://www.kwacc.or.kr/CertificationSite/WA/1422/Detail?page=98,http://www.shsi.or.kr,EXPIRED,2022-05-19,2023-05-18,98,1,http://www.kwacc.or.kr/CertificationSite/WA/List?page=98,2dc7d1fe01503a745a6fdf15f9de1fc840ba44c883111f582c0cd6b05a43921b,2026-08-26T03:25:58.976172+00:00,0,0
1434,국립중앙도서관,국립중앙도서관,http://www.kwacc.or.kr/CertificationSite/WA/1434/Detail?page=98,https://www.nl.go.kr,EXPIRED,2022-05-13,2023-05-12,98,2,http://www.kwacc.or.kr/CertificationSite/WA/List?page=98,2dc7d1fe01503a745a6fdf15f9de1fc840ba44c883111f582c0cd6b05a43921b,2026-08-26T03:25:58.976172+00:00,0,0
1419,해양교육포털,한국해양재단,http://www.kwacc.or.kr/CertificationSite/WA/1419/Detail?page=98,https://www.ilovesea.or.kr,EXPIRED,2022-05-12,2023-05-11,98,3,http://www.kwacc.or.kr/CertificationSite/WA/List?page=98,2dc7d1fe01503a745a6fdf15f9de1fc840ba44c883111f582c0cd6b05a43921b,2026-08-26T03:25:58.976172+00:00,0,0
1418,행정중심복합도시건설청,행정중심복합도시건설청,http://www.kwacc.or.kr/CertificationSite/WA/1418/Detail?page=98,https://naacc.go.kr,EXPIRED,2022-05-12,2023-05-11,98,4,http://www.kwacc.or.kr/CertificationSite/WA/List?page=98,2dc7d1fe01503a745a6fdf15f9de1fc840ba44c883111f582c0cd6b05a43921b,2026-08-26T03:25:58.976172+00:00,0,0
1417,One Health 항생제 내성균,질병관리청,http://www.kwacc.or.kr/CertificationSite/WA/1417/Detail?page=98,https://kdca.go.kr/nohas,EXPIRED,2022-05-12,2023-05-11,98,5,http://www.kwacc.or.kr/CertificationSite/WA/List?page=98,2dc7d1fe01503a745a6fdf15f9de1fc840ba44c883111f582c0cd6b05a43921b,2026-08-26T03:25:58.976172+00:00,0,0
1416,중앙장애인권익옹호기관 홈페이지,중앙장애인권익옹호기관,http://www.kwacc.or.kr/CertificationSite/WA/1416/Detail?page=98,http://www.naapd.or.kr,EXPIRED,2022-05-03,2023-05-02,98,6,http://www.kwacc.or.kr/CertificationSite/WA/List?page=98,2dc7d1fe01503a745a6fdf15f9de1fc840ba44c883111f582c0cd6b05a43921b,2026-08-26T03:25:58.976172+00:00,0,0
1446,우리은행 고객광장,(주)우리은행,http://www.kwacc.or.kr/CertificationSite/WA/1446/Detail?page=98,https://spot.wooribank.com/pot/Dream?withyou=cq,EXPIRED,2022-04-30,2023-04-29,98,7,http://www.kwacc.or.kr/CertificationSite/WA/List?page=98,2dc7d1fe01503a745a6fdf15f9de1fc840ba44c883111f582c0cd6b05a43921b,2026-08-26T03:25:58.976172+00:00,0,0
1445,우리은행 은행소개,(주)우리은행,http://www.kwacc.or.kr/CertificationSite/WA/1445/Detail?page=98,https://spot.wooribank.com/pot/Dream?withyou=bp,EXPIRED,2022-04-30,2023-04-29,98,8,http://www.kwacc.or.kr/CertificationSite/WA/List?page=98,2dc7d1fe01503a745a6fdf15f9de1fc840ba44c883111f582c0cd6b05a43921b,2026-08-26T03:25:58.976172+00:00,0,0
1444,우리은행 금융상품,(주)우리은행,http://www.kwacc.or.kr/CertificationSite/WA/1444/Detail?page=98,https://spot.wooribank.com/pot/Dream?withyou=po,EXPIRED,2022-04-30,2023-04-29,98,9,http://www.kwacc.or.kr/CertificationSite/WA/List?page=98,2dc7d1fe01503a745a6fdf15f9de1fc840ba44c883111f582c0cd6b05a43921b,2026-08-26T03:25:58.976172+00:00,0,0
1443,우리은행 기업뱅킹,(주)우리은행,http://www.kwacc.or.kr/CertificationSite/WA/1443/Detail?page=98,https://sbiz.wooribank.com/biz/Dream?withyou=bz,EXPIRED,2022-04-30,2023-04-29,98,10,http://www.kwacc.or.kr/CertificationSite/WA/List?page=98,2dc7d1fe01503a745a6fdf15f9de1fc840ba44c883111f582c0cd6b05a43921b,2026-08-26T03:25:58.976172+00:00,0,0
1442,우리은행 개인뱅킹,(주)우리은행,http://www.kwacc.or.kr/CertificationSite/WA/1442/Detail?page=99,https://spib.wooribank.com/pib/Dream?withyou=ps,EXPIRED,2022-04-30,2023-04-29,99,1,http://www.kwacc.or.kr/CertificationSite/WA/List?page=99,a7f7b92ca4570cf6f02f364c692225f463e6906506aed7c628c4ea249f611c61,2026-08-26T03:25:59.768657+00:00,0,0
1414,The-k 저축은행,더케이저축은행,http://www.kwacc.or.kr/CertificationSite/WA/1414/Detail?page=99,https://www.thekbank.co.kr,EXPIRED,2022-04-29,2023-04-28,99,2,http://www.kwacc.or.kr/CertificationSite/WA/List?page=99,a7f7b92ca4570cf6f02f364c692225f463e6906506aed7c628c4ea249f611c61,2026-08-26T03:25:59.768657+00:00,0,0
1410,BYC,BYC,http://www.kwacc.or.kr/CertificationSite/WA/1410/Detail?page=99,http://home.byc.co.kr,EXPIRED,2022-04-29,2023-04-28,99,3,http://www.kwacc.or.kr/CertificationSite/WA/List?page=99,a7f7b92ca4570cf6f02f364c692225f463e6906506aed7c628c4ea249f611c61,2026-08-26T03:25:59.768657+00:00,0,0
1409,행복나눔재단,행복나눔재단,http://www.kwacc.or.kr/CertificationSite/WA/1409/Detail?page=99,http://skhappiness.org,EXPIRED,2022-04-29,2023-04-28,99,4,http://www.kwacc.or.kr/CertificationSite/WA/List?page=99,a7f7b92ca4570cf6f02f364c692225f463e6906506aed7c628c4ea249f611c61,2026-08-26T03:25:59.768657+00:00,0,0
1423,EBS 장애인 서비스,EBS,http://www.kwacc.or.kr/CertificationSite/WA/1423/Detail?page=99,https://www.ebs.co.kr/free?mainTop,EXPIRED,2022-04-28,2023-04-27,99,5,http://www.kwacc.or.kr/CertificationSite/WA/List?page=99,a7f7b92ca4570cf6f02f364c692225f463e6906506aed7c628c4ea249f611c61,2026-08-26T03:25:59.768657+00:00,0,0
1411,kt M mobile 다이렉트 몰,주식회사 케이티엠모바일,http://www.kwacc.or.kr/CertificationSite/WA/1411/Detail?page=99,https://ktmmobile.com,EXPIRED,2022-04-26,2023-04-25,99,6,http://www.kwacc.or.kr/CertificationSite/WA/List?page=99,a7f7b92ca4570cf6f02f364c692225f463e6906506aed7c628c4ea249f611c61,2026-08-26T03:25:59.768657+00:00,0,0
1424,애큐온저축은행,애큐온저축은행,http://www.kwacc.or.kr/CertificationSite/WA/1424/Detail?page=99,https://www.acuonsb.co.kr,EXPIRED,2022-04-18,2023-04-17,99,7,http://www.kwacc.or.kr/CertificationSite/WA/List?page=99,a7f7b92ca4570cf6f02f364c692225f463e6906506aed7c628c4ea249f611c61,2026-08-26T03:25:59.768657+00:00,0,0
1406,노인일자리 여기,한국노인인력개발원,http://www.kwacc.or.kr/CertificationSite/WA/1406/Detail?page=99,https://www.seniorro.or.kr:4431/seniorro/main/main.do,EXPIRED,2022-04-15,2023-04-14,99,8,http://www.kwacc.or.kr/CertificationSite/WA/List?page=99,a7f7b92ca4570cf6f02f364c692225f463e6906506aed7c628c4ea249f611c61,2026-08-26T03:25:59.768657+00:00,0,0
1401,웹 접근성 연구소,한국지능정보사회진흥원,http://www.kwacc.or.kr/CertificationSite/WA/1401/Detail?page=99,http://www.wah.or.kr,EXPIRED,2022-04-09,2023-04-08,99,9,http://www.kwacc.or.kr/CertificationSite/WA/List?page=99,a7f7b92ca4570cf6f02f364c692225f463e6906506aed7c628c4ea249f611c61,2026-08-26T03:25:59.768657+00:00,0,0
1402,한국여성인권진흥원,한국여성인권진흥원,http://www.kwacc.or.kr/CertificationSite/WA/1402/Detail?page=99,http://www.stop.or.kr,EXPIRED,2022-04-07,2023-04-06,99,10,http://www.kwacc.or.kr/CertificationSite/WA/List?page=99,a7f7b92ca4570cf6f02f364c692225f463e6906506aed7c628c4ea249f611c61,2026-08-26T03:25:59.768657+00:00,0,0
1399,KORIS·NET 국가자료종합목록,국립중앙도서관,http://www.kwacc.or.kr/CertificationSite/WA/1399/Detail?page=100,https://www.nl.go.kr/kolisnet,EXPIRED,2022-04-01,2023-03-31,100,1,http://www.kwacc.or.kr/CertificationSite/WA/List?page=100,4af598603e4025da347e7b8e663ade2896944d84db5441a88a42875c31057717,2026-08-26T03:26:00.553897+00:00,0,0
1397,국가균형발전위원회,국가균형발전위원회,http://www.kwacc.or.kr/CertificationSite/WA/1397/Detail?page=100,http://www.balance.go.kr,EXPIRED,2022-04-01,2023-03-31,100,2,http://www.kwacc.or.kr/CertificationSite/WA/List?page=100,4af598603e4025da347e7b8e663ade2896944d84db5441a88a42875c31057717,2026-08-26T03:26:00.553897+00:00,0,0
1398,하이원리조트,강원랜드,http://www.kwacc.or.kr/CertificationSite/WA/1398/Detail?page=100,https://www.high1.com,EXPIRED,2022-03-29,2023-03-28,100,3,http://www.kwacc.or.kr/CertificationSite/WA/List?page=100,4af598603e4025da347e7b8e663ade2896944d84db5441a88a42875c31057717,2026-08-26T03:26:00.553897+00:00,0,0
1396,화학물질안전원 대표 홈페이지,화학물질안전원,http://www.kwacc.or.kr/CertificationSite/WA/1396/Detail?page=100,https://nics.me.go.kr,EXPIRED,2022-03-28,2023-03-27,100,4,http://www.kwacc.or.kr/CertificationSite/WA/List?page=100,4af598603e4025da347e7b8e663ade2896944d84db5441a88a42875c31057717,2026-08-26T03:26:00.553897+00:00,0,0
1400,국립한글박물관,국립한글박물관,http://www.kwacc.or.kr/CertificationSite/WA/1400/Detail?page=100,http://www.hangeul.go.kr,EXPIRED,2022-03-22,2023-03-21,100,5,http://www.kwacc.or.kr/CertificationSite/WA/List?page=100,4af598603e4025da347e7b8e663ade2896944d84db5441a88a42875c31057717,2026-08-26T03:26:00.553897+00:00,0,0
1395,조선해양 경량ㆍ고성능 소재 라이브러리,재단법인 부산테크노파크,http://www.kwacc.or.kr/CertificationSite/WA/1395/Detail?page=100,https://www.mlsm.or.kr,EXPIRED,2022-03-22,2023-03-21,100,6,http://www.kwacc.or.kr/CertificationSite/WA/List?page=100,4af598603e4025da347e7b8e663ade2896944d84db5441a88a42875c31057717,2026-08-26T03:26:00.553897+00:00,0,0
1394,한국가스안전공사,한국가스안전공사,http://www.kwacc.or.kr/CertificationSite/WA/1394/Detail?page=100,https://www.kgs.or.kr,EXPIRED,2022-03-22,2023-03-21,100,7,http://www.kwacc.or.kr/CertificationSite/WA/List?page=100,4af598603e4025da347e7b8e663ade2896944d84db5441a88a42875c31057717,2026-08-26T03:26:00.553897+00:00,0,0
1393,승강기교육센터,한국승강기안전공단,http://www.kwacc.or.kr/CertificationSite/WA/1393/Detail?page=100,https://edu.koelsa.or.kr,EXPIRED,2022-03-22,2023-03-21,100,8,http://www.kwacc.or.kr/CertificationSite/WA/List?page=100,4af598603e4025da347e7b8e663ade2896944d84db5441a88a42875c31057717,2026-08-26T03:26:00.553897+00:00,0,0
1388,국민건강보험공단인재개발원 모바일웹,국민건강보험공단인재개발원,http://www.kwacc.or.kr/CertificationSite/WA/1388/Detail?page=100,https://hrd.nhis.or.kr,EXPIRED,2022-03-21,2023-03-20,100,9,http://www.kwacc.or.kr/CertificationSite/WA/List?page=100,4af598603e4025da347e7b8e663ade2896944d84db5441a88a42875c31057717,2026-08-26T03:26:00.553897+00:00,0,0
1387,국민건강보험공단인재개발원,국민건강보험공단인재개발원,http://www.kwacc.or.kr/CertificationSite/WA/1387/Detail?page=100,https://hrd.nhis.or.kr,EXPIRED,2022-03-21,2023-03-20,100,10,http://www.kwacc.or.kr/CertificationSite/WA/List?page=100,4af598603e4025da347e7b8e663ade2896944d84db5441a88a42875c31057717,2026-08-26T03:26:00.553897+00:00,0,0
1405,한국예술종합학교 입학정보,한국예술종합학교,http://www.kwacc.or.kr/CertificationSite/WA/1405/Detail?page=101,https://www.karts.ac.kr/main/appl.do,EXPIRED,2022-03-17,2023-03-16,101,1,http://www.kwacc.or.kr/CertificationSite/WA/List?page=101,f61c8605a77846a73e5dca975cf760546e37734c3eb02718bea95e2b9b82f33f,2026-08-26T03:26:01.344840+00:00,0,0
1404,한국예술종합학교 홈페이지,한국예술종합학교,http://www.kwacc.or.kr/CertificationSite/WA/1404/Detail?page=101,https://www.karts.ac.kr,EXPIRED,2022-03-17,2023-03-16,101,2,http://www.kwacc.or.kr/CertificationSite/WA/List?page=101,f61c8605a77846a73e5dca975cf760546e37734c3eb02718bea95e2b9b82f33f,2026-08-26T03:26:01.344840+00:00,0,0
1389,인천국제공항,인천국제공항공사,http://www.kwacc.or.kr/CertificationSite/WA/1389/Detail?page=101,https://www.airport.kr,EXPIRED,2022-03-15,2023-03-14,101,3,http://www.kwacc.or.kr/CertificationSite/WA/List?page=101,f61c8605a77846a73e5dca975cf760546e37734c3eb02718bea95e2b9b82f33f,2026-08-26T03:26:01.344840+00:00,0,0
1403,한전KPS 공식홈페이지,한전KPS,http://www.kwacc.or.kr/CertificationSite/WA/1403/Detail?page=101,http://www.kps.co.kr,EXPIRED,2022-03-13,2023-03-12,101,4,http://www.kwacc.or.kr/CertificationSite/WA/List?page=101,f61c8605a77846a73e5dca975cf760546e37734c3eb02718bea95e2b9b82f33f,2026-08-26T03:26:01.344840+00:00,0,0
1415,유화증권 주식회사,유화증권 주식회사,http://www.kwacc.or.kr/CertificationSite/WA/1415/Detail?page=101,http://www.yhs.co.kr,EXPIRED,2022-03-11,2023-03-10,101,5,http://www.kwacc.or.kr/CertificationSite/WA/List?page=101,f61c8605a77846a73e5dca975cf760546e37734c3eb02718bea95e2b9b82f33f,2026-08-26T03:26:01.344840+00:00,0,0
1407,서울시 메트로 9호선,서울시 메트로9호선,http://www.kwacc.or.kr/CertificationSite/WA/1407/Detail?page=101,https://www.metro9.co.kr,EXPIRED,2022-03-07,2023-03-06,101,6,http://www.kwacc.or.kr/CertificationSite/WA/List?page=101,f61c8605a77846a73e5dca975cf760546e37734c3eb02718bea95e2b9b82f33f,2026-08-26T03:26:01.344840+00:00,0,0
1383,김해시복지재단,재단법인김해시복지재단,http://www.kwacc.or.kr/CertificationSite/WA/1383/Detail?page=101,http://www.ghwf.or.kr/ghwf.web,EXPIRED,2022-03-02,2023-03-01,101,7,http://www.kwacc.or.kr/CertificationSite/WA/List?page=101,f61c8605a77846a73e5dca975cf760546e37734c3eb02718bea95e2b9b82f33f,2026-08-26T03:26:01.344840+00:00,0,0
1384,공공클라우드지원센터,한국지능정보사회진흥원,http://www.kwacc.or.kr/CertificationSite/WA/1384/Detail?page=101,https://cpcp.or.kr,EXPIRED,2022-02-28,2023-02-27,101,8,http://www.kwacc.or.kr/CertificationSite/WA/List?page=101,f61c8605a77846a73e5dca975cf760546e37734c3eb02718bea95e2b9b82f33f,2026-08-26T03:26:01.344840+00:00,0,0
1379,내 친구 서울,서울특별시,http://www.kwacc.or.kr/CertificationSite/WA/1379/Detail?page=101,http://kids.seoul.go.kr,EXPIRED,2022-02-22,2023-02-21,101,9,http://www.kwacc.or.kr/CertificationSite/WA/List?page=101,f61c8605a77846a73e5dca975cf760546e37734c3eb02718bea95e2b9b82f33f,2026-08-26T03:26:01.344840+00:00,0,0
1376,나물사랑,농업회사법인 주식회사 나물사랑,http://www.kwacc.or.kr/CertificationSite/WA/1376/Detail?page=101,http://namulphp.smart-co.kr,EXPIRED,2022-02-21,2023-02-20,101,10,http://www.kwacc.or.kr/CertificationSite/WA/List?page=101,f61c8605a77846a73e5dca975cf760546e37734c3eb02718bea95e2b9b82f33f,2026-08-26T03:26:01.344840+00:00,0,0
1373,법제처 대표홈페이지,법제처,http://www.kwacc.or.kr/CertificationSite/WA/1373/Detail?page=102,https://www.moleg.go.kr,EXPIRED,2022-02-18,2023-02-17,102,1,http://www.kwacc.or.kr/CertificationSite/WA/List?page=102,f090918ac1e9d25a88075d4141f89f94164b3368eae4108c592bf3f297087225,2026-08-26T03:26:02.142681+00:00,0,0
1386,금융규제민원포털,금융위원회,http://www.kwacc.or.kr/CertificationSite/WA/1386/Detail?page=102,https://better.fsc.go.kr,EXPIRED,2022-02-16,2023-02-15,102,2,http://www.kwacc.or.kr/CertificationSite/WA/List?page=102,f090918ac1e9d25a88075d4141f89f94164b3368eae4108c592bf3f297087225,2026-08-26T03:26:02.142681+00:00,0,0
1374,워너비즈,(주)워너비즈,http://www.kwacc.or.kr/CertificationSite/WA/1374/Detail?page=102,http://www.wannabes.co.kr,EXPIRED,2022-02-15,2023-02-14,102,3,http://www.kwacc.or.kr/CertificationSite/WA/List?page=102,f090918ac1e9d25a88075d4141f89f94164b3368eae4108c592bf3f297087225,2026-08-26T03:26:02.142681+00:00,0,0
1372,TBS 대표홈페이지,서울특별시미디어재단TBS,http://www.kwacc.or.kr/CertificationSite/WA/1372/Detail?page=102,http://tbs.seoul.kr/tv/index.do,EXPIRED,2022-02-14,2023-02-13,102,4,http://www.kwacc.or.kr/CertificationSite/WA/List?page=102,f090918ac1e9d25a88075d4141f89f94164b3368eae4108c592bf3f297087225,2026-08-26T03:26:02.142681+00:00,0,0
1371,국가사이버안보센터,국가사이버안보센터(NCSC),http://www.kwacc.or.kr/CertificationSite/WA/1371/Detail?page=102,http://www.ncsc.go.kr,EXPIRED,2022-02-14,2023-02-13,102,5,http://www.kwacc.or.kr/CertificationSite/WA/List?page=102,f090918ac1e9d25a88075d4141f89f94164b3368eae4108c592bf3f297087225,2026-08-26T03:26:02.142681+00:00,0,0
1369,경기도시장상권진흥원 대표 홈페이지,경기도시장상권진흥원,http://www.kwacc.or.kr/CertificationSite/WA/1369/Detail?page=102,http://gmr.or.kr,EXPIRED,2022-02-14,2023-02-13,102,6,http://www.kwacc.or.kr/CertificationSite/WA/List?page=102,f090918ac1e9d25a88075d4141f89f94164b3368eae4108c592bf3f297087225,2026-08-26T03:26:02.142681+00:00,0,0
1368,대테러센터,국무조정실 대테러센터,http://www.kwacc.or.kr/CertificationSite/WA/1368/Detail?page=102,http://www.nctc.go.kr,EXPIRED,2022-02-14,2023-02-13,102,7,http://www.kwacc.or.kr/CertificationSite/WA/List?page=102,f090918ac1e9d25a88075d4141f89f94164b3368eae4108c592bf3f297087225,2026-08-26T03:26:02.142681+00:00,0,0
1366,파스-타,한국지능정보사회진흥원,http://www.kwacc.or.kr/CertificationSite/WA/1366/Detail?page=102,https://paas-ta.kr,EXPIRED,2022-02-14,2023-02-13,102,8,http://www.kwacc.or.kr/CertificationSite/WA/List?page=102,f090918ac1e9d25a88075d4141f89f94164b3368eae4108c592bf3f297087225,2026-08-26T03:26:02.142681+00:00,0,0
1362,한강사업본부,서울특별시,http://www.kwacc.or.kr/CertificationSite/WA/1362/Detail?page=102,http://hangang.seoul.go.kr,EXPIRED,2022-02-14,2023-02-13,102,9,http://www.kwacc.or.kr/CertificationSite/WA/List?page=102,f090918ac1e9d25a88075d4141f89f94164b3368eae4108c592bf3f297087225,2026-08-26T03:26:02.142681+00:00,0,0
1370,울산광역시 북구청 대표 홈페이지,울산광역시 북구청,http://www.kwacc.or.kr/CertificationSite/WA/1370/Detail?page=102,http://www.bukgu.ulsan.kr,EXPIRED,2022-02-11,2023-02-10,102,10,http://www.kwacc.or.kr/CertificationSite/WA/List?page=102,f090918ac1e9d25a88075d4141f89f94164b3368eae4108c592bf3f297087225,2026-08-26T03:26:02.142681+00:00,0,0
1375,인천항보안공사 대표홈페이지,인천항보안공사,http://www.kwacc.or.kr/CertificationSite/WA/1375/Detail?page=103,http://port.co.kr,EXPIRED,2022-02-09,2023-02-08,103,1,http://www.kwacc.or.kr/CertificationSite/WA/List?page=103,6066be1164fc068dd5cba1f0011089940dadc6190835088a4411e52e618bde2b,2026-08-26T03:26:02.942303+00:00,0,0
1385,제주항공우주박물관,제주항공우주박물관,http://www.kwacc.or.kr/CertificationSite/WA/1385/Detail?page=103,https://www.jdc-jam.com/,EXPIRED,2022-02-08,2023-02-07,103,2,http://www.kwacc.or.kr/CertificationSite/WA/List?page=103,6066be1164fc068dd5cba1f0011089940dadc6190835088a4411e52e618bde2b,2026-08-26T03:26:02.942303+00:00,0,0
1381,관악구장애인종합복지관,관악구장애인종합복지관,http://www.kwacc.or.kr/CertificationSite/WA/1381/Detail?page=103,http://sgwga.or.kr,EXPIRED,2022-02-08,2023-02-07,103,3,http://www.kwacc.or.kr/CertificationSite/WA/List?page=103,6066be1164fc068dd5cba1f0011089940dadc6190835088a4411e52e618bde2b,2026-08-26T03:26:02.942303+00:00,0,0
1361,경기도여성가족재단 홈페이지,경기도여성가족재단,http://www.kwacc.or.kr/CertificationSite/WA/1361/Detail?page=103,www.gwff.kr,EXPIRED,2022-01-28,2023-01-27,103,4,http://www.kwacc.or.kr/CertificationSite/WA/List?page=103,6066be1164fc068dd5cba1f0011089940dadc6190835088a4411e52e618bde2b,2026-08-26T03:26:02.942303+00:00,0,0
1360,속초의료원,속초의료원,http://www.kwacc.or.kr/CertificationSite/WA/1360/Detail?page=103,http://scmc.gwweb.co.kr/main,EXPIRED,2022-01-24,2023-01-23,103,5,http://www.kwacc.or.kr/CertificationSite/WA/List?page=103,6066be1164fc068dd5cba1f0011089940dadc6190835088a4411e52e618bde2b,2026-08-26T03:26:02.942303+00:00,0,0
1382,태권도진흥재단,태권도진흥재단,http://www.kwacc.or.kr/CertificationSite/WA/1382/Detail?page=103,https://www.tpf.or.kr/tpf/main/index.do,EXPIRED,2022-01-23,2023-01-22,103,6,http://www.kwacc.or.kr/CertificationSite/WA/List?page=103,6066be1164fc068dd5cba1f0011089940dadc6190835088a4411e52e618bde2b,2026-08-26T03:26:02.942303+00:00,0,0
1359,국가트라우마센터,국립정신건강센터,http://www.kwacc.or.kr/CertificationSite/WA/1359/Detail?page=103,https://www.nct.go.kr,EXPIRED,2022-01-21,2023-01-20,103,7,http://www.kwacc.or.kr/CertificationSite/WA/List?page=103,6066be1164fc068dd5cba1f0011089940dadc6190835088a4411e52e618bde2b,2026-08-26T03:26:02.942303+00:00,0,0
1357,슬기로운체험교실,슬기로운체험교실,http://www.kwacc.or.kr/CertificationSite/WA/1357/Detail?page=103,http://www.슬기로운체험교실.com,EXPIRED,2022-01-18,2023-01-17,103,8,http://www.kwacc.or.kr/CertificationSite/WA/List?page=103,6066be1164fc068dd5cba1f0011089940dadc6190835088a4411e52e618bde2b,2026-08-26T03:26:02.942303+00:00,0,0
1354,국립민속박물관,국립민속박물관,http://www.kwacc.or.kr/CertificationSite/WA/1354/Detail?page=103,https://www.nfm.go.kr,EXPIRED,2022-01-13,2023-01-12,103,9,http://www.kwacc.or.kr/CertificationSite/WA/List?page=103,6066be1164fc068dd5cba1f0011089940dadc6190835088a4411e52e618bde2b,2026-08-26T03:26:02.942303+00:00,0,0
1356,진천군청,충북 진천군청,http://www.kwacc.or.kr/CertificationSite/WA/1356/Detail?page=103,http://www.jincheon.go.kr,EXPIRED,2022-01-10,2023-01-09,103,10,http://www.kwacc.or.kr/CertificationSite/WA/List?page=103,6066be1164fc068dd5cba1f0011089940dadc6190835088a4411e52e618bde2b,2026-08-26T03:26:02.942303+00:00,0,0
1355,진천군 주민복지,충북 진천군청,http://www.kwacc.or.kr/CertificationSite/WA/1355/Detail?page=104,https://www.jincheon.go.kr/site/welfare,EXPIRED,2022-01-10,2023-01-09,104,1,http://www.kwacc.or.kr/CertificationSite/WA/List?page=104,d325d9bb62d7fa6c68defa2513a1793124cb0940004852cb6f6f6ba1bdf78ca5,2026-08-26T03:26:03.731721+00:00,0,0
1378,한양사이버대학원,한양사이버대학교,http://www.kwacc.or.kr/CertificationSite/WA/1378/Detail?page=104,https://gs.hycu.ac.kr/user/index.do,EXPIRED,2022-01-08,2023-01-07,104,2,http://www.kwacc.or.kr/CertificationSite/WA/List?page=104,d325d9bb62d7fa6c68defa2513a1793124cb0940004852cb6f6f6ba1bdf78ca5,2026-08-26T03:26:03.731721+00:00,0,0
1377,한양사이버대학교,한양사이버대학교,http://www.kwacc.or.kr/CertificationSite/WA/1377/Detail?page=104,http://www.hycu.ac.kr,EXPIRED,2022-01-08,2023-01-07,104,3,http://www.kwacc.or.kr/CertificationSite/WA/List?page=104,d325d9bb62d7fa6c68defa2513a1793124cb0940004852cb6f6f6ba1bdf78ca5,2026-08-26T03:26:03.731721+00:00,0,0
1352,국립축산과학원 홈페이지,국립축산과학원,http://www.kwacc.or.kr/CertificationSite/WA/1352/Detail?page=104,www.nias.go.kr,EXPIRED,2022-01-04,2023-01-03,104,4,http://www.kwacc.or.kr/CertificationSite/WA/List?page=104,d325d9bb62d7fa6c68defa2513a1793124cb0940004852cb6f6f6ba1bdf78ca5,2026-08-26T03:26:03.731721+00:00,0,0
1347,국립재활원 재활연구소,국립재활원,http://www.kwacc.or.kr/CertificationSite/WA/1347/Detail?page=104,http://www.nrc.go.kr/research/main.do,EXPIRED,2021-12-31,2022-12-30,104,5,http://www.kwacc.or.kr/CertificationSite/WA/List?page=104,d325d9bb62d7fa6c68defa2513a1793124cb0940004852cb6f6f6ba1bdf78ca5,2026-08-26T03:26:03.731721+00:00,0,0
1346,국립재활원 교육지원,국립재활원,http://www.kwacc.or.kr/CertificationSite/WA/1346/Detail?page=104,http://www.nrc.go.kr/education/main.do,EXPIRED,2021-12-31,2022-12-30,104,6,http://www.kwacc.or.kr/CertificationSite/WA/List?page=104,d325d9bb62d7fa6c68defa2513a1793124cb0940004852cb6f6f6ba1bdf78ca5,2026-08-26T03:26:03.731721+00:00,0,0
1345,국립재활원,국립재활원,http://www.kwacc.or.kr/CertificationSite/WA/1345/Detail?page=104,http://www.nrc.go.kr/nrc/main.do,EXPIRED,2021-12-31,2022-12-30,104,7,http://www.kwacc.or.kr/CertificationSite/WA/List?page=104,d325d9bb62d7fa6c68defa2513a1793124cb0940004852cb6f6f6ba1bdf78ca5,2026-08-26T03:26:03.731721+00:00,0,0
1335,국립재활원 중앙장애인보건의료센터,국립재활원,http://www.kwacc.or.kr/CertificationSite/WA/1335/Detail?page=104,http://www.nrc.go.kr/chmcpd/main.do,EXPIRED,2021-12-31,2022-12-30,104,8,http://www.kwacc.or.kr/CertificationSite/WA/List?page=104,d325d9bb62d7fa6c68defa2513a1793124cb0940004852cb6f6f6ba1bdf78ca5,2026-08-26T03:26:03.731721+00:00,0,0
1331,국립재활원 장애인 건강 및 재활 정보포털,국립재활원,http://www.kwacc.or.kr/CertificationSite/WA/1331/Detail?page=104,http://www.nrc.go.kr/portal/main.do,EXPIRED,2021-12-31,2022-12-30,104,9,http://www.kwacc.or.kr/CertificationSite/WA/List?page=104,d325d9bb62d7fa6c68defa2513a1793124cb0940004852cb6f6f6ba1bdf78ca5,2026-08-26T03:26:03.731721+00:00,0,0
1330,국립재활원 재활병원,국립재활원,http://www.kwacc.or.kr/CertificationSite/WA/1330/Detail?page=104,http://www.nrc.go.kr/hospital/main.do,EXPIRED,2021-12-31,2022-12-30,104,10,http://www.kwacc.or.kr/CertificationSite/WA/List?page=104,d325d9bb62d7fa6c68defa2513a1793124cb0940004852cb6f6f6ba1bdf78ca5,2026-08-26T03:26:03.731721+00:00,0,0
1351,보건복지부 면허민원안내,보건복지부 면혀민원,http://www.kwacc.or.kr/CertificationSite/WA/1351/Detail?page=105,https://lic.mohw.go.kr,EXPIRED,2021-12-30,2022-12-29,105,1,http://www.kwacc.or.kr/CertificationSite/WA/List?page=105,fa0b75b62a4c4bd21609addd1a74d4984475a390e2914f60ea081078f1c2f278,2026-08-26T03:26:04.524092+00:00,0,0
1348,장기추적조사시스템,식품의약품안전처,http://www.kwacc.or.kr/CertificationSite/WA/1348/Detail?page=105,https://ltfu.mfds.go.kr/main.do,EXPIRED,2021-12-30,2022-12-29,105,2,http://www.kwacc.or.kr/CertificationSite/WA/List?page=105,fa0b75b62a4c4bd21609addd1a74d4984475a390e2914f60ea081078f1c2f278,2026-08-26T03:26:04.524092+00:00,0,0
1365,국회도서관,국회도서관,http://www.kwacc.or.kr/CertificationSite/WA/1365/Detail?page=105,https://www.nanet.go.kr/main.do,EXPIRED,2021-12-28,2022-12-27,105,3,http://www.kwacc.or.kr/CertificationSite/WA/List?page=105,fa0b75b62a4c4bd21609addd1a74d4984475a390e2914f60ea081078f1c2f278,2026-08-26T03:26:04.524092+00:00,0,0
1341,안마사랑 CRM(안마원 이료차트 시스템),주식회사 강한손,http://www.kwacc.or.kr/CertificationSite/WA/1341/Detail?page=105,http://anma4rang.com,EXPIRED,2021-12-27,2022-12-26,105,4,http://www.kwacc.or.kr/CertificationSite/WA/List?page=105,fa0b75b62a4c4bd21609addd1a74d4984475a390e2914f60ea081078f1c2f278,2026-08-26T03:26:04.524092+00:00,0,0
1350,현대하이라이프손해사정,현대하이라이프손해사정(주),http://www.kwacc.or.kr/CertificationSite/WA/1350/Detail?page=105,http://www.hi-life.co.kr,EXPIRED,2021-12-26,2022-12-25,105,5,http://www.kwacc.or.kr/CertificationSite/WA/List?page=105,fa0b75b62a4c4bd21609addd1a74d4984475a390e2914f60ea081078f1c2f278,2026-08-26T03:26:04.524092+00:00,0,0
1343,한국노인인력개발원,한국노인인력개발원,http://www.kwacc.or.kr/CertificationSite/WA/1343/Detail?page=105,https://www.kordi.or.kr,EXPIRED,2021-12-22,2022-12-21,105,6,http://www.kwacc.or.kr/CertificationSite/WA/List?page=105,fa0b75b62a4c4bd21609addd1a74d4984475a390e2914f60ea081078f1c2f278,2026-08-26T03:26:04.524092+00:00,0,0
1338,고위공직자범죄수사처 홈페이지,고위공직자범죄수사처,http://www.kwacc.or.kr/CertificationSite/WA/1338/Detail?page=105,http://www.cio.go.kr,EXPIRED,2021-12-22,2022-12-21,105,7,http://www.kwacc.or.kr/CertificationSite/WA/List?page=105,fa0b75b62a4c4bd21609addd1a74d4984475a390e2914f60ea081078f1c2f278,2026-08-26T03:26:04.524092+00:00,0,0
1336,서울안전누리,서울특별시,http://www.kwacc.or.kr/CertificationSite/WA/1336/Detail?page=105,http://safecity.seoul.go.kr,EXPIRED,2021-12-22,2022-12-21,105,8,http://www.kwacc.or.kr/CertificationSite/WA/List?page=105,fa0b75b62a4c4bd21609addd1a74d4984475a390e2914f60ea081078f1c2f278,2026-08-26T03:26:04.524092+00:00,0,0
1323,국립소록도병원 한센병박물관,국립소록도병원,http://www.kwacc.or.kr/CertificationSite/WA/1323/Detail?page=105,http://sorokdo.go.kr/museum/main.do,EXPIRED,2021-12-22,2022-12-21,105,9,http://www.kwacc.or.kr/CertificationSite/WA/List?page=105,fa0b75b62a4c4bd21609addd1a74d4984475a390e2914f60ea081078f1c2f278,2026-08-26T03:26:04.524092+00:00,0,0
1322,국립정신건강센터 정신건강연구소,국립정신건강센터,http://www.kwacc.or.kr/CertificationSite/WA/1322/Detail?page=105,http://ncmh.go.kr/research/main.do,EXPIRED,2021-12-22,2022-12-21,105,10,http://www.kwacc.or.kr/CertificationSite/WA/List?page=105,fa0b75b62a4c4bd21609addd1a74d4984475a390e2914f60ea081078f1c2f278,2026-08-26T03:26:04.524092+00:00,0,0
1321,국립정신건강센터 정신건강사업부,국립정신건강센터,http://www.kwacc.or.kr/CertificationSite/WA/1321/Detail?page=106,http://ncmh.go.kr/mentalhealth/main.do,EXPIRED,2021-12-22,2022-12-21,106,1,http://www.kwacc.or.kr/CertificationSite/WA/List?page=106,ff27d45602bb5a4747ad8b63f75c27b7c270b438df37ea8fc69045d644ccf7d7,2026-08-26T03:26:05.355518+00:00,0,0
1320,국립정신건강센터 의료부,국립정신건강센터,http://www.kwacc.or.kr/CertificationSite/WA/1320/Detail?page=106,http://ncmh.go.kr/medical/main.do,EXPIRED,2021-12-22,2022-12-21,106,2,http://www.kwacc.or.kr/CertificationSite/WA/List?page=106,ff27d45602bb5a4747ad8b63f75c27b7c270b438df37ea8fc69045d644ccf7d7,2026-08-26T03:26:05.355518+00:00,0,0
1319,국립소록도병원 대표,국립소록도병원,http://www.kwacc.or.kr/CertificationSite/WA/1319/Detail?page=106,http://sorokdo.go.kr/sorokdo/main.do,EXPIRED,2021-12-22,2022-12-21,106,3,http://www.kwacc.or.kr/CertificationSite/WA/List?page=106,ff27d45602bb5a4747ad8b63f75c27b7c270b438df37ea8fc69045d644ccf7d7,2026-08-26T03:26:05.355518+00:00,0,0
1318,국립정신건강센터 대표홈페이지,국립정신건강센터,http://www.kwacc.or.kr/CertificationSite/WA/1318/Detail?page=106,http://ncmh.go.kr/ncmh/main.do,EXPIRED,2021-12-22,2022-12-21,106,4,http://www.kwacc.or.kr/CertificationSite/WA/List?page=106,ff27d45602bb5a4747ad8b63f75c27b7c270b438df37ea8fc69045d644ccf7d7,2026-08-26T03:26:05.355518+00:00,0,0
1408,공동주택 통합정보마당,서울특별시,http://www.kwacc.or.kr/CertificationSite/WA/1408/Detail?page=106,http://openapt.seoul.go.kr,EXPIRED,2021-12-21,2022-12-20,106,5,http://www.kwacc.or.kr/CertificationSite/WA/List?page=106,ff27d45602bb5a4747ad8b63f75c27b7c270b438df37ea8fc69045d644ccf7d7,2026-08-26T03:26:05.355518+00:00,0,0
1364,전자상거래센터,서울특별시,http://www.kwacc.or.kr/CertificationSite/WA/1364/Detail?page=106,http://ecc.seoul.go.kr,EXPIRED,2021-12-21,2022-12-20,106,6,http://www.kwacc.or.kr/CertificationSite/WA/List?page=106,ff27d45602bb5a4747ad8b63f75c27b7c270b438df37ea8fc69045d644ccf7d7,2026-08-26T03:26:05.355518+00:00,0,0
1344,한국장애인고용공단 모바일 웹,한국장애인고용공단,http://www.kwacc.or.kr/CertificationSite/WA/1344/Detail?page=106,https://m.kead.or.kr,EXPIRED,2021-12-21,2022-12-20,106,7,http://www.kwacc.or.kr/CertificationSite/WA/List?page=106,ff27d45602bb5a4747ad8b63f75c27b7c270b438df37ea8fc69045d644ccf7d7,2026-08-26T03:26:05.355518+00:00,0,0
1334,정보소통광장,서울특별시,http://www.kwacc.or.kr/CertificationSite/WA/1334/Detail?page=106,https://opengov.seoul.go.kr,EXPIRED,2021-12-20,2022-12-19,106,8,http://www.kwacc.or.kr/CertificationSite/WA/List?page=106,ff27d45602bb5a4747ad8b63f75c27b7c270b438df37ea8fc69045d644ccf7d7,2026-08-26T03:26:05.355518+00:00,0,0
1317,국립목포병원 대표홈페이지,국립목포병원,http://www.kwacc.or.kr/CertificationSite/WA/1317/Detail?page=106,http://www.tbmokpo.go.kr,EXPIRED,2021-12-20,2022-12-19,106,9,http://www.kwacc.or.kr/CertificationSite/WA/List?page=106,ff27d45602bb5a4747ad8b63f75c27b7c270b438df37ea8fc69045d644ccf7d7,2026-08-26T03:26:05.355518+00:00,0,0
1316,국립마산병원 대표홈페이지,국립마산병원,http://www.kwacc.or.kr/CertificationSite/WA/1316/Detail?page=106,http://www.mnth.go.kr,EXPIRED,2021-12-20,2022-12-19,106,10,http://www.kwacc.or.kr/CertificationSite/WA/List?page=106,ff27d45602bb5a4747ad8b63f75c27b7c270b438df37ea8fc69045d644ccf7d7,2026-08-26T03:26:05.355518+00:00,0,0
1315,국립나주병원 대표홈페이지,국립나주병원,http://www.kwacc.or.kr/CertificationSite/WA/1315/Detail?page=107,http://www.najumh.go.kr,EXPIRED,2021-12-20,2022-12-19,107,1,http://www.kwacc.or.kr/CertificationSite/WA/List?page=107,7c0c48b3a06fc10be1c21fa8386223e71019eb4fc007b27fc7943cf2862c40d1,2026-08-26T03:26:06.158141+00:00,0,0
1333,정보소통광장,서울특별시,http://www.kwacc.or.kr/CertificationSite/WA/1333/Detail?page=107,https://opengov.seoul.go.kr,EXPIRED,2021-12-17,2022-12-16,107,2,http://www.kwacc.or.kr/CertificationSite/WA/List?page=107,7c0c48b3a06fc10be1c21fa8386223e71019eb4fc007b27fc7943cf2862c40d1,2026-08-26T03:26:06.158141+00:00,0,0
1313,우체국보험 모바일 웹,우정사업정보센터,http://www.kwacc.or.kr/CertificationSite/WA/1313/Detail?page=107,https://mdev.postinsu.kr:20433/,EXPIRED,2021-12-14,2022-12-13,107,3,http://www.kwacc.or.kr/CertificationSite/WA/List?page=107,7c0c48b3a06fc10be1c21fa8386223e71019eb4fc007b27fc7943cf2862c40d1,2026-08-26T03:26:06.158141+00:00,0,0
1363,서울시엠보팅,서울특별시,http://www.kwacc.or.kr/CertificationSite/WA/1363/Detail?page=107,http://mvoting.seoul.go.kr,EXPIRED,2021-12-13,2022-12-12,107,4,http://www.kwacc.or.kr/CertificationSite/WA/List?page=107,7c0c48b3a06fc10be1c21fa8386223e71019eb4fc007b27fc7943cf2862c40d1,2026-08-26T03:26:06.158141+00:00,0,0
1358,사회보험통합징수포털,국민건강보험공단,http://www.kwacc.or.kr/CertificationSite/WA/1358/Detail?page=107,https://si4n.nhis.or.kr,EXPIRED,2021-12-12,2022-12-11,107,5,http://www.kwacc.or.kr/CertificationSite/WA/List?page=107,7c0c48b3a06fc10be1c21fa8386223e71019eb4fc007b27fc7943cf2862c40d1,2026-08-26T03:26:06.158141+00:00,0,0
1349,주택관리공단 홈페이지,주택관리공단,http://www.kwacc.or.kr/CertificationSite/WA/1349/Detail?page=107,https://www.kohom.or.kr,EXPIRED,2021-12-12,2022-12-11,107,6,http://www.kwacc.or.kr/CertificationSite/WA/List?page=107,7c0c48b3a06fc10be1c21fa8386223e71019eb4fc007b27fc7943cf2862c40d1,2026-08-26T03:26:06.158141+00:00,0,0
1392,서울 도시계획 포탈,서울특별시,http://www.kwacc.or.kr/CertificationSite/WA/1392/Detail?page=107,http://urban.seoul.go.kr,EXPIRED,2021-12-11,2022-12-10,107,7,http://www.kwacc.or.kr/CertificationSite/WA/List?page=107,7c0c48b3a06fc10be1c21fa8386223e71019eb4fc007b27fc7943cf2862c40d1,2026-08-26T03:26:06.158141+00:00,0,0
1342,한국해운조합,한국해운조합,http://www.kwacc.or.kr/CertificationSite/WA/1342/Detail?page=107,http://www.theksa.or.kr,EXPIRED,2021-12-11,2022-12-10,107,8,http://www.kwacc.or.kr/CertificationSite/WA/List?page=107,7c0c48b3a06fc10be1c21fa8386223e71019eb4fc007b27fc7943cf2862c40d1,2026-08-26T03:26:06.158141+00:00,0,0
1367,수원문화재단 대표 홈페이지,수원문화재단,http://www.kwacc.or.kr/CertificationSite/WA/1367/Detail?page=107,https://swcf.or.kr,EXPIRED,2021-12-10,2022-12-09,107,9,http://www.kwacc.or.kr/CertificationSite/WA/List?page=107,7c0c48b3a06fc10be1c21fa8386223e71019eb4fc007b27fc7943cf2862c40d1,2026-08-26T03:26:06.158141+00:00,0,0
1288,국립공주병원,국립공주병원,http://www.kwacc.or.kr/CertificationSite/WA/1288/Detail?page=107,http://www.knmh.go.kr,EXPIRED,2021-11-21,2022-11-20,107,10,http://www.kwacc.or.kr/CertificationSite/WA/List?page=107,7c0c48b3a06fc10be1c21fa8386223e71019eb4fc007b27fc7943cf2862c40d1,2026-08-26T03:26:06.158141+00:00,0,0
1304,나주시청,나주시청,http://www.kwacc.or.kr/CertificationSite/WA/1304/Detail?page=108,https://www.naju.go.kr/www/?main=true,EXPIRED,2021-12-09,2022-12-08,108,1,http://www.kwacc.or.kr/CertificationSite/WA/List?page=108,09ad4cdda8b98dab275c5c256510b65ae589cddf491dbcc6cd0b863e3acce9b5,2026-08-26T03:26:06.953305+00:00,0,0
1337,서울한옥포털,서울특별시,http://www.kwacc.or.kr/CertificationSite/WA/1337/Detail?page=108,http://hanok.seoul.go.kr,EXPIRED,2021-12-07,2022-12-06,108,2,http://www.kwacc.or.kr/CertificationSite/WA/List?page=108,09ad4cdda8b98dab275c5c256510b65ae589cddf491dbcc6cd0b863e3acce9b5,2026-08-26T03:26:06.953305+00:00,0,0
1310,보육포털서비스,서울특별시,http://www.kwacc.or.kr/CertificationSite/WA/1310/Detail?page=108,http://iseoul.seoul.go.kr,EXPIRED,2021-12-07,2022-12-06,108,3,http://www.kwacc.or.kr/CertificationSite/WA/List?page=108,09ad4cdda8b98dab275c5c256510b65ae589cddf491dbcc6cd0b863e3acce9b5,2026-08-26T03:26:06.953305+00:00,0,0
1305,보건복지상담센터,보건복지부,http://www.kwacc.or.kr/CertificationSite/WA/1305/Detail?page=108,http://www.129.go.kr,EXPIRED,2021-12-04,2022-12-03,108,4,http://www.kwacc.or.kr/CertificationSite/WA/List?page=108,09ad4cdda8b98dab275c5c256510b65ae589cddf491dbcc6cd0b863e3acce9b5,2026-08-26T03:26:06.953305+00:00,0,0
1302,아리수홍보관,서울특별시,http://www.kwacc.or.kr/CertificationSite/WA/1302/Detail?page=108,http://e-arisu.seoul.go.kr,EXPIRED,2021-12-04,2022-12-03,108,5,http://www.kwacc.or.kr/CertificationSite/WA/List?page=108,09ad4cdda8b98dab275c5c256510b65ae589cddf491dbcc6cd0b863e3acce9b5,2026-08-26T03:26:06.953305+00:00,0,0
1332,정보통신보조기기,한국지능정보사회진흥원,http://www.kwacc.or.kr/CertificationSite/WA/1332/Detail?page=108,https://www.at4u.or.kr,EXPIRED,2021-12-03,2022-12-02,108,6,http://www.kwacc.or.kr/CertificationSite/WA/List?page=108,09ad4cdda8b98dab275c5c256510b65ae589cddf491dbcc6cd0b863e3acce9b5,2026-08-26T03:26:06.953305+00:00,0,0
1303,주민참여예산,서울특별시,http://www.kwacc.or.kr/CertificationSite/WA/1303/Detail?page=108,http://yesan.seoul.go.kr,EXPIRED,2021-12-01,2022-11-30,108,7,http://www.kwacc.or.kr/CertificationSite/WA/List?page=108,09ad4cdda8b98dab275c5c256510b65ae589cddf491dbcc6cd0b863e3acce9b5,2026-08-26T03:26:06.953305+00:00,0,0
1311,서울바이오허브 홈페이지,한국보건산업진흥원,http://www.kwacc.or.kr/CertificationSite/WA/1311/Detail?page=108,https://www.seoulbiohub.kr,EXPIRED,2021-11-30,2022-11-29,108,8,http://www.kwacc.or.kr/CertificationSite/WA/List?page=108,09ad4cdda8b98dab275c5c256510b65ae589cddf491dbcc6cd0b863e3acce9b5,2026-08-26T03:26:06.953305+00:00,0,0
1340,대구시설공단 모바일 홈페이지,대구시설공단,http://www.kwacc.or.kr/CertificationSite/WA/1340/Detail?page=108,https://m.dgsisul.or.kr,EXPIRED,2021-11-29,2022-11-28,108,9,http://www.kwacc.or.kr/CertificationSite/WA/List?page=108,09ad4cdda8b98dab275c5c256510b65ae589cddf491dbcc6cd0b863e3acce9b5,2026-08-26T03:26:06.953305+00:00,0,0
1339,대구시설공단 대표 홈페이지,대구시설공단,http://www.kwacc.or.kr/CertificationSite/WA/1339/Detail?page=108,https://www.dgsisul.or.kr,EXPIRED,2021-11-29,2022-11-28,108,10,http://www.kwacc.or.kr/CertificationSite/WA/List?page=108,09ad4cdda8b98dab275c5c256510b65ae589cddf491dbcc6cd0b863e3acce9b5,2026-08-26T03:26:06.953305+00:00,0,0
1301,이동지원센터 나드리콜 홈페이지,대구시설공단,http://www.kwacc.or.kr/CertificationSite/WA/1301/Detail?page=109,https://11.dgsisul.or.kr,EXPIRED,2021-11-29,2022-11-28,109,1,http://www.kwacc.or.kr/CertificationSite/WA/List?page=109,2ab972971b29a95f3d7a17289f94dd837fa010727e961d6b75a36d2d5f01c5cd,2026-08-26T03:26:07.736870+00:00,0,0
1314,의료기기정보포털,식품의약품안전처,http://www.kwacc.or.kr/CertificationSite/WA/1314/Detail?page=109,https://udiportal.mfds.go.kr,EXPIRED,2021-11-28,2022-11-27,109,2,http://www.kwacc.or.kr/CertificationSite/WA/List?page=109,2ab972971b29a95f3d7a17289f94dd837fa010727e961d6b75a36d2d5f01c5cd,2026-08-26T03:26:07.736870+00:00,0,0
1294,무안군청,무안군청,http://www.kwacc.or.kr/CertificationSite/WA/1294/Detail?page=109,https://www.muan.go.kr/www/?main=true,EXPIRED,2021-11-26,2022-11-25,109,3,http://www.kwacc.or.kr/CertificationSite/WA/List?page=109,2ab972971b29a95f3d7a17289f94dd837fa010727e961d6b75a36d2d5f01c5cd,2026-08-26T03:26:07.736870+00:00,0,0
1293,어린이병원,서울특별시,http://www.kwacc.or.kr/CertificationSite/WA/1293/Detail?page=109,http://childhosp.seoul.go.kr,EXPIRED,2021-11-24,2022-11-23,109,4,http://www.kwacc.or.kr/CertificationSite/WA/List?page=109,2ab972971b29a95f3d7a17289f94dd837fa010727e961d6b75a36d2d5f01c5cd,2026-08-26T03:26:07.736870+00:00,0,0
1297,보건복지부 대표홈페이지,보건복지부,http://www.kwacc.or.kr/CertificationSite/WA/1297/Detail?page=109,http://www.mohw.go.kr,EXPIRED,2021-11-23,2022-11-22,109,5,http://www.kwacc.or.kr/CertificationSite/WA/List?page=109,2ab972971b29a95f3d7a17289f94dd837fa010727e961d6b75a36d2d5f01c5cd,2026-08-26T03:26:07.736870+00:00,0,0
1296,경상북도개발공사 대표홈페이지,경상북도개발공사,http://www.kwacc.or.kr/CertificationSite/WA/1296/Detail?page=109,http://www.gbdc.co.kr,EXPIRED,2021-11-23,2022-11-22,109,6,http://www.kwacc.or.kr/CertificationSite/WA/List?page=109,2ab972971b29a95f3d7a17289f94dd837fa010727e961d6b75a36d2d5f01c5cd,2026-08-26T03:26:07.736870+00:00,0,0
1292,서울좋은간판,서울특별시,http://www.kwacc.or.kr/CertificationSite/WA/1292/Detail?page=109,http://goodsign.seoul.go.kr,EXPIRED,2021-11-23,2022-11-22,109,7,http://www.kwacc.or.kr/CertificationSite/WA/List?page=109,2ab972971b29a95f3d7a17289f94dd837fa010727e961d6b75a36d2d5f01c5cd,2026-08-26T03:26:07.736870+00:00,0,0
1291,학생 학부모 인증서 발급 서비스,한국정보인증,http://www.kwacc.or.kr/CertificationSite/WA/1291/Detail?page=109,https://keris.signgate.com,EXPIRED,2021-11-23,2022-11-22,109,8,http://www.kwacc.or.kr/CertificationSite/WA/List?page=109,2ab972971b29a95f3d7a17289f94dd837fa010727e961d6b75a36d2d5f01c5cd,2026-08-26T03:26:07.736870+00:00,0,0
1306,서대문구청 대표 홈페이지,서대문구청,http://www.kwacc.or.kr/CertificationSite/WA/1306/Detail?page=109,http://www.sdm.go.kr,EXPIRED,2021-11-21,2022-11-20,109,9,http://www.kwacc.or.kr/CertificationSite/WA/List?page=109,2ab972971b29a95f3d7a17289f94dd837fa010727e961d6b75a36d2d5f01c5cd,2026-08-26T03:26:07.736870+00:00,0,0
1280,국립부곡병원,국립부곡병원,http://www.kwacc.or.kr/CertificationSite/WA/1280/Detail?page=109,http://www.bgnmh.go.kr,EXPIRED,2021-11-21,2022-11-20,109,10,http://www.kwacc.or.kr/CertificationSite/WA/List?page=109,2ab972971b29a95f3d7a17289f94dd837fa010727e961d6b75a36d2d5f01c5cd,2026-08-26T03:26:07.736870+00:00,0,0
1279,국립춘천병원,국립춘천병원,http://www.kwacc.or.kr/CertificationSite/WA/1279/Detail?page=110,http://www.cnmh.go.kr,EXPIRED,2021-11-21,2022-11-20,110,1,http://www.kwacc.or.kr/CertificationSite/WA/List?page=110,274ef339f8eb550a7faf3dae945dc982ab3bcacd4a15f4e27d52f421b719b1bb,2026-08-26T03:26:08.526026+00:00,0,0
1286,시의회,서울특별시,http://www.kwacc.or.kr/CertificationSite/WA/1286/Detail?page=110,www.smc.seoul.kr,EXPIRED,2021-11-18,2022-11-17,110,2,http://www.kwacc.or.kr/CertificationSite/WA/List?page=110,274ef339f8eb550a7faf3dae945dc982ab3bcacd4a15f4e27d52f421b719b1bb,2026-08-26T03:26:08.526026+00:00,0,0
1281,상수도사업본부,상수도사업본부,http://www.kwacc.or.kr/CertificationSite/WA/1281/Detail?page=110,http://arisu.seoul.go.kr,EXPIRED,2021-11-17,2022-11-16,110,3,http://www.kwacc.or.kr/CertificationSite/WA/List?page=110,274ef339f8eb550a7faf3dae945dc982ab3bcacd4a15f4e27d52f421b719b1bb,2026-08-26T03:26:08.526026+00:00,0,0
1287,응답소,서울특별시,http://www.kwacc.or.kr/CertificationSite/WA/1287/Detail?page=110,http://eungdapso.seoul.go.kr,EXPIRED,2021-11-16,2022-11-15,110,4,http://www.kwacc.or.kr/CertificationSite/WA/List?page=110,274ef339f8eb550a7faf3dae945dc982ab3bcacd4a15f4e27d52f421b719b1bb,2026-08-26T03:26:08.526026+00:00,0,0
1312,kt M mobile 다이렉트 몰,주식회사 케이티엠모바일,http://www.kwacc.or.kr/CertificationSite/WA/1312/Detail?page=110,https://www.ktmmobile.com/main.do,EXPIRED,2021-11-14,2022-11-13,110,5,http://www.kwacc.or.kr/CertificationSite/WA/List?page=110,274ef339f8eb550a7faf3dae945dc982ab3bcacd4a15f4e27d52f421b719b1bb,2026-08-26T03:26:08.526026+00:00,0,0
1298,재단법인 김포시청소년재단,재단법인 김포시청소년재단,http://www.kwacc.or.kr/CertificationSite/WA/1298/Detail?page=110,https://www.fgy.or.kr,EXPIRED,2021-11-13,2022-11-12,110,6,http://www.kwacc.or.kr/CertificationSite/WA/List?page=110,274ef339f8eb550a7faf3dae945dc982ab3bcacd4a15f4e27d52f421b719b1bb,2026-08-26T03:26:08.526026+00:00,0,0
1262,농업기술센터,서울특별시,http://www.kwacc.or.kr/CertificationSite/WA/1262/Detail?page=110,http://agro.seoul.go.kr,EXPIRED,2021-11-13,2022-11-12,110,7,http://www.kwacc.or.kr/CertificationSite/WA/List?page=110,274ef339f8eb550a7faf3dae945dc982ab3bcacd4a15f4e27d52f421b719b1bb,2026-08-26T03:26:08.526026+00:00,0,0
1284,국민동의청원,국회사무처,http://www.kwacc.or.kr/CertificationSite/WA/1284/Detail?page=110,https://petitions.assembly.go.kr/,EXPIRED,2021-11-12,2022-11-11,110,8,http://www.kwacc.or.kr/CertificationSite/WA/List?page=110,274ef339f8eb550a7faf3dae945dc982ab3bcacd4a15f4e27d52f421b719b1bb,2026-08-26T03:26:08.526026+00:00,0,0
1353,미래유산,서울특별시,http://www.kwacc.or.kr/CertificationSite/WA/1353/Detail?page=110,http://futureheritage.seoul.go.kr,EXPIRED,2021-11-10,2022-11-09,110,9,http://www.kwacc.or.kr/CertificationSite/WA/List?page=110,274ef339f8eb550a7faf3dae945dc982ab3bcacd4a15f4e27d52f421b719b1bb,2026-08-26T03:26:08.526026+00:00,0,0
1285,한국장애인고용공단 대표홈페이지,한국장애인고용공단,http://www.kwacc.or.kr/CertificationSite/WA/1285/Detail?page=110,http://www.kead.or.kr,EXPIRED,2021-11-10,2022-11-09,110,10,http://www.kwacc.or.kr/CertificationSite/WA/List?page=110,274ef339f8eb550a7faf3dae945dc982ab3bcacd4a15f4e27d52f421b719b1bb,2026-08-26T03:26:08.526026+00:00,0,0
1282,온라인시장실,서울특별시,http://www.kwacc.or.kr/CertificationSite/WA/1282/Detail?page=111,http://mayor.seoul.go.kr,EXPIRED,2021-11-09,2022-11-08,111,1,http://www.kwacc.or.kr/CertificationSite/WA/List?page=111,0c91734534a7eca4ddd76284c1da838c3b6109a19cf3ad1be629aed9e6212114,2026-08-26T03:26:09.315433+00:00,0,0
1278,서북병원,서울특별시,http://www.kwacc.or.kr/CertificationSite/WA/1278/Detail?page=111,http://sbhosp.seoul.go.kr,EXPIRED,2021-11-09,2022-11-08,111,2,http://www.kwacc.or.kr/CertificationSite/WA/List?page=111,0c91734534a7eca4ddd76284c1da838c3b6109a19cf3ad1be629aed9e6212114,2026-08-26T03:26:09.315433+00:00,0,0
1299,한전산업개발(주),한전산업개발(주),http://www.kwacc.or.kr/CertificationSite/WA/1299/Detail?page=111,http://www.kepid.co.kr,EXPIRED,2021-11-08,2022-11-07,111,3,http://www.kwacc.or.kr/CertificationSite/WA/List?page=111,0c91734534a7eca4ddd76284c1da838c3b6109a19cf3ad1be629aed9e6212114,2026-08-26T03:26:09.315433+00:00,0,0
1272,모바일 번호판영치 간편민원 서비스,서울특별시,http://www.kwacc.or.kr/CertificationSite/WA/1272/Detail?page=111,http://youngchi.seoul.go.kr,EXPIRED,2021-11-08,2022-11-07,111,4,http://www.kwacc.or.kr/CertificationSite/WA/List?page=111,0c91734534a7eca4ddd76284c1da838c3b6109a19cf3ad1be629aed9e6212114,2026-08-26T03:26:09.315433+00:00,0,0
1380,문화포털,서울특별시,http://www.kwacc.or.kr/CertificationSite/WA/1380/Detail?page=111,http://culture.seoul.go.kr,EXPIRED,2021-11-06,2022-11-05,111,5,http://www.kwacc.or.kr/CertificationSite/WA/List?page=111,0c91734534a7eca4ddd76284c1da838c3b6109a19cf3ad1be629aed9e6212114,2026-08-26T03:26:09.315433+00:00,0,0
1271,4대사회보험 모바일웹,국민연금공단 4대사회보험정보연계센터,http://www.kwacc.or.kr/CertificationSite/WA/1271/Detail?page=111,http://m.4insure.or.kr,EXPIRED,2021-11-05,2022-11-04,111,6,http://www.kwacc.or.kr/CertificationSite/WA/List?page=111,0c91734534a7eca4ddd76284c1da838c3b6109a19cf3ad1be629aed9e6212114,2026-08-26T03:26:09.315433+00:00,0,0
1283,T-together,SK텔레콤 (주),http://www.kwacc.or.kr/CertificationSite/WA/1283/Detail?page=111,http://ttogether.sktelecom.com,EXPIRED,2021-11-02,2022-11-01,111,7,http://www.kwacc.or.kr/CertificationSite/WA/List?page=111,0c91734534a7eca4ddd76284c1da838c3b6109a19cf3ad1be629aed9e6212114,2026-08-26T03:26:09.315433+00:00,0,0
1259,서울시 대표 홈페이지,서울특별시,http://www.kwacc.or.kr/CertificationSite/WA/1259/Detail?page=111,http://www.seoul.go.kr,EXPIRED,2021-11-02,2022-11-01,111,8,http://www.kwacc.or.kr/CertificationSite/WA/List?page=111,0c91734534a7eca4ddd76284c1da838c3b6109a19cf3ad1be629aed9e6212114,2026-08-26T03:26:09.315433+00:00,0,0
1269,지방공공기관 경영정보공개시스템,행정안전부,http://www.kwacc.or.kr/CertificationSite/WA/1269/Detail?page=111,http://www.cleaneye.go.kr,EXPIRED,2021-11-01,2022-10-31,111,9,http://www.kwacc.or.kr/CertificationSite/WA/List?page=111,0c91734534a7eca4ddd76284c1da838c3b6109a19cf3ad1be629aed9e6212114,2026-08-26T03:26:09.315433+00:00,0,0
1300,5·18민주화운동기록관,광주광역시 5·18민주화운동기록관,http://www.kwacc.or.kr/CertificationSite/WA/1300/Detail?page=111,https://www.518archives.go.kr,EXPIRED,2021-10-30,2022-10-29,111,10,http://www.kwacc.or.kr/CertificationSite/WA/List?page=111,0c91734534a7eca4ddd76284c1da838c3b6109a19cf3ad1be629aed9e6212114,2026-08-26T03:26:09.315433+00:00,0,0
1270,경기도장애인복지종합지원센터 누림,경기도장애인복지종합지원센터,http://www.kwacc.or.kr/CertificationSite/WA/1270/Detail?page=112,http://www.ggnurim.or.kr,EXPIRED,2021-10-30,2022-10-29,112,1,http://www.kwacc.or.kr/CertificationSite/WA/List?page=112,e199bed86f0b3e1f3f9d112d171a4a6a68ffaddfab0392c8aff7fc4aeb03be00,2026-08-26T03:26:10.105737+00:00,0,0
1309,푸본현대생명 모바일 홈페이지,푸본현대생명,http://www.kwacc.or.kr/CertificationSite/WA/1309/Detail?page=112,http://www.fubonhyundai.com,EXPIRED,2021-10-27,2022-10-26,112,2,http://www.kwacc.or.kr/CertificationSite/WA/List?page=112,e199bed86f0b3e1f3f9d112d171a4a6a68ffaddfab0392c8aff7fc4aeb03be00,2026-08-26T03:26:10.105737+00:00,0,0
1308,푸본현대생명 대표,푸본현대생명,http://www.kwacc.or.kr/CertificationSite/WA/1308/Detail?page=112,http://www.fubonhyundai.com,EXPIRED,2021-10-27,2022-10-26,112,3,http://www.kwacc.or.kr/CertificationSite/WA/List?page=112,e199bed86f0b3e1f3f9d112d171a4a6a68ffaddfab0392c8aff7fc4aeb03be00,2026-08-26T03:26:10.105737+00:00,0,0
1290,이노비즈넷,중소벤처기업부,http://www.kwacc.or.kr/CertificationSite/WA/1290/Detail?page=112,http://www.innobiz.net,EXPIRED,2021-11-20,2022-11-19,112,4,http://www.kwacc.or.kr/CertificationSite/WA/List?page=112,e199bed86f0b3e1f3f9d112d171a4a6a68ffaddfab0392c8aff7fc4aeb03be00,2026-08-26T03:26:10.105737+00:00,0,0
1267,서울시 (중국어-번체),서울특별시,http://www.kwacc.or.kr/CertificationSite/WA/1267/Detail?page=112,http://tchinese.seoul.go.kr,EXPIRED,2021-10-26,2022-10-25,112,5,http://www.kwacc.or.kr/CertificationSite/WA/List?page=112,e199bed86f0b3e1f3f9d112d171a4a6a68ffaddfab0392c8aff7fc4aeb03be00,2026-08-26T03:26:10.105737+00:00,0,0
1266,서울시 (중국어-간체),서울특별시,http://www.kwacc.or.kr/CertificationSite/WA/1266/Detail?page=112,http://chinese.seoul.go.kr,EXPIRED,2021-10-26,2022-10-25,112,6,http://www.kwacc.or.kr/CertificationSite/WA/List?page=112,e199bed86f0b3e1f3f9d112d171a4a6a68ffaddfab0392c8aff7fc4aeb03be00,2026-08-26T03:26:10.105737+00:00,0,0
1265,서울시 (일어),서울특별시,http://www.kwacc.or.kr/CertificationSite/WA/1265/Detail?page=112,http://japanese.seoul.go.kr,EXPIRED,2021-10-26,2022-10-25,112,7,http://www.kwacc.or.kr/CertificationSite/WA/List?page=112,e199bed86f0b3e1f3f9d112d171a4a6a68ffaddfab0392c8aff7fc4aeb03be00,2026-08-26T03:26:10.105737+00:00,0,0
1264,서울시 (영어),서울특별시,http://www.kwacc.or.kr/CertificationSite/WA/1264/Detail?page=112,http://english.seoul.go.kr,EXPIRED,2021-10-26,2022-10-25,112,8,http://www.kwacc.or.kr/CertificationSite/WA/List?page=112,e199bed86f0b3e1f3f9d112d171a4a6a68ffaddfab0392c8aff7fc4aeb03be00,2026-08-26T03:26:10.105737+00:00,0,0
1263,서울시 (다국어),서울특별시,http://www.kwacc.or.kr/CertificationSite/WA/1263/Detail?page=112,http://world.seoul.go.kr,EXPIRED,2021-10-26,2022-10-25,112,9,http://www.kwacc.or.kr/CertificationSite/WA/List?page=112,e199bed86f0b3e1f3f9d112d171a4a6a68ffaddfab0392c8aff7fc4aeb03be00,2026-08-26T03:26:10.105737+00:00,0,0
1268,수원도시공사,수원도시공사,http://www.kwacc.or.kr/CertificationSite/WA/1268/Detail?page=112,http://www.suwonudc.co.kr,EXPIRED,2021-10-24,2022-10-23,112,10,http://www.kwacc.or.kr/CertificationSite/WA/List?page=112,e199bed86f0b3e1f3f9d112d171a4a6a68ffaddfab0392c8aff7fc4aeb03be00,2026-08-26T03:26:10.105737+00:00,0,0
1273,문화체육관광부 i-나루,문화체육관광부,http://www.kwacc.or.kr/CertificationSite/WA/1273/Detail?page=113,https://inaru.mcst.go.kr/uat/uia/egovLoginUsr.do,EXPIRED,2021-10-23,2022-10-22,113,1,http://www.kwacc.or.kr/CertificationSite/WA/List?page=113,1d044f178869e9338be769003982b21562b5a68ca610f6abbe5c4d02c31e801d,2026-08-26T03:26:10.897854+00:00,0,0
1257,아동복지센터,서울특별시,http://www.kwacc.or.kr/CertificationSite/WA/1257/Detail?page=113,http://child.seoul.go.kr,EXPIRED,2021-10-19,2022-10-18,113,2,http://www.kwacc.or.kr/CertificationSite/WA/List?page=113,1d044f178869e9338be769003982b21562b5a68ca610f6abbe5c4d02c31e801d,2026-08-26T03:26:10.897854+00:00,0,0
1289,대원대학교,대원대학교,http://www.kwacc.or.kr/CertificationSite/WA/1289/Detail?page=113,https://www.daewon.ac.kr/mbs/daewon/daewon_index.jsp,EXPIRED,2021-10-18,2022-10-17,113,3,http://www.kwacc.or.kr/CertificationSite/WA/List?page=113,1d044f178869e9338be769003982b21562b5a68ca610f6abbe5c4d02c31e801d,2026-08-26T03:26:10.897854+00:00,0,0
1255,오송생명과학단지지원센터,오송생명과학단지지원센터,http://www.kwacc.or.kr/CertificationSite/WA/1255/Detail?page=113,http://osong.mohw.go.kr,EXPIRED,2021-10-18,2022-10-17,113,4,http://www.kwacc.or.kr/CertificationSite/WA/List?page=113,1d044f178869e9338be769003982b21562b5a68ca610f6abbe5c4d02c31e801d,2026-08-26T03:26:10.897854+00:00,0,0
1256,집합건물통합정보마당,서울특별시,http://www.kwacc.or.kr/CertificationSite/WA/1256/Detail?page=113,http://openab.seoul.go.kr,EXPIRED,2021-10-15,2022-10-14,113,5,http://www.kwacc.or.kr/CertificationSite/WA/List?page=113,1d044f178869e9338be769003982b21562b5a68ca610f6abbe5c4d02c31e801d,2026-08-26T03:26:10.897854+00:00,0,0
1275,민주주의 서울,서울특별시,http://www.kwacc.or.kr/CertificationSite/WA/1275/Detail?page=113,http://democracy.seoul.go.kr,EXPIRED,2021-10-13,2022-10-12,113,6,http://www.kwacc.or.kr/CertificationSite/WA/List?page=113,1d044f178869e9338be769003982b21562b5a68ca610f6abbe5c4d02c31e801d,2026-08-26T03:26:10.897854+00:00,0,0
1261,PIMAC 평가관리시스템,한국개발연구원,http://www.kwacc.or.kr/CertificationSite/WA/1261/Detail?page=113,https://expert.kdi.re.kr/,EXPIRED,2021-10-12,2022-10-11,113,7,http://www.kwacc.or.kr/CertificationSite/WA/List?page=113,1d044f178869e9338be769003982b21562b5a68ca610f6abbe5c4d02c31e801d,2026-08-26T03:26:10.897854+00:00,0,0
1246,현대HDS 홈페이지,현대에이치디에스(주),http://www.kwacc.or.kr/CertificationSite/WA/1246/Detail?page=113,https://www.hyundaihds.com,EXPIRED,2021-10-10,2022-10-09,113,8,http://www.kwacc.or.kr/CertificationSite/WA/List?page=113,1d044f178869e9338be769003982b21562b5a68ca610f6abbe5c4d02c31e801d,2026-08-26T03:26:10.897854+00:00,0,0
1254,한성백제박물관,서울특별시,http://www.kwacc.or.kr/CertificationSite/WA/1254/Detail?page=113,http://baekjemuseum.seoul.go.kr,EXPIRED,2021-10-06,2022-11-05,113,9,http://www.kwacc.or.kr/CertificationSite/WA/List?page=113,1d044f178869e9338be769003982b21562b5a68ca610f6abbe5c4d02c31e801d,2026-08-26T03:26:10.897854+00:00,0,0
1251,카카오 기업사이트(모바일웹),주식회사 카카오,http://www.kwacc.or.kr/CertificationSite/WA/1251/Detail?page=113,https://www.kakaocorp.com/,EXPIRED,2021-10-06,2022-10-05,113,10,http://www.kwacc.or.kr/CertificationSite/WA/List?page=113,1d044f178869e9338be769003982b21562b5a68ca610f6abbe5c4d02c31e801d,2026-08-26T03:26:10.897854+00:00,0,0
1250,카카오 기업사이트,주식회사 카카오,http://www.kwacc.or.kr/CertificationSite/WA/1250/Detail?page=114,https://www.kakaocorp.com,EXPIRED,2021-10-06,2022-10-05,114,1,http://www.kwacc.or.kr/CertificationSite/WA/List?page=114,a6272b283f385edd51b5c861b3dd623c9681ed59eba1947d19802b299107d91c,2026-08-26T03:26:11.665887+00:00,0,0
1249,내손안에서울,서울특별시,http://www.kwacc.or.kr/CertificationSite/WA/1249/Detail?page=114,http://mediahub.seoul.go.kr,EXPIRED,2021-09-30,2022-09-29,114,2,http://www.kwacc.or.kr/CertificationSite/WA/List?page=114,a6272b283f385edd51b5c861b3dd623c9681ed59eba1947d19802b299107d91c,2026-08-26T03:26:11.665887+00:00,0,0
1274,한국장애인고용공단 채용,한국장애인고용공단,http://www.kwacc.or.kr/CertificationSite/WA/1274/Detail?page=114,https://recruit.esingo.or.kr,EXPIRED,2021-09-28,2022-09-27,114,3,http://www.kwacc.or.kr/CertificationSite/WA/List?page=114,a6272b283f385edd51b5c861b3dd623c9681ed59eba1947d19802b299107d91c,2026-08-26T03:26:11.665887+00:00,0,0
1258,인사혁신처 대표홈페이지,인사혁신처,http://www.kwacc.or.kr/CertificationSite/WA/1258/Detail?page=114,http://www.mpm.go.kr,EXPIRED,2021-09-28,2022-09-27,114,4,http://www.kwacc.or.kr/CertificationSite/WA/List?page=114,a6272b283f385edd51b5c861b3dd623c9681ed59eba1947d19802b299107d91c,2026-08-26T03:26:11.665887+00:00,0,0
1252,한국장애인고용공단 채용,한국장애인고용공단,http://www.kwacc.or.kr/CertificationSite/WA/1252/Detail?page=114,https://recruit.esingo.or.kr,EXPIRED,2021-09-28,2022-09-27,114,5,http://www.kwacc.or.kr/CertificationSite/WA/List?page=114,a6272b283f385edd51b5c861b3dd623c9681ed59eba1947d19802b299107d91c,2026-08-26T03:26:11.665887+00:00,0,0
1247,마산장애인평생학교,마산장애인평생학교,http://www.kwacc.or.kr/CertificationSite/WA/1247/Detail?page=114,http://mscled.or.kr/,EXPIRED,2021-09-28,2022-09-27,114,6,http://www.kwacc.or.kr/CertificationSite/WA/List?page=114,a6272b283f385edd51b5c861b3dd623c9681ed59eba1947d19802b299107d91c,2026-08-26T03:26:11.665887+00:00,0,0
1242,서울광장,서울특별시,http://www.kwacc.or.kr/CertificationSite/WA/1242/Detail?page=114,http://plaza.seoul.go.kr,EXPIRED,2021-09-26,2022-09-25,114,7,http://www.kwacc.or.kr/CertificationSite/WA/List?page=114,a6272b283f385edd51b5c861b3dd623c9681ed59eba1947d19802b299107d91c,2026-08-26T03:26:11.665887+00:00,0,0
1277,한국서부발전 대표홈페이지,한국서부발전,http://www.kwacc.or.kr/CertificationSite/WA/1277/Detail?page=114,https://www.iwest.co.kr,EXPIRED,2021-09-25,2022-09-24,114,8,http://www.kwacc.or.kr/CertificationSite/WA/List?page=114,a6272b283f385edd51b5c861b3dd623c9681ed59eba1947d19802b299107d91c,2026-08-26T03:26:11.665887+00:00,0,0
1241,인천교통약자이동지원센터,인천교통공사,http://www.kwacc.or.kr/CertificationSite/WA/1241/Detail?page=114,https://www.intis.or.kr,EXPIRED,2021-09-24,2022-09-23,114,9,http://www.kwacc.or.kr/CertificationSite/WA/List?page=114,a6272b283f385edd51b5c861b3dd623c9681ed59eba1947d19802b299107d91c,2026-08-26T03:26:11.665887+00:00,0,0
1237,승용차 마일리지,서울특별시,http://www.kwacc.or.kr/CertificationSite/WA/1237/Detail?page=114,http://driving-mileage.seoul.go.kr,EXPIRED,2021-09-17,2022-09-16,114,10,http://www.kwacc.or.kr/CertificationSite/WA/List?page=114,a6272b283f385edd51b5c861b3dd623c9681ed59eba1947d19802b299107d91c,2026-08-26T03:26:11.665887+00:00,0,0
1276,서울기록원,서울특별시,http://www.kwacc.or.kr/CertificationSite/WA/1276/Detail?page=115,http://archives.seoul.go.kr,EXPIRED,2021-09-15,2022-09-14,115,1,http://www.kwacc.or.kr/CertificationSite/WA/List?page=115,dd8b7cbddce4533b1388f79a5c109a43f93750caa4e36903d784bb1f451173c9,2026-08-26T03:26:12.457089+00:00,0,0
1235,창원장애인평생교육센터,창원장애인평생교육센터,http://www.kwacc.or.kr/CertificationSite/WA/1235/Detail?page=115,http://www.cwcled.or.kr,EXPIRED,2021-09-14,2022-09-13,115,2,http://www.kwacc.or.kr/CertificationSite/WA/List?page=115,dd8b7cbddce4533b1388f79a5c109a43f93750caa4e36903d784bb1f451173c9,2026-08-26T03:26:12.457089+00:00,0,0
1234,일자리포털,서울특별시,http://www.kwacc.or.kr/CertificationSite/WA/1234/Detail?page=115,http://job.seoul.go.kr,EXPIRED,2021-09-14,2022-09-13,115,3,http://www.kwacc.or.kr/CertificationSite/WA/List?page=115,dd8b7cbddce4533b1388f79a5c109a43f93750caa4e36903d784bb1f451173c9,2026-08-26T03:26:12.457089+00:00,0,0
1233,식품의약품안전평가원,식품의약품안전평가원,http://www.kwacc.or.kr/CertificationSite/WA/1233/Detail?page=115,http://nifds.go.kr,EXPIRED,2021-09-14,2022-09-13,115,4,http://www.kwacc.or.kr/CertificationSite/WA/List?page=115,dd8b7cbddce4533b1388f79a5c109a43f93750caa4e36903d784bb1f451173c9,2026-08-26T03:26:12.457089+00:00,0,0
1230,전남소방본부,전남소방본부,http://www.kwacc.or.kr/CertificationSite/WA/1230/Detail?page=115,https://www.jnsobang.go.kr,EXPIRED,2021-09-14,2022-09-13,115,5,http://www.kwacc.or.kr/CertificationSite/WA/List?page=115,dd8b7cbddce4533b1388f79a5c109a43f93750caa4e36903d784bb1f451173c9,2026-08-26T03:26:12.457089+00:00,0,0
1238,체육시설관리사업소,서울특별시,http://www.kwacc.or.kr/CertificationSite/WA/1238/Detail?page=115,http://stadium.seoul.go.kr,EXPIRED,2021-09-13,2022-09-12,115,6,http://www.kwacc.or.kr/CertificationSite/WA/List?page=115,dd8b7cbddce4533b1388f79a5c109a43f93750caa4e36903d784bb1f451173c9,2026-08-26T03:26:12.457089+00:00,0,0
1221,상수도사업본부(영어),서울특별시,http://www.kwacc.or.kr/CertificationSite/WA/1221/Detail?page=115,http://arisu.seoul.go.kr/sudo_eng/index.jsp,EXPIRED,2021-09-13,2022-09-12,115,7,http://www.kwacc.or.kr/CertificationSite/WA/List?page=115,dd8b7cbddce4533b1388f79a5c109a43f93750caa4e36903d784bb1f451173c9,2026-08-26T03:26:12.457089+00:00,0,0
1226,삼성전자승마단,삼성전자(주),http://www.kwacc.or.kr/CertificationSite/WA/1226/Detail?page=115,https://horse.samsung.com,EXPIRED,2021-09-12,2022-09-11,115,8,http://www.kwacc.or.kr/CertificationSite/WA/List?page=115,dd8b7cbddce4533b1388f79a5c109a43f93750caa4e36903d784bb1f451173c9,2026-08-26T03:26:12.457089+00:00,0,0
1229,서울문화예술대학교 입학지원센터,서울문화예술대학교,http://www.kwacc.or.kr/CertificationSite/WA/1229/Detail?page=115,https://ipsi.scau.ac.kr/Default.aspx,EXPIRED,2021-09-11,2022-09-10,115,9,http://www.kwacc.or.kr/CertificationSite/WA/List?page=115,dd8b7cbddce4533b1388f79a5c109a43f93750caa4e36903d784bb1f451173c9,2026-08-26T03:26:12.457089+00:00,0,0
1228,서울문화예술대학교 홈페이지,서울문화예술대학교,http://www.kwacc.or.kr/CertificationSite/WA/1228/Detail?page=115,https://www.scau.ac.kr/Default.aspx,EXPIRED,2021-09-11,2022-09-10,115,10,http://www.kwacc.or.kr/CertificationSite/WA/List?page=115,dd8b7cbddce4533b1388f79a5c109a43f93750caa4e36903d784bb1f451173c9,2026-08-26T03:26:12.457089+00:00,0,0
1260,국민정보화교육,한국지능정보사회진흥원,http://www.kwacc.or.kr/CertificationSite/WA/1260/Detail?page=116,https://www.itstudy.or.kr,EXPIRED,2021-09-08,2022-09-07,116,1,http://www.kwacc.or.kr/CertificationSite/WA/List?page=116,7ae78e71ab4f5dd458d3f09f9803ab488cb6a195acb55e4f850ad5d2896215cf,2026-08-26T03:26:13.247020+00:00,0,0
1243,방송문화진흥회 홈페이지,방송문화진흥회,http://www.kwacc.or.kr/CertificationSite/WA/1243/Detail?page=116,http://www.fbc.or.kr,EXPIRED,2021-09-05,2022-09-04,116,2,http://www.kwacc.or.kr/CertificationSite/WA/List?page=116,7ae78e71ab4f5dd458d3f09f9803ab488cb6a195acb55e4f850ad5d2896215cf,2026-08-26T03:26:13.247020+00:00,0,0
1248,한국정보인증 SIGNGATE 서비스,한국정보인증,http://www.kwacc.or.kr/CertificationSite/WA/1248/Detail?page=116,https://www.signgate.com/main.sg,EXPIRED,2021-09-04,2022-09-03,116,3,http://www.kwacc.or.kr/CertificationSite/WA/List?page=116,7ae78e71ab4f5dd458d3f09f9803ab488cb6a195acb55e4f850ad5d2896215cf,2026-08-26T03:26:13.247020+00:00,0,0
1227,한국농어촌공사,한국농어촌공사,http://www.kwacc.or.kr/CertificationSite/WA/1227/Detail?page=116,http://www.ekr.or.kr,EXPIRED,2021-09-04,2022-09-03,116,4,http://www.kwacc.or.kr/CertificationSite/WA/List?page=116,7ae78e71ab4f5dd458d3f09f9803ab488cb6a195acb55e4f850ad5d2896215cf,2026-08-26T03:26:13.247020+00:00,0,0
1225,서울역사박물관(중문),서울역사박물관,http://www.kwacc.or.kr/CertificationSite/WA/1225/Detail?page=116,www.museum.seoul.kr/chi/index.do,EXPIRED,2021-09-03,2022-09-02,116,5,http://www.kwacc.or.kr/CertificationSite/WA/List?page=116,7ae78e71ab4f5dd458d3f09f9803ab488cb6a195acb55e4f850ad5d2896215cf,2026-08-26T03:26:13.247020+00:00,0,0
1224,서울역사박물관(일문),서울역사박물관,http://www.kwacc.or.kr/CertificationSite/WA/1224/Detail?page=116,www.museum.seoul.kr/jpn/index.do,EXPIRED,2021-09-03,2022-09-02,116,6,http://www.kwacc.or.kr/CertificationSite/WA/List?page=116,7ae78e71ab4f5dd458d3f09f9803ab488cb6a195acb55e4f850ad5d2896215cf,2026-08-26T03:26:13.247020+00:00,0,0
1223,서울역사박물관(영문),서울역사박물관,http://www.kwacc.or.kr/CertificationSite/WA/1223/Detail?page=116,www.museum.seoul.kr/eng/index.do,EXPIRED,2021-09-03,2022-09-02,116,7,http://www.kwacc.or.kr/CertificationSite/WA/List?page=116,7ae78e71ab4f5dd458d3f09f9803ab488cb6a195acb55e4f850ad5d2896215cf,2026-08-26T03:26:13.247020+00:00,0,0
1220,청소년기업가체험프로그램,한국청년기업가정신재단,http://www.kwacc.or.kr/CertificationSite/WA/1220/Detail?page=116,https://yeep.go.kr/,EXPIRED,2021-09-03,2022-09-02,116,8,http://www.kwacc.or.kr/CertificationSite/WA/List?page=116,7ae78e71ab4f5dd458d3f09f9803ab488cb6a195acb55e4f850ad5d2896215cf,2026-08-26T03:26:13.247020+00:00,0,0
1240,서울브랜드,서울특별시,http://www.kwacc.or.kr/CertificationSite/WA/1240/Detail?page=116,http://brand.seoul.go.kr,EXPIRED,2021-09-01,2022-08-31,116,9,http://www.kwacc.or.kr/CertificationSite/WA/List?page=116,7ae78e71ab4f5dd458d3f09f9803ab488cb6a195acb55e4f850ad5d2896215cf,2026-08-26T03:26:13.247020+00:00,0,0
1232,s-apt플랫폼,서울특별시,http://www.kwacc.or.kr/CertificationSite/WA/1232/Detail?page=116,http://s-apt.seoul.go.kr,EXPIRED,2021-09-01,2022-08-31,116,10,http://www.kwacc.or.kr/CertificationSite/WA/List?page=116,7ae78e71ab4f5dd458d3f09f9803ab488cb6a195acb55e4f850ad5d2896215cf,2026-08-26T03:26:13.247020+00:00,0,0
1217,우체국소포,인터넷우체국,http://www.kwacc.or.kr/CertificationSite/WA/1217/Detail?page=117,http://parcel.epost.go.kr,EXPIRED,2021-09-01,2022-08-31,117,1,http://www.kwacc.or.kr/CertificationSite/WA/List?page=117,1e9f8cdf3cc39766722c94f1592a8d2c05e22a6fd40752bed4167c885f63bd88,2026-08-26T03:26:14.017820+00:00,0,0
1219,예스이십사 전자도서관,예스이십사(주),http://www.kwacc.or.kr/CertificationSite/WA/1219/Detail?page=117,http://ebook.yes24library.com,EXPIRED,2021-08-30,2022-08-29,117,2,http://www.kwacc.or.kr/CertificationSite/WA/List?page=117,1e9f8cdf3cc39766722c94f1592a8d2c05e22a6fd40752bed4167c885f63bd88,2026-08-26T03:26:14.017820+00:00,0,0
1218,여수시청,여수시청,http://www.kwacc.or.kr/CertificationSite/WA/1218/Detail?page=117,https://www.yeosu.go.kr/www,EXPIRED,2021-08-27,2022-08-26,117,3,http://www.kwacc.or.kr/CertificationSite/WA/List?page=117,1e9f8cdf3cc39766722c94f1592a8d2c05e22a6fd40752bed4167c885f63bd88,2026-08-26T03:26:14.017820+00:00,0,0
1215,국립망향의동산,국립망향의동산,http://www.kwacc.or.kr/CertificationSite/WA/1215/Detail?page=117,http://www.nmhc.go.kr,EXPIRED,2021-08-27,2022-08-26,117,4,http://www.kwacc.or.kr/CertificationSite/WA/List?page=117,1e9f8cdf3cc39766722c94f1592a8d2c05e22a6fd40752bed4167c885f63bd88,2026-08-26T03:26:14.017820+00:00,0,0
1211,은평병원,은평병원,http://www.kwacc.or.kr/CertificationSite/WA/1211/Detail?page=117,http://ephosp.seoul.go.kr,EXPIRED,2021-08-26,2022-08-25,117,5,http://www.kwacc.or.kr/CertificationSite/WA/List?page=117,1e9f8cdf3cc39766722c94f1592a8d2c05e22a6fd40752bed4167c885f63bd88,2026-08-26T03:26:14.017820+00:00,0,0
1214,연암대학교,연암대학교,http://www.kwacc.or.kr/CertificationSite/WA/1214/Detail?page=117,http://www.yonam.ac.kr/mbshome/mbs/kr/index.do,EXPIRED,2021-08-23,2022-08-22,117,6,http://www.kwacc.or.kr/CertificationSite/WA/List?page=117,1e9f8cdf3cc39766722c94f1592a8d2c05e22a6fd40752bed4167c885f63bd88,2026-08-26T03:26:14.017820+00:00,0,0
1212,국가기록원,국가기록원,http://www.kwacc.or.kr/CertificationSite/WA/1212/Detail?page=117,https://www.archives.go.kr,EXPIRED,2021-08-18,2022-08-17,117,7,http://www.kwacc.or.kr/CertificationSite/WA/List?page=117,1e9f8cdf3cc39766722c94f1592a8d2c05e22a6fd40752bed4167c885f63bd88,2026-08-26T03:26:14.017820+00:00,0,0
1203,커리어넷,한국직업능력연구원,http://www.kwacc.or.kr/CertificationSite/WA/1203/Detail?page=117,https://www.career.go.kr,EXPIRED,2021-08-14,2022-08-13,117,8,http://www.kwacc.or.kr/CertificationSite/WA/List?page=117,1e9f8cdf3cc39766722c94f1592a8d2c05e22a6fd40752bed4167c885f63bd88,2026-08-26T03:26:14.017820+00:00,0,0
1207,서울시립교향악단,(재)서울시립교향악단,http://www.kwacc.or.kr/CertificationSite/WA/1207/Detail?page=117,https://www.seoulphil.or.kr/,EXPIRED,2021-08-11,2022-08-10,117,9,http://www.kwacc.or.kr/CertificationSite/WA/List?page=117,1e9f8cdf3cc39766722c94f1592a8d2c05e22a6fd40752bed4167c885f63bd88,2026-08-26T03:26:14.017820+00:00,0,0
1206,주차정보안내시스템,서울특별시,http://www.kwacc.or.kr/CertificationSite/WA/1206/Detail?page=117,parking.seoul.go.kr,EXPIRED,2021-08-10,2022-08-09,117,10,http://www.kwacc.or.kr/CertificationSite/WA/List?page=117,1e9f8cdf3cc39766722c94f1592a8d2c05e22a6fd40752bed4167c885f63bd88,2026-08-26T03:26:14.017820+00:00,0,0
1205,스마트포털,서울특별시,http://www.kwacc.or.kr/CertificationSite/WA/1205/Detail?page=118,http://smart.seoul.go.kr,EXPIRED,2021-08-10,2022-08-09,118,1,http://www.kwacc.or.kr/CertificationSite/WA/List?page=118,599f6fb500af65b7b63e6073158f2572f07af31105b0c70b4a55ec29916603be,2026-08-26T03:26:14.812384+00:00,0,0
1216,대한결핵협회,대한결핵협회,http://www.kwacc.or.kr/CertificationSite/WA/1216/Detail?page=118,https://www.knta.or.kr/index.asp,EXPIRED,2021-08-07,2022-08-06,118,2,http://www.kwacc.or.kr/CertificationSite/WA/List?page=118,599f6fb500af65b7b63e6073158f2572f07af31105b0c70b4a55ec29916603be,2026-08-26T03:26:14.812384+00:00,0,0
1208,한국정보인증 SIGNRA 서비스,한국정보인증,http://www.kwacc.or.kr/CertificationSite/WA/1208/Detail?page=118,https://g2b.signra.com:4433/web-signra/main.sg,EXPIRED,2021-08-07,2022-08-06,118,3,http://www.kwacc.or.kr/CertificationSite/WA/List?page=118,599f6fb500af65b7b63e6073158f2572f07af31105b0c70b4a55ec29916603be,2026-08-26T03:26:14.812384+00:00,0,0
1253,완도군청,완도군청,http://www.kwacc.or.kr/CertificationSite/WA/1253/Detail?page=118,https://www.wando.go.kr/?main=true,EXPIRED,2021-08-06,2022-08-05,118,4,http://www.kwacc.or.kr/CertificationSite/WA/List?page=118,599f6fb500af65b7b63e6073158f2572f07af31105b0c70b4a55ec29916603be,2026-08-26T03:26:14.812384+00:00,0,0
1197,광주시 스포츠 통합센터,광주도시관리공사,http://www.kwacc.or.kr/CertificationSite/WA/1197/Detail?page=118,https://www.gjcs.or.kr,EXPIRED,2021-07-28,2022-07-27,118,5,http://www.kwacc.or.kr/CertificationSite/WA/List?page=118,599f6fb500af65b7b63e6073158f2572f07af31105b0c70b4a55ec29916603be,2026-08-26T03:26:14.812384+00:00,0,0
1239,목포시청,목포시청,http://www.kwacc.or.kr/CertificationSite/WA/1239/Detail?page=118,https://www.mokpo.go.kr/www/?main=true,EXPIRED,2021-07-27,2022-07-26,118,6,http://www.kwacc.or.kr/CertificationSite/WA/List?page=118,599f6fb500af65b7b63e6073158f2572f07af31105b0c70b4a55ec29916603be,2026-08-26T03:26:14.812384+00:00,0,0
1222,보성군청,보성군청,http://www.kwacc.or.kr/CertificationSite/WA/1222/Detail?page=118,https://www.boseong.go.kr/www/?main=true,EXPIRED,2021-07-24,2022-07-23,118,7,http://www.kwacc.or.kr/CertificationSite/WA/List?page=118,599f6fb500af65b7b63e6073158f2572f07af31105b0c70b4a55ec29916603be,2026-08-26T03:26:14.812384+00:00,0,0
1213,강진군청,강진군청,http://www.kwacc.or.kr/CertificationSite/WA/1213/Detail?page=118,https://www.gangjin.go.kr/www/,EXPIRED,2021-07-24,2022-07-23,118,8,http://www.kwacc.or.kr/CertificationSite/WA/List?page=118,599f6fb500af65b7b63e6073158f2572f07af31105b0c70b4a55ec29916603be,2026-08-26T03:26:14.812384+00:00,0,0
1202,영양군청,영양군청,http://www.kwacc.or.kr/CertificationSite/WA/1202/Detail?page=118,https://www.yyg.go.kr/www/?main=true,EXPIRED,2021-07-21,2022-07-20,118,9,http://www.kwacc.or.kr/CertificationSite/WA/List?page=118,599f6fb500af65b7b63e6073158f2572f07af31105b0c70b4a55ec29916603be,2026-08-26T03:26:14.812384+00:00,0,0
1195,국립어린이청소년도서관,국립중앙도서관,http://www.kwacc.or.kr/CertificationSite/WA/1195/Detail?page=118,https://www.nlcy.go.kr,EXPIRED,2021-07-20,2022-07-19,118,10,http://www.kwacc.or.kr/CertificationSite/WA/List?page=118,599f6fb500af65b7b63e6073158f2572f07af31105b0c70b4a55ec29916603be,2026-08-26T03:26:14.812384+00:00,0,0
1194,국립박물관문화재단,국립박물관문화재단,http://www.kwacc.or.kr/CertificationSite/WA/1194/Detail?page=119,https://www.cfnmk.or.kr,EXPIRED,2021-07-20,2022-07-19,119,1,http://www.kwacc.or.kr/CertificationSite/WA/List?page=119,5423d19ab6f1e22527a26afe515477eea6b0bb296db5cad62149b657de397e91,2026-08-26T03:26:15.578947+00:00,0,0
1196,장흥군청,장흥군청,http://www.kwacc.or.kr/CertificationSite/WA/1196/Detail?page=119,http://www.jangheung.go.kr/www/,EXPIRED,2021-07-14,2022-07-13,119,2,http://www.kwacc.or.kr/CertificationSite/WA/List?page=119,5423d19ab6f1e22527a26afe515477eea6b0bb296db5cad62149b657de397e91,2026-08-26T03:26:15.578947+00:00,0,0
1236,용인문화재단,용인문화재단,http://www.kwacc.or.kr/CertificationSite/WA/1236/Detail?page=119,https://yicf.or.kr,EXPIRED,2021-07-12,2022-07-11,119,3,http://www.kwacc.or.kr/CertificationSite/WA/List?page=119,5423d19ab6f1e22527a26afe515477eea6b0bb296db5cad62149b657de397e91,2026-08-26T03:26:15.578947+00:00,0,0
1201,미라콤아이앤씨 모바일웹(영문),미라콤아이앤씨,http://www.kwacc.or.kr/CertificationSite/WA/1201/Detail?page=119,https://www.miracom.co.kr/mainEng.do,EXPIRED,2021-07-12,2022-07-11,119,4,http://www.kwacc.or.kr/CertificationSite/WA/List?page=119,5423d19ab6f1e22527a26afe515477eea6b0bb296db5cad62149b657de397e91,2026-08-26T03:26:15.578947+00:00,0,0
1199,미라콤아이앤씨 모바일웹,미라콤아이앤씨,http://www.kwacc.or.kr/CertificationSite/WA/1199/Detail?page=119,https://www.miracom.co.kr/,EXPIRED,2021-07-12,2022-07-11,119,5,http://www.kwacc.or.kr/CertificationSite/WA/List?page=119,5423d19ab6f1e22527a26afe515477eea6b0bb296db5cad62149b657de397e91,2026-08-26T03:26:15.578947+00:00,0,0
1193,미라콤아이앤씨(영문),미라콤아이앤씨,http://www.kwacc.or.kr/CertificationSite/WA/1193/Detail?page=119,https://www.miracom.co.kr/mainEng.do,EXPIRED,2021-07-12,2022-07-11,119,6,http://www.kwacc.or.kr/CertificationSite/WA/List?page=119,5423d19ab6f1e22527a26afe515477eea6b0bb296db5cad62149b657de397e91,2026-08-26T03:26:15.578947+00:00,0,0
1192,미라콤아이앤씨,미라콤아이앤씨,http://www.kwacc.or.kr/CertificationSite/WA/1192/Detail?page=119,https://www.miracom.co.kr/,EXPIRED,2021-07-12,2022-07-11,119,7,http://www.kwacc.or.kr/CertificationSite/WA/List?page=119,5423d19ab6f1e22527a26afe515477eea6b0bb296db5cad62149b657de397e91,2026-08-26T03:26:15.578947+00:00,0,0
1191,국립중앙과학관 자료실,국립중앙과학관,http://www.kwacc.or.kr/CertificationSite/WA/1191/Detail?page=119,https://col.science.go.kr,EXPIRED,2021-07-09,2022-07-08,119,8,http://www.kwacc.or.kr/CertificationSite/WA/List?page=119,5423d19ab6f1e22527a26afe515477eea6b0bb296db5cad62149b657de397e91,2026-08-26T03:26:15.578947+00:00,0,0
1190,국립중앙도서관 공공도서관지원서비스,국립중앙도서관,http://www.kwacc.or.kr/CertificationSite/WA/1190/Detail?page=119,https://books.nl.go.kr,EXPIRED,2021-07-09,2022-07-08,119,9,http://www.kwacc.or.kr/CertificationSite/WA/List?page=119,5423d19ab6f1e22527a26afe515477eea6b0bb296db5cad62149b657de397e91,2026-08-26T03:26:15.578947+00:00,0,0
1198,원격영상진로멘토링,한국청소년기업가정신재단,http://www.kwacc.or.kr/CertificationSite/WA/1198/Detail?page=119,http://mentoring.career.go.kr,EXPIRED,2021-07-06,2022-07-05,119,10,http://www.kwacc.or.kr/CertificationSite/WA/List?page=119,5423d19ab6f1e22527a26afe515477eea6b0bb296db5cad62149b657de397e91,2026-08-26T03:26:15.578947+00:00,0,0
1231,서울시 임신출산 정보센터,서울특별시,http://www.kwacc.or.kr/CertificationSite/WA/1231/Detail?page=120,http://seoul-agi.seoul.go.kr,EXPIRED,2021-07-05,2022-07-04,120,1,http://www.kwacc.or.kr/CertificationSite/WA/List?page=120,e246d7f0ca0f88ad12b7d9dabcecf4b8837560edca88e834e7d9b1f4bd2b199a,2026-08-26T03:26:16.402122+00:00,0,0
1200,미라콤아이앤씨 모바일웹(영문),미라콤아이앤씨,http://www.kwacc.or.kr/CertificationSite/WA/1200/Detail?page=120,https://www.miracom.co.kr/mainEng.do,EXPIRED,2021-07-12,2022-07-11,120,2,http://www.kwacc.or.kr/CertificationSite/WA/List?page=120,e246d7f0ca0f88ad12b7d9dabcecf4b8837560edca88e834e7d9b1f4bd2b199a,2026-08-26T03:26:16.402122+00:00,0,0
1186,경기도시흥교육지원청,시흥교육지원청,http://www.kwacc.or.kr/CertificationSite/WA/1186/Detail?page=120,http://goesh.kr,EXPIRED,2021-06-30,2022-06-29,120,3,http://www.kwacc.or.kr/CertificationSite/WA/List?page=120,e246d7f0ca0f88ad12b7d9dabcecf4b8837560edca88e834e7d9b1f4bd2b199a,2026-08-26T03:26:16.402122+00:00,0,0
1210,한국전력공사(모바일웹),한국전력공사,http://www.kwacc.or.kr/CertificationSite/WA/1210/Detail?page=120,http://home.kepco.co.kr,EXPIRED,2021-06-26,2022-06-25,120,4,http://www.kwacc.or.kr/CertificationSite/WA/List?page=120,e246d7f0ca0f88ad12b7d9dabcecf4b8837560edca88e834e7d9b1f4bd2b199a,2026-08-26T03:26:16.402122+00:00,0,0
1209,한국전력공사,한국전력공사,http://www.kwacc.or.kr/CertificationSite/WA/1209/Detail?page=120,http://home.kepco.co.kr,EXPIRED,2021-06-26,2022-06-25,120,5,http://www.kwacc.or.kr/CertificationSite/WA/List?page=120,e246d7f0ca0f88ad12b7d9dabcecf4b8837560edca88e834e7d9b1f4bd2b199a,2026-08-26T03:26:16.402122+00:00,0,0
1204,남도사이버갤러리,(재)전라남도문화재단,http://www.kwacc.or.kr/CertificationSite/WA/1204/Detail?page=120,http://namdogallery.or.kr,EXPIRED,2021-06-19,2022-06-18,120,6,http://www.kwacc.or.kr/CertificationSite/WA/List?page=120,e246d7f0ca0f88ad12b7d9dabcecf4b8837560edca88e834e7d9b1f4bd2b199a,2026-08-26T03:26:16.402122+00:00,0,0
1183,한국학사서글로벌네트워크,국립중앙도서관,http://www.kwacc.or.kr/CertificationSite/WA/1183/Detail?page=120,https://inkslib.nl.go.kr/,EXPIRED,2021-06-15,2022-06-14,120,7,http://www.kwacc.or.kr/CertificationSite/WA/List?page=120,e246d7f0ca0f88ad12b7d9dabcecf4b8837560edca88e834e7d9b1f4bd2b199a,2026-08-26T03:26:16.402122+00:00,0,0
1181,사서지원서비스,국립중앙도서관,http://www.kwacc.or.kr/CertificationSite/WA/1181/Detail?page=120,http://librarian.nl.go.kr,EXPIRED,2021-06-09,2022-06-08,120,8,http://www.kwacc.or.kr/CertificationSite/WA/List?page=120,e246d7f0ca0f88ad12b7d9dabcecf4b8837560edca88e834e7d9b1f4bd2b199a,2026-08-26T03:26:16.402122+00:00,0,0
1187,성남아트센터,성남문화재단,http://www.kwacc.or.kr/CertificationSite/WA/1187/Detail?page=120,http://www.snart.or.kr,EXPIRED,2021-06-07,2022-06-06,120,9,http://www.kwacc.or.kr/CertificationSite/WA/List?page=120,e246d7f0ca0f88ad12b7d9dabcecf4b8837560edca88e834e7d9b1f4bd2b199a,2026-08-26T03:26:16.402122+00:00,0,0
1179,한국가스공사 동반성장센터,한국가스공사,http://www.kwacc.or.kr/CertificationSite/WA/1179/Detail?page=120,https://jungso.kogas.or.kr:9448/index.jsp,EXPIRED,2021-06-01,2022-05-31,120,10,http://www.kwacc.or.kr/CertificationSite/WA/List?page=120,e246d7f0ca0f88ad12b7d9dabcecf4b8837560edca88e834e7d9b1f4bd2b199a,2026-08-26T03:26:16.402122+00:00,0,0
1178,제천문화관광 홈페이지,제천시,http://www.kwacc.or.kr/CertificationSite/WA/1178/Detail?page=121,http://tour.jecheon.go.kr,EXPIRED,2021-05-31,2022-05-30,121,1,http://www.kwacc.or.kr/CertificationSite/WA/List?page=121,5061595f1a357a2458bfe5696803c7283d75cb56205ab781973566ef27db1114,2026-08-26T03:26:17.186528+00:00,0,0
1189,LG Content Store(모바일웹),LG전자,http://www.kwacc.or.kr/CertificationSite/WA/1189/Detail?page=121,https://kr.lgappstv.com/main,EXPIRED,2021-05-26,2022-05-25,121,2,http://www.kwacc.or.kr/CertificationSite/WA/List?page=121,5061595f1a357a2458bfe5696803c7283d75cb56205ab781973566ef27db1114,2026-08-26T03:26:17.186528+00:00,0,0
1188,LG Content Store,LG전자,http://www.kwacc.or.kr/CertificationSite/WA/1188/Detail?page=121,https://kr.lgappstv.com/,EXPIRED,2021-05-26,2022-05-25,121,3,http://www.kwacc.or.kr/CertificationSite/WA/List?page=121,5061595f1a357a2458bfe5696803c7283d75cb56205ab781973566ef27db1114,2026-08-26T03:26:17.186528+00:00,0,0
1185,한국지능정보사회진흥원 모바일웹,한국지능정보사회진흥원,http://www.kwacc.or.kr/CertificationSite/WA/1185/Detail?page=121,https://www.nia.or.kr/,EXPIRED,2021-05-25,2022-05-24,121,4,http://www.kwacc.or.kr/CertificationSite/WA/List?page=121,5061595f1a357a2458bfe5696803c7283d75cb56205ab781973566ef27db1114,2026-08-26T03:26:17.186528+00:00,0,0
1184,한국지능정보사회진흥원 대표 홈페이지,한국지능정보사회진흥원,http://www.kwacc.or.kr/CertificationSite/WA/1184/Detail?page=121,https://www.nia.or.kr/site/nia_kor/main.do,EXPIRED,2021-05-25,2022-05-24,121,5,http://www.kwacc.or.kr/CertificationSite/WA/List?page=121,5061595f1a357a2458bfe5696803c7283d75cb56205ab781973566ef27db1114,2026-08-26T03:26:17.186528+00:00,0,0
1182,국립중앙도서관,국립중앙도서관,http://www.kwacc.or.kr/CertificationSite/WA/1182/Detail?page=121,https://nl.go.kr,EXPIRED,2021-05-23,2022-05-22,121,6,http://www.kwacc.or.kr/CertificationSite/WA/List?page=121,5061595f1a357a2458bfe5696803c7283d75cb56205ab781973566ef27db1114,2026-08-26T03:26:17.186528+00:00,0,0
1172,경기콘텐츠진흥원 대표 홈페이지,경기콘텐츠진흥원,http://www.kwacc.or.kr/CertificationSite/WA/1172/Detail?page=121,http://gcon.or.kr,EXPIRED,2021-05-04,2022-05-03,121,7,http://www.kwacc.or.kr/CertificationSite/WA/List?page=121,5061595f1a357a2458bfe5696803c7283d75cb56205ab781973566ef27db1114,2026-08-26T03:26:17.186528+00:00,0,0
1170,BYC 홈페이지,(주)BYC,http://www.kwacc.or.kr/CertificationSite/WA/1170/Detail?page=121,http://home.byc.co.kr,EXPIRED,2021-04-29,2022-04-28,121,8,http://www.kwacc.or.kr/CertificationSite/WA/List?page=121,5061595f1a357a2458bfe5696803c7283d75cb56205ab781973566ef27db1114,2026-08-26T03:26:17.186528+00:00,0,0
1153,The-k 저축은행 홈페이지,더케이저축은행,http://www.kwacc.or.kr/CertificationSite/WA/1153/Detail?page=121,https://www.thekbank.co.kr,EXPIRED,2021-04-29,2022-04-28,121,9,http://www.kwacc.or.kr/CertificationSite/WA/List?page=121,5061595f1a357a2458bfe5696803c7283d75cb56205ab781973566ef27db1114,2026-08-26T03:26:17.186528+00:00,0,0
1180,EBS 장애인서비스,한국교육방송공사,http://www.kwacc.or.kr/CertificationSite/WA/1180/Detail?page=121,http://www.ebs.co.kr/free,EXPIRED,2021-04-28,2022-04-27,121,10,http://www.kwacc.or.kr/CertificationSite/WA/List?page=121,5061595f1a357a2458bfe5696803c7283d75cb56205ab781973566ef27db1114,2026-08-26T03:26:17.186528+00:00,0,0
1171,와들 홈페이지,(주)와들,http://www.kwacc.or.kr/CertificationSite/WA/1171/Detail?page=122,http://waddle.gabia.io,EXPIRED,2021-04-26,2022-04-25,122,1,http://www.kwacc.or.kr/CertificationSite/WA/List?page=122,5ced03941914a936dc03a3cc1103110cd2cec0cc1659e417e338d78ccb2af317,2026-08-26T03:26:17.979056+00:00,0,0
1175,시흥도시공사 대표 홈페이지,시흥도시공사,http://www.kwacc.or.kr/CertificationSite/WA/1175/Detail?page=122,http://shsi.or.kr,EXPIRED,2021-04-22,2022-04-21,122,2,http://www.kwacc.or.kr/CertificationSite/WA/List?page=122,5ced03941914a936dc03a3cc1103110cd2cec0cc1659e417e338d78ccb2af317,2026-08-26T03:26:17.979056+00:00,0,0
1177,애큐온저축은행 홈페이지,애큐온저축은행,http://www.kwacc.or.kr/CertificationSite/WA/1177/Detail?page=122,https://www.acuonsb.co.kr,EXPIRED,2021-04-18,2022-04-17,122,3,http://www.kwacc.or.kr/CertificationSite/WA/List?page=122,5ced03941914a936dc03a3cc1103110cd2cec0cc1659e417e338d78ccb2af317,2026-08-26T03:26:17.979056+00:00,0,0
1151,노인일자리 여기 홈페이지,한국노인인력개발원,http://www.kwacc.or.kr/CertificationSite/WA/1151/Detail?page=122,https://www.seniorro.or.kr:4431/seniorro/main/main.do,EXPIRED,2021-04-15,2022-04-14,122,4,http://www.kwacc.or.kr/CertificationSite/WA/List?page=122,5ced03941914a936dc03a3cc1103110cd2cec0cc1659e417e338d78ccb2af317,2026-08-26T03:26:17.979056+00:00,0,0
1150,웹접근성연구소,한국지능정보사회진흥원,http://www.kwacc.or.kr/CertificationSite/WA/1150/Detail?page=122,http://www.wah.or.kr,EXPIRED,2021-04-09,2022-04-08,122,5,http://www.kwacc.or.kr/CertificationSite/WA/List?page=122,5ced03941914a936dc03a3cc1103110cd2cec0cc1659e417e338d78ccb2af317,2026-08-26T03:26:17.979056+00:00,0,0
1152,행복나눔재단 대표 홈페이지,행복나눔재단,http://www.kwacc.or.kr/CertificationSite/WA/1152/Detail?page=122,http://skhappiness.org,EXPIRED,2021-04-04,2022-04-03,122,6,http://www.kwacc.or.kr/CertificationSite/WA/List?page=122,5ced03941914a936dc03a3cc1103110cd2cec0cc1659e417e338d78ccb2af317,2026-08-26T03:26:17.979056+00:00,0,0
1145,하이원리조트 홈페이지,강원랜드,http://www.kwacc.or.kr/CertificationSite/WA/1145/Detail?page=122,https://www.high1.com/,EXPIRED,2021-03-29,2022-03-28,122,7,http://www.kwacc.or.kr/CertificationSite/WA/List?page=122,5ced03941914a936dc03a3cc1103110cd2cec0cc1659e417e338d78ccb2af317,2026-08-26T03:26:17.979056+00:00,0,0
1144,국립한글박물관 홈페이지,국립한글박물관,http://www.kwacc.or.kr/CertificationSite/WA/1144/Detail?page=122,https://www.hangeul.go.kr,EXPIRED,2021-03-22,2022-03-21,122,8,http://www.kwacc.or.kr/CertificationSite/WA/List?page=122,5ced03941914a936dc03a3cc1103110cd2cec0cc1659e417e338d78ccb2af317,2026-08-26T03:26:17.979056+00:00,0,0
1141,정책공약알리미 홈페이지,중앙선거관리위원회,http://www.kwacc.or.kr/CertificationSite/WA/1141/Detail?page=122,http://policy.nec.go.kr,EXPIRED,2021-03-16,2022-03-15,122,9,http://www.kwacc.or.kr/CertificationSite/WA/List?page=122,5ced03941914a936dc03a3cc1103110cd2cec0cc1659e417e338d78ccb2af317,2026-08-26T03:26:17.979056+00:00,0,0
1176,캐논코리아 비즈니스 솔루션(주) 홈페이지,캐논코리아 비즈니스 솔루션(주),http://www.kwacc.or.kr/CertificationSite/WA/1176/Detail?page=122,http://www.canon-bs.co.kr,EXPIRED,2021-03-15,2022-03-14,122,10,http://www.kwacc.or.kr/CertificationSite/WA/List?page=122,5ced03941914a936dc03a3cc1103110cd2cec0cc1659e417e338d78ccb2af317,2026-08-26T03:26:17.979056+00:00,0,0
1146,인천국제공항 홈페이지,인천국제공항공사,http://www.kwacc.or.kr/CertificationSite/WA/1146/Detail?page=123,https://www.airport.kr,EXPIRED,2021-03-15,2022-03-14,123,1,http://www.kwacc.or.kr/CertificationSite/WA/List?page=123,3d7ded5b0ae1c9ba58a4d3c0b1d3e71c32e8c53931699f4044047adc6f378ece,2026-08-26T03:26:18.767054+00:00,0,0
1173,방송통신심의위원회 홈페이지,방송통신심의위원회,http://www.kwacc.or.kr/CertificationSite/WA/1173/Detail?page=123,http://www.kocsc.or.kr,EXPIRED,2021-03-14,2022-03-13,123,2,http://www.kwacc.or.kr/CertificationSite/WA/List?page=123,3d7ded5b0ae1c9ba58a4d3c0b1d3e71c32e8c53931699f4044047adc6f378ece,2026-08-26T03:26:18.767054+00:00,0,0
1149,한전KPS 공식홈페이지,한전KPS,http://www.kwacc.or.kr/CertificationSite/WA/1149/Detail?page=123,http://www.kps.co.kr,EXPIRED,2021-03-13,2022-03-12,123,3,http://www.kwacc.or.kr/CertificationSite/WA/List?page=123,3d7ded5b0ae1c9ba58a4d3c0b1d3e71c32e8c53931699f4044047adc6f378ece,2026-08-26T03:26:18.767054+00:00,0,0
1139,해양관광플랫폼 홈페이지,한국해양재단,http://www.kwacc.or.kr/CertificationSite/WA/1139/Detail?page=123,https://www.oceantrip.or.kr/,EXPIRED,2021-02-10,2022-02-09,123,4,http://www.kwacc.or.kr/CertificationSite/WA/List?page=123,3d7ded5b0ae1c9ba58a4d3c0b1d3e71c32e8c53931699f4044047adc6f378ece,2026-08-26T03:26:18.767054+00:00,0,0
1138,유화증권주식회사,유화증권주식회사,http://www.kwacc.or.kr/CertificationSite/WA/1138/Detail?page=123,http://www.yhs.co.kr,EXPIRED,2021-03-11,2022-03-10,123,5,http://www.kwacc.or.kr/CertificationSite/WA/List?page=123,3d7ded5b0ae1c9ba58a4d3c0b1d3e71c32e8c53931699f4044047adc6f378ece,2026-08-26T03:26:18.767054+00:00,0,0
1174,서울시 메트로9호선 홈페이지,서울시 메트로9호선 주식회사,http://www.kwacc.or.kr/CertificationSite/WA/1174/Detail?page=123,https://www.metro9.co.kr,EXPIRED,2021-03-07,2022-03-06,123,6,http://www.kwacc.or.kr/CertificationSite/WA/List?page=123,3d7ded5b0ae1c9ba58a4d3c0b1d3e71c32e8c53931699f4044047adc6f378ece,2026-08-26T03:26:18.767054+00:00,0,0
1147,화학물질안전원 대표 홈페이지,화학물질안전원,http://www.kwacc.or.kr/CertificationSite/WA/1147/Detail?page=123,https://nics.me.go.kr,EXPIRED,2021-03-03,2022-03-02,123,7,http://www.kwacc.or.kr/CertificationSite/WA/List?page=123,3d7ded5b0ae1c9ba58a4d3c0b1d3e71c32e8c53931699f4044047adc6f378ece,2026-08-26T03:26:18.767054+00:00,0,0
1137,한국식품연구원 전자도서관,한국식품연구원,http://www.kwacc.or.kr/CertificationSite/WA/1137/Detail?page=123,https://lib.kfri.re.kr/,EXPIRED,2021-03-03,2022-03-02,123,8,http://www.kwacc.or.kr/CertificationSite/WA/List?page=123,3d7ded5b0ae1c9ba58a4d3c0b1d3e71c32e8c53931699f4044047adc6f378ece,2026-08-26T03:26:18.767054+00:00,0,0
1131,김해시복지재단 홈페이지,김해시복지재단,http://www.kwacc.or.kr/CertificationSite/WA/1131/Detail?page=123,http://www.ghwf.or.kr,EXPIRED,2021-03-02,2022-03-01,123,9,http://www.kwacc.or.kr/CertificationSite/WA/List?page=123,3d7ded5b0ae1c9ba58a4d3c0b1d3e71c32e8c53931699f4044047adc6f378ece,2026-08-26T03:26:18.767054+00:00,0,0
1148,가치봄영화제 홈페이지,한국농아인협회,http://www.kwacc.or.kr/CertificationSite/WA/1148/Detail?page=123,http://www.pdff.or.kr,EXPIRED,2021-02-21,2022-02-20,123,10,http://www.kwacc.or.kr/CertificationSite/WA/List?page=123,3d7ded5b0ae1c9ba58a4d3c0b1d3e71c32e8c53931699f4044047adc6f378ece,2026-08-26T03:26:18.767054+00:00,0,0
1136,법제처 모바일 웹,법제처,http://www.kwacc.or.kr/CertificationSite/WA/1136/Detail?page=124,https://m.moleg.go.kr,EXPIRED,2021-02-18,2022-02-17,124,1,http://www.kwacc.or.kr/CertificationSite/WA/List?page=124,ca37d130ede4cb6f1b9b9763fdce0a58c691829c139ce0c36cccf74096935a15,2026-08-26T03:26:19.562636+00:00,0,0
1124,법제처 대표 홈페이지,법제처,http://www.kwacc.or.kr/CertificationSite/WA/1124/Detail?page=124,http://www.moleg.go.kr,EXPIRED,2021-02-18,2022-02-17,124,2,http://www.kwacc.or.kr/CertificationSite/WA/List?page=124,ca37d130ede4cb6f1b9b9763fdce0a58c691829c139ce0c36cccf74096935a15,2026-08-26T03:26:19.562636+00:00,0,0
1135,금융규제민원포털,금융위원회,http://www.kwacc.or.kr/CertificationSite/WA/1135/Detail?page=124,https://better.fsc.go.kr,EXPIRED,2021-02-16,2022-02-15,124,3,http://www.kwacc.or.kr/CertificationSite/WA/List?page=124,ca37d130ede4cb6f1b9b9763fdce0a58c691829c139ce0c36cccf74096935a15,2026-08-26T03:26:19.562636+00:00,0,0
1123,분산형 연구 네트워크 홈페이지,한국보건산업진흥원,http://www.kwacc.or.kr/CertificationSite/WA/1123/Detail?page=124,https://hdrn.mohw.go.kr,EXPIRED,2021-02-13,2022-02-12,124,4,http://www.kwacc.or.kr/CertificationSite/WA/List?page=124,ca37d130ede4cb6f1b9b9763fdce0a58c691829c139ce0c36cccf74096935a15,2026-08-26T03:26:19.562636+00:00,0,0
1143,승강기민원24 홈페이지,한국승강기안전공단,http://www.kwacc.or.kr/CertificationSite/WA/1143/Detail?page=124,https://minwon.koelsa.or.kr,EXPIRED,2021-02-11,2022-02-10,124,5,http://www.kwacc.or.kr/CertificationSite/WA/List?page=124,ca37d130ede4cb6f1b9b9763fdce0a58c691829c139ce0c36cccf74096935a15,2026-08-26T03:26:19.562636+00:00,0,0
1140,안산시평생학습원,안산시 평생학습원,http://www.kwacc.or.kr/CertificationSite/WA/1140/Detail?page=124,http://wm.ansan.go.kr,EXPIRED,2021-02-11,2022-02-10,124,6,http://www.kwacc.or.kr/CertificationSite/WA/List?page=124,ca37d130ede4cb6f1b9b9763fdce0a58c691829c139ce0c36cccf74096935a15,2026-08-26T03:26:19.562636+00:00,0,0
1134,인천항보안공사 대표홈페이지,인천항보안공사,http://www.kwacc.or.kr/CertificationSite/WA/1134/Detail?page=124,port.co.kr,EXPIRED,2021-02-09,2022-02-08,124,7,http://www.kwacc.or.kr/CertificationSite/WA/List?page=124,ca37d130ede4cb6f1b9b9763fdce0a58c691829c139ce0c36cccf74096935a15,2026-08-26T03:26:19.562636+00:00,0,0
1133,디지털뉴딜 홈페이지,한국정보화진흥원,http://www.kwacc.or.kr/CertificationSite/WA/1133/Detail?page=124,http://digital.go.kr/front/main/main.do,EXPIRED,2021-02-09,2022-02-08,124,8,http://www.kwacc.or.kr/CertificationSite/WA/List?page=124,ca37d130ede4cb6f1b9b9763fdce0a58c691829c139ce0c36cccf74096935a15,2026-08-26T03:26:19.562636+00:00,0,0
1128,제주항공우주박물관 홈페이지,제주항공우주박물관,http://www.kwacc.or.kr/CertificationSite/WA/1128/Detail?page=124,https://www.jdc-jam.com,EXPIRED,2021-02-08,2022-02-07,124,9,http://www.kwacc.or.kr/CertificationSite/WA/List?page=124,ca37d130ede4cb6f1b9b9763fdce0a58c691829c139ce0c36cccf74096935a15,2026-08-26T03:26:19.562636+00:00,0,0
1126,관악구장애인종합복지관,관악구장애인종합복지관,http://www.kwacc.or.kr/CertificationSite/WA/1126/Detail?page=124,http://sgwga.or.kr,EXPIRED,2021-02-08,2022-02-07,124,10,http://www.kwacc.or.kr/CertificationSite/WA/List?page=124,ca37d130ede4cb6f1b9b9763fdce0a58c691829c139ce0c36cccf74096935a15,2026-08-26T03:26:19.562636+00:00,0,0
1125,한국식품연구원 대표 홈페이지,한국식품연구원,http://www.kwacc.or.kr/CertificationSite/WA/1125/Detail?page=125,https://kfri.re.kr,EXPIRED,2021-02-08,2022-02-07,125,1,http://www.kwacc.or.kr/CertificationSite/WA/List?page=125,36044161d2664449a1f36d0fc7ee25542f211a8c4957bc247a534ac2c5bd9316,2026-08-26T03:26:20.355801+00:00,0,0
1122,보건의료 빅데이터 플랫폼 홈페이지,한국보건산업진흥원,http://www.kwacc.or.kr/CertificationSite/WA/1122/Detail?page=125,https://hcdl.mohw.go.kr,EXPIRED,2021-01-29,2022-01-28,125,2,http://www.kwacc.or.kr/CertificationSite/WA/List?page=125,36044161d2664449a1f36d0fc7ee25542f211a8c4957bc247a534ac2c5bd9316,2026-08-26T03:26:20.355801+00:00,0,0
1142,태권도진흥재단 홈페이지,태권도진흥재단,http://www.kwacc.or.kr/CertificationSite/WA/1142/Detail?page=125,https://www.tpf.or.kr/tpf,EXPIRED,2021-01-23,2022-01-22,125,3,http://www.kwacc.or.kr/CertificationSite/WA/List?page=125,36044161d2664449a1f36d0fc7ee25542f211a8c4957bc247a534ac2c5bd9316,2026-08-26T03:26:20.355801+00:00,0,0
1119,인천투어 홈페이지,인천광역시,http://www.kwacc.or.kr/CertificationSite/WA/1119/Detail?page=125,itour.incheon.go.kr,EXPIRED,2021-01-21,2022-01-20,125,4,http://www.kwacc.or.kr/CertificationSite/WA/List?page=125,36044161d2664449a1f36d0fc7ee25542f211a8c4957bc247a534ac2c5bd9316,2026-08-26T03:26:20.355801+00:00,0,0
1107,채널CJ 홈페이지,CJ그룹,http://www.kwacc.or.kr/CertificationSite/WA/1107/Detail?page=125,https://cjnews.cj.net,EXPIRED,2021-01-21,2022-01-20,125,5,http://www.kwacc.or.kr/CertificationSite/WA/List?page=125,36044161d2664449a1f36d0fc7ee25542f211a8c4957bc247a534ac2c5bd9316,2026-08-26T03:26:20.355801+00:00,0,0
1114,경기도사회적경제센터 대표 홈페이지,경기도일자리재단,http://www.kwacc.or.kr/CertificationSite/WA/1114/Detail?page=125,http://www.gsec.or.kr,EXPIRED,2021-01-19,2022-01-18,125,6,http://www.kwacc.or.kr/CertificationSite/WA/List?page=125,36044161d2664449a1f36d0fc7ee25542f211a8c4957bc247a534ac2c5bd9316,2026-08-26T03:26:20.355801+00:00,0,0
1106,마산장애인자립생활센터 홈페이지,마산장애인자립생활센터,http://www.kwacc.or.kr/CertificationSite/WA/1106/Detail?page=125,http://msil.or.kr,EXPIRED,2021-01-12,2022-01-11,125,7,http://www.kwacc.or.kr/CertificationSite/WA/List?page=125,36044161d2664449a1f36d0fc7ee25542f211a8c4957bc247a534ac2c5bd9316,2026-08-26T03:26:20.355801+00:00,0,0
1105,창원장애인자립생활센터 홈페이지,창원장애인자립생활센터,http://www.kwacc.or.kr/CertificationSite/WA/1105/Detail?page=125,http://cwil.or.kr,EXPIRED,2021-01-12,2022-01-11,125,8,http://www.kwacc.or.kr/CertificationSite/WA/List?page=125,36044161d2664449a1f36d0fc7ee25542f211a8c4957bc247a534ac2c5bd9316,2026-08-26T03:26:20.355801+00:00,0,0
1113,국립축산과학원 대표 홈페이지,국립축산과학원,http://www.kwacc.or.kr/CertificationSite/WA/1113/Detail?page=125,www.nias.go.kr,EXPIRED,2021-01-08,2022-01-07,125,9,http://www.kwacc.or.kr/CertificationSite/WA/List?page=125,36044161d2664449a1f36d0fc7ee25542f211a8c4957bc247a534ac2c5bd9316,2026-08-26T03:26:20.355801+00:00,0,0
1104,사이시옷 홈페이지,주식회사 사이시옷,http://www.kwacc.or.kr/CertificationSite/WA/1104/Detail?page=125,http://saisiot.com,EXPIRED,2021-01-05,2022-01-04,125,10,http://www.kwacc.or.kr/CertificationSite/WA/List?page=125,36044161d2664449a1f36d0fc7ee25542f211a8c4957bc247a534ac2c5bd9316,2026-08-26T03:26:20.355801+00:00,0,0
1103,국립재활원 재활병원 홈페이지,국립재활원,http://www.kwacc.or.kr/CertificationSite/WA/1103/Detail?page=126,http://www.nrc.go.kr/hospital/main.do,EXPIRED,2020-12-31,2021-12-30,126,1,http://www.kwacc.or.kr/CertificationSite/WA/List?page=126,0e49a20c7ed17fbdd53d4133ad382db2ad7d318f41ae38a5450493f7a55e80a0,2026-08-26T03:26:21.143930+00:00,0,0
1102,국립재활원 재활연구소 홈페이지,국립재활원,http://www.kwacc.or.kr/CertificationSite/WA/1102/Detail?page=126,http://www.nrc.go.kr/research/main.do,EXPIRED,2020-12-31,2021-12-30,126,2,http://www.kwacc.or.kr/CertificationSite/WA/List?page=126,0e49a20c7ed17fbdd53d4133ad382db2ad7d318f41ae38a5450493f7a55e80a0,2026-08-26T03:26:21.143930+00:00,0,0
1101,국립재활원 중앙장애인보건의료센터 홈페이지,국립재활원,http://www.kwacc.or.kr/CertificationSite/WA/1101/Detail?page=126,http://www.nrc.go.kr/chmcpd/main.do,EXPIRED,2020-12-31,2021-12-30,126,3,http://www.kwacc.or.kr/CertificationSite/WA/List?page=126,0e49a20c7ed17fbdd53d4133ad382db2ad7d318f41ae38a5450493f7a55e80a0,2026-08-26T03:26:21.143930+00:00,0,0
1100,국립재활원 장애인 건강 및 재활 정보포털 홈페이지,국립재활원,http://www.kwacc.or.kr/CertificationSite/WA/1100/Detail?page=126,http://www.nrc.go.kr/portal/main.do,EXPIRED,2020-12-31,2021-12-30,126,4,http://www.kwacc.or.kr/CertificationSite/WA/List?page=126,0e49a20c7ed17fbdd53d4133ad382db2ad7d318f41ae38a5450493f7a55e80a0,2026-08-26T03:26:21.143930+00:00,0,0
1099,국립재활원 교육지원 홈페이지,국립재활원,http://www.kwacc.or.kr/CertificationSite/WA/1099/Detail?page=126,http://www.nrc.go.kr/education/main.do,EXPIRED,2020-12-31,2021-12-30,126,5,http://www.kwacc.or.kr/CertificationSite/WA/List?page=126,0e49a20c7ed17fbdd53d4133ad382db2ad7d318f41ae38a5450493f7a55e80a0,2026-08-26T03:26:21.143930+00:00,0,0
1098,국립재활원 홈페이지,국립재활원,http://www.kwacc.or.kr/CertificationSite/WA/1098/Detail?page=126,http://www.nrc.go.kr,EXPIRED,2020-12-31,2021-12-30,126,6,http://www.kwacc.or.kr/CertificationSite/WA/List?page=126,0e49a20c7ed17fbdd53d4133ad382db2ad7d318f41ae38a5450493f7a55e80a0,2026-08-26T03:26:21.143930+00:00,0,0
1127,대테러센터 홈페이지,국무조정실,http://www.kwacc.or.kr/CertificationSite/WA/1127/Detail?page=126,www.nctc.go.kr,EXPIRED,2020-12-27,2021-12-26,126,7,http://www.kwacc.or.kr/CertificationSite/WA/List?page=126,0e49a20c7ed17fbdd53d4133ad382db2ad7d318f41ae38a5450493f7a55e80a0,2026-08-26T03:26:21.143930+00:00,0,0
1094,국가트라우마센터 홈페이지,국립정신건강센터,http://www.kwacc.or.kr/CertificationSite/WA/1094/Detail?page=126,https://nct.go.kr,EXPIRED,2020-12-27,2021-12-26,126,8,http://www.kwacc.or.kr/CertificationSite/WA/List?page=126,0e49a20c7ed17fbdd53d4133ad382db2ad7d318f41ae38a5450493f7a55e80a0,2026-08-26T03:26:21.143930+00:00,0,0
1084,현대하이라이프손해사정 대표 홈페이지,현대하이라이프손해사정(주),http://www.kwacc.or.kr/CertificationSite/WA/1084/Detail?page=126,http://www.hi-life.co.kr,EXPIRED,2020-12-26,2021-12-25,126,9,http://www.kwacc.or.kr/CertificationSite/WA/List?page=126,0e49a20c7ed17fbdd53d4133ad382db2ad7d318f41ae38a5450493f7a55e80a0,2026-08-26T03:26:21.143930+00:00,0,0
1120,한국노인인력개발원 홈페이지,한국노인인력개발원,http://www.kwacc.or.kr/CertificationSite/WA/1120/Detail?page=126,https://www.kordi.or.kr,EXPIRED,2020-12-22,2021-12-21,126,10,http://www.kwacc.or.kr/CertificationSite/WA/List?page=126,0e49a20c7ed17fbdd53d4133ad382db2ad7d318f41ae38a5450493f7a55e80a0,2026-08-26T03:26:21.143930+00:00,0,0
1093,국립정신건강센터 정신건강연구소 홈페이지,국립정신건강센터,http://www.kwacc.or.kr/CertificationSite/WA/1093/Detail?page=127,http://ncmh.go.kr/research/main.do,EXPIRED,2020-12-22,2021-12-21,127,1,http://www.kwacc.or.kr/CertificationSite/WA/List?page=127,e5c680a0c97a3f4edc1e662ad94ea2792c6825ea4e1f4fb526147bcc19c24576,2026-08-26T03:26:21.933021+00:00,0,0
1092,국립정신건강센터 정신건강사업부 홈페이지,국립정신건강센터,http://www.kwacc.or.kr/CertificationSite/WA/1092/Detail?page=127,http://ncmh.go.kr/mentalhealth/main.do,EXPIRED,2020-12-22,2021-12-21,127,2,http://www.kwacc.or.kr/CertificationSite/WA/List?page=127,e5c680a0c97a3f4edc1e662ad94ea2792c6825ea4e1f4fb526147bcc19c24576,2026-08-26T03:26:21.933021+00:00,0,0
1091,국립정신건강센터 의료부 홈페이지,국립정신건강센터,http://www.kwacc.or.kr/CertificationSite/WA/1091/Detail?page=127,http://ncmh.go.kr/medical/main.do,EXPIRED,2020-12-22,2021-12-21,127,3,http://www.kwacc.or.kr/CertificationSite/WA/List?page=127,e5c680a0c97a3f4edc1e662ad94ea2792c6825ea4e1f4fb526147bcc19c24576,2026-08-26T03:26:21.933021+00:00,0,0
1090,국립정신건강센터 대표 홈페이지,국립정신건강센터,http://www.kwacc.or.kr/CertificationSite/WA/1090/Detail?page=127,http://ncmh.go.kr/ncmh/main.do,EXPIRED,2020-12-22,2021-12-21,127,4,http://www.kwacc.or.kr/CertificationSite/WA/List?page=127,e5c680a0c97a3f4edc1e662ad94ea2792c6825ea4e1f4fb526147bcc19c24576,2026-08-26T03:26:21.933021+00:00,0,0
1089,국립소록도병원 한센병박물관 홈페이지,국립소록도병원,http://www.kwacc.or.kr/CertificationSite/WA/1089/Detail?page=127,http://sorokdo.go.kr/museum/main.do,EXPIRED,2020-12-22,2021-12-21,127,5,http://www.kwacc.or.kr/CertificationSite/WA/List?page=127,e5c680a0c97a3f4edc1e662ad94ea2792c6825ea4e1f4fb526147bcc19c24576,2026-08-26T03:26:21.933021+00:00,0,0
1087,국립소록도병원 홈페이지,국립소록도병원,http://www.kwacc.or.kr/CertificationSite/WA/1087/Detail?page=127,http://sorokdo.go.kr,EXPIRED,2020-12-22,2021-12-21,127,6,http://www.kwacc.or.kr/CertificationSite/WA/List?page=127,e5c680a0c97a3f4edc1e662ad94ea2792c6825ea4e1f4fb526147bcc19c24576,2026-08-26T03:26:21.933021+00:00,0,0
1096,한국장애인고용공단 모바일 홈페이지,한국장애인고용공단,http://www.kwacc.or.kr/CertificationSite/WA/1096/Detail?page=127,https://m.kead.or.kr,EXPIRED,2020-12-21,2021-12-20,127,7,http://www.kwacc.or.kr/CertificationSite/WA/List?page=127,e5c680a0c97a3f4edc1e662ad94ea2792c6825ea4e1f4fb526147bcc19c24576,2026-08-26T03:26:21.933021+00:00,0,0
1132,일본군'위안부'피해자e-역사관 홈페이지,여성가족부,http://www.kwacc.or.kr/CertificationSite/WA/1132/Detail?page=127,www.hermuseum.go.kr,EXPIRED,2020-12-20,2021-12-19,127,8,http://www.kwacc.or.kr/CertificationSite/WA/List?page=127,e5c680a0c97a3f4edc1e662ad94ea2792c6825ea4e1f4fb526147bcc19c24576,2026-08-26T03:26:21.933021+00:00,0,0
1081,국립마산병원 대표 홈페이지,국립마산병원,http://www.kwacc.or.kr/CertificationSite/WA/1081/Detail?page=127,http://www.mnth.go.kr,EXPIRED,2020-12-20,2021-12-19,127,9,http://www.kwacc.or.kr/CertificationSite/WA/List?page=127,e5c680a0c97a3f4edc1e662ad94ea2792c6825ea4e1f4fb526147bcc19c24576,2026-08-26T03:26:21.933021+00:00,0,0
1080,국립나주병원 대표 홈페이지,국립나주병원,http://www.kwacc.or.kr/CertificationSite/WA/1080/Detail?page=127,http://www.najumh.go.kr,EXPIRED,2020-12-20,2021-12-19,127,10,http://www.kwacc.or.kr/CertificationSite/WA/List?page=127,e5c680a0c97a3f4edc1e662ad94ea2792c6825ea4e1f4fb526147bcc19c24576,2026-08-26T03:26:21.933021+00:00,0,0
1079,국립목포병원 대표 홈페이지,국립목포병원,http://www.kwacc.or.kr/CertificationSite/WA/1079/Detail?page=128,http://www.tbmokpo.go.kr,EXPIRED,2020-12-20,2021-12-19,128,1,http://www.kwacc.or.kr/CertificationSite/WA/List?page=128,804058442a1f3c82720780271a13ce5658cf11a10edce9dd6736c8bd9919fdd3,2026-08-26T03:26:22.729054+00:00,0,0
1112,우체국보험 모바일웹,우정사업정보센터,http://www.kwacc.or.kr/CertificationSite/WA/1112/Detail?page=128,https://m.postinsu.kr:20433,EXPIRED,2020-12-18,2021-12-17,128,2,http://www.kwacc.or.kr/CertificationSite/WA/List?page=128,804058442a1f3c82720780271a13ce5658cf11a10edce9dd6736c8bd9919fdd3,2026-08-26T03:26:22.729054+00:00,0,0
1129,주택관리공단 홈페이지,주택관리공단(주),http://www.kwacc.or.kr/CertificationSite/WA/1129/Detail?page=128,https://www.kohom.or.kr,EXPIRED,2020-12-12,2021-12-11,128,3,http://www.kwacc.or.kr/CertificationSite/WA/List?page=128,804058442a1f3c82720780271a13ce5658cf11a10edce9dd6736c8bd9919fdd3,2026-08-26T03:26:22.729054+00:00,0,0
1121,한국수출입은행 홈페이지,한국수출입은행,http://www.kwacc.or.kr/CertificationSite/WA/1121/Detail?page=128,https://www.koreaexim.go.kr,EXPIRED,2020-12-12,2021-12-11,128,4,http://www.kwacc.or.kr/CertificationSite/WA/List?page=128,804058442a1f3c82720780271a13ce5658cf11a10edce9dd6736c8bd9919fdd3,2026-08-26T03:26:22.729054+00:00,0,0
1115,사회보험통합징수포털 홈페이지,국민건강보험공단,http://www.kwacc.or.kr/CertificationSite/WA/1115/Detail?page=128,http://si4n.nhis.or.kr,EXPIRED,2020-12-12,2021-12-11,128,5,http://www.kwacc.or.kr/CertificationSite/WA/List?page=128,804058442a1f3c82720780271a13ce5658cf11a10edce9dd6736c8bd9919fdd3,2026-08-26T03:26:22.729054+00:00,0,0
1095,주택관리공단 대표 홈페이지,주택관리공단(주),http://www.kwacc.or.kr/CertificationSite/WA/1095/Detail?page=128,https://www.kohom.or.kr,EXPIRED,2020-12-12,2020-12-11,128,6,http://www.kwacc.or.kr/CertificationSite/WA/List?page=128,804058442a1f3c82720780271a13ce5658cf11a10edce9dd6736c8bd9919fdd3,2026-08-26T03:26:22.729054+00:00,0,0
1097,수원문화재단 대표 홈페이지,수원문화재단,http://www.kwacc.or.kr/CertificationSite/WA/1097/Detail?page=128,https://swcf.or.kr,EXPIRED,2020-12-10,2021-12-09,128,7,http://www.kwacc.or.kr/CertificationSite/WA/List?page=128,804058442a1f3c82720780271a13ce5658cf11a10edce9dd6736c8bd9919fdd3,2026-08-26T03:26:22.729054+00:00,0,0
1086,나주시청 대표 홈페이지,나주시청,http://www.kwacc.or.kr/CertificationSite/WA/1086/Detail?page=128,http://www.naju.go.kr,EXPIRED,2020-12-09,2021-12-08,128,8,http://www.kwacc.or.kr/CertificationSite/WA/List?page=128,804058442a1f3c82720780271a13ce5658cf11a10edce9dd6736c8bd9919fdd3,2026-08-26T03:26:22.729054+00:00,0,0
1082,유화증권 대표 홈페이지,유화증권,http://www.kwacc.or.kr/CertificationSite/WA/1082/Detail?page=128,http://www.yhs.co.kr,EXPIRED,2020-12-05,2021-12-04,128,9,http://www.kwacc.or.kr/CertificationSite/WA/List?page=128,804058442a1f3c82720780271a13ce5658cf11a10edce9dd6736c8bd9919fdd3,2026-08-26T03:26:22.729054+00:00,0,0
1085,보건복지상담센터 홈페이지,보건복지부,http://www.kwacc.or.kr/CertificationSite/WA/1085/Detail?page=128,http://www.129.go.kr,EXPIRED,2020-12-04,2021-12-03,128,10,http://www.kwacc.or.kr/CertificationSite/WA/List?page=128,804058442a1f3c82720780271a13ce5658cf11a10edce9dd6736c8bd9919fdd3,2026-08-26T03:26:22.729054+00:00,0,0
1083,정보통신보조기기 홈페이지,한국정보화진흥원,http://www.kwacc.or.kr/CertificationSite/WA/1083/Detail?page=129,https://www.at4u.or.kr,EXPIRED,2020-12-03,2021-12-02,129,1,http://www.kwacc.or.kr/CertificationSite/WA/List?page=129,06b7d8486d26cdddcc8b86c5d74c05c26b27c3cb1297576652fc9e04867fea61,2026-08-26T03:26:23.517291+00:00,0,0
1073,국가균형발전위원회 홈페이지,국가균형발전위원회,http://www.kwacc.or.kr/CertificationSite/WA/1073/Detail?page=129,http://www.balance.go.kr/,EXPIRED,2020-11-30,2021-11-29,129,2,http://www.kwacc.or.kr/CertificationSite/WA/List?page=129,06b7d8486d26cdddcc8b86c5d74c05c26b27c3cb1297576652fc9e04867fea61,2026-08-26T03:26:23.517291+00:00,0,0
1078,이동지원센터 나드리콜 홈페이지,대구시설공단,http://www.kwacc.or.kr/CertificationSite/WA/1078/Detail?page=129,http://11.dgsisul.or.kr,EXPIRED,2020-11-29,2021-11-28,129,3,http://www.kwacc.or.kr/CertificationSite/WA/List?page=129,06b7d8486d26cdddcc8b86c5d74c05c26b27c3cb1297576652fc9e04867fea61,2026-08-26T03:26:23.517291+00:00,0,0
1077,대구시설공단 모바일 홈페이지,대구시설공단,http://www.kwacc.or.kr/CertificationSite/WA/1077/Detail?page=129,http://m.dgsisul.or.kr,EXPIRED,2020-11-29,2021-11-28,129,4,http://www.kwacc.or.kr/CertificationSite/WA/List?page=129,06b7d8486d26cdddcc8b86c5d74c05c26b27c3cb1297576652fc9e04867fea61,2026-08-26T03:26:23.517291+00:00,0,0
1076,대구시설공단 대표 홈페이지,대구시설공단,http://www.kwacc.or.kr/CertificationSite/WA/1076/Detail?page=129,http://www.dgsisul.or.kr,EXPIRED,2020-11-29,2021-11-28,129,5,http://www.kwacc.or.kr/CertificationSite/WA/List?page=129,06b7d8486d26cdddcc8b86c5d74c05c26b27c3cb1297576652fc9e04867fea61,2026-08-26T03:26:23.517291+00:00,0,0
1074,의료기기정보포털 홈페이지,식품의약품안전처,http://www.kwacc.or.kr/CertificationSite/WA/1074/Detail?page=129,https://udiportal.mfds.go.kr,EXPIRED,2020-11-28,2021-11-27,129,6,http://www.kwacc.or.kr/CertificationSite/WA/List?page=129,06b7d8486d26cdddcc8b86c5d74c05c26b27c3cb1297576652fc9e04867fea61,2026-08-26T03:26:23.517291+00:00,0,0
1075,국립민속박물관 대표 홈페이지,국립민속박물관,http://www.kwacc.or.kr/CertificationSite/WA/1075/Detail?page=129,https://www.nfm.go.kr,EXPIRED,2020-11-26,2021-11-25,129,7,http://www.kwacc.or.kr/CertificationSite/WA/List?page=129,06b7d8486d26cdddcc8b86c5d74c05c26b27c3cb1297576652fc9e04867fea61,2026-08-26T03:26:23.517291+00:00,0,0
1071,무안군청 홈페이지,무안군청,http://www.kwacc.or.kr/CertificationSite/WA/1071/Detail?page=129,http://www.muan.go.kr,EXPIRED,2020-11-26,2021-11-25,129,8,http://www.kwacc.or.kr/CertificationSite/WA/List?page=129,06b7d8486d26cdddcc8b86c5d74c05c26b27c3cb1297576652fc9e04867fea61,2026-08-26T03:26:23.517291+00:00,0,0
1069,서대문구청 홈페이지,서대문구청,http://www.kwacc.or.kr/CertificationSite/WA/1069/Detail?page=129,http://www.sdm.go.kr,EXPIRED,2020-11-21,2021-11-20,129,9,http://www.kwacc.or.kr/CertificationSite/WA/List?page=129,06b7d8486d26cdddcc8b86c5d74c05c26b27c3cb1297576652fc9e04867fea61,2026-08-26T03:26:23.517291+00:00,0,0
1066,보건복지부 대표 홈페이지,보건복지부,http://www.kwacc.or.kr/CertificationSite/WA/1066/Detail?page=129,http://www.mohw.go.kr,EXPIRED,2020-11-21,2021-11-20,129,10,http://www.kwacc.or.kr/CertificationSite/WA/List?page=129,06b7d8486d26cdddcc8b86c5d74c05c26b27c3cb1297576652fc9e04867fea61,2026-08-26T03:26:23.517291+00:00,0,0
1065,국립부곡병원 홈페이지,국립부곡병원,http://www.kwacc.or.kr/CertificationSite/WA/1065/Detail?page=130,http://www.bgnmh.go.kr,EXPIRED,2020-11-21,2021-11-20,130,1,http://www.kwacc.or.kr/CertificationSite/WA/List?page=130,5695a60536812c226410234bd0f5c300a4e54fd826823af25560defc9466d775,2026-08-26T03:26:24.310153+00:00,0,0
1064,국립춘천병원 홈페이지,국립춘천병원,http://www.kwacc.or.kr/CertificationSite/WA/1064/Detail?page=130,http://www.cnmh.go.kr,EXPIRED,2020-11-21,2021-11-20,130,2,http://www.kwacc.or.kr/CertificationSite/WA/List?page=130,5695a60536812c226410234bd0f5c300a4e54fd826823af25560defc9466d775,2026-08-26T03:26:24.310153+00:00,0,0
1057,국립공주병원 대표 홈페이지,국립공주병원,http://www.kwacc.or.kr/CertificationSite/WA/1057/Detail?page=130,http://www.knmh.go.kr,EXPIRED,2020-11-21,2021-11-20,130,3,http://www.kwacc.or.kr/CertificationSite/WA/List?page=130,5695a60536812c226410234bd0f5c300a4e54fd826823af25560defc9466d775,2026-08-26T03:26:24.310153+00:00,0,0
1068,이노비즈넷,중소기업기술혁신협회,http://www.kwacc.or.kr/CertificationSite/WA/1068/Detail?page=130,http://www.innobiz.net,EXPIRED,2020-11-20,2021-11-19,130,4,http://www.kwacc.or.kr/CertificationSite/WA/List?page=130,5695a60536812c226410234bd0f5c300a4e54fd826823af25560defc9466d775,2026-08-26T03:26:24.310153+00:00,0,0
1070,KT M Mobile,주식회사 케이티엠모바일,http://www.kwacc.or.kr/CertificationSite/WA/1070/Detail?page=130,https://www.ktmmobile.com/main.do,EXPIRED,2020-11-14,2021-11-13,130,5,http://www.kwacc.or.kr/CertificationSite/WA/List?page=130,5695a60536812c226410234bd0f5c300a4e54fd826823af25560defc9466d775,2026-08-26T03:26:24.310153+00:00,0,0
1060,오송생명과학단지지원센터 홈페이지,오송생명과학단지지원센터,http://www.kwacc.or.kr/CertificationSite/WA/1060/Detail?page=130,http://osong.mohw.go.kr,EXPIRED,2020-11-14,2021-11-13,130,6,http://www.kwacc.or.kr/CertificationSite/WA/List?page=130,5695a60536812c226410234bd0f5c300a4e54fd826823af25560defc9466d775,2026-08-26T03:26:24.310153+00:00,0,0
1062,김포시청소년재단 대표 홈페이지,재단법인 김포시청소년재단,http://www.kwacc.or.kr/CertificationSite/WA/1062/Detail?page=130,https://www.fgy.or.kr,EXPIRED,2020-11-13,2021-11-12,130,7,http://www.kwacc.or.kr/CertificationSite/WA/List?page=130,5695a60536812c226410234bd0f5c300a4e54fd826823af25560defc9466d775,2026-08-26T03:26:24.310153+00:00,0,0
1063,한국장애인고용공단 대표 홈페이지,한국장애인고용공단,http://www.kwacc.or.kr/CertificationSite/WA/1063/Detail?page=130,https://www.kead.or.kr,EXPIRED,2020-11-10,2021-11-09,130,8,http://www.kwacc.or.kr/CertificationSite/WA/List?page=130,5695a60536812c226410234bd0f5c300a4e54fd826823af25560defc9466d775,2026-08-26T03:26:24.310153+00:00,0,0
1059,학생/학부모 인증서 발급 대표 홈페이지,한국정보인증,http://www.kwacc.or.kr/CertificationSite/WA/1059/Detail?page=130,https://keris.signgate.com,EXPIRED,2020-11-10,2021-11-09,130,9,http://www.kwacc.or.kr/CertificationSite/WA/List?page=130,5695a60536812c226410234bd0f5c300a4e54fd826823af25560defc9466d775,2026-08-26T03:26:24.310153+00:00,0,0
1072,한전산업개발(주) 홈페이지,한전산업개발(주),http://www.kwacc.or.kr/CertificationSite/WA/1072/Detail?page=130,http://www.kepid.co.kr/home/index.asp,EXPIRED,2020-11-08,2021-11-07,130,10,http://www.kwacc.or.kr/CertificationSite/WA/List?page=130,5695a60536812c226410234bd0f5c300a4e54fd826823af25560defc9466d775,2026-08-26T03:26:24.310153+00:00,0,0
1061,4대사회보험 모바일 홈페이지,국민연금공단,http://www.kwacc.or.kr/CertificationSite/WA/1061/Detail?page=131,http://m.4insure.or.kr,EXPIRED,2020-11-05,2021-11-04,131,1,http://www.kwacc.or.kr/CertificationSite/WA/List?page=131,c410b30aeb8d475c4906245eb80c3c3d08c63c0bba1e66acd3cec1d51c635d29,2026-08-26T03:26:25.095862+00:00,0,0
1067,T-together 대표 홈페이지,SK텔레콤 (주),http://www.kwacc.or.kr/CertificationSite/WA/1067/Detail?page=131,http://ttogether.sktelecom.com,EXPIRED,2020-11-02,2021-11-01,131,2,http://www.kwacc.or.kr/CertificationSite/WA/List?page=131,c410b30aeb8d475c4906245eb80c3c3d08c63c0bba1e66acd3cec1d51c635d29,2026-08-26T03:26:25.095862+00:00,0,0
1058,지방공공기관 경영정보공개시스템 홈페이지,행정안전부,http://www.kwacc.or.kr/CertificationSite/WA/1058/Detail?page=131,http://www.cleaneye.go.kr,EXPIRED,2020-11-01,2021-10-31,131,3,http://www.kwacc.or.kr/CertificationSite/WA/List?page=131,c410b30aeb8d475c4906245eb80c3c3d08c63c0bba1e66acd3cec1d51c635d29,2026-08-26T03:26:25.095862+00:00,0,0
1056,경기도장애인복지종합지원센터 누림 홈페이지,경기도장애인복지종합지원센터,http://www.kwacc.or.kr/CertificationSite/WA/1056/Detail?page=131,https://www.ggnurim.or.kr/,EXPIRED,2020-10-30,2021-10-29,131,4,http://www.kwacc.or.kr/CertificationSite/WA/List?page=131,c410b30aeb8d475c4906245eb80c3c3d08c63c0bba1e66acd3cec1d51c635d29,2026-08-26T03:26:25.095862+00:00,0,0
1118,대한민국 의무경찰 홈페이지,경찰청,http://www.kwacc.or.kr/CertificationSite/WA/1118/Detail?page=131,https://ap.police.go.kr,EXPIRED,2020-10-26,2021-10-25,131,5,http://www.kwacc.or.kr/CertificationSite/WA/List?page=131,c410b30aeb8d475c4906245eb80c3c3d08c63c0bba1e66acd3cec1d51c635d29,2026-08-26T03:26:25.095862+00:00,0,0
1048,One Health 항생제 내성균 홈페이지,질병관리청,http://www.kwacc.or.kr/CertificationSite/WA/1048/Detail?page=131,www.cdc.go.kr/nohas,EXPIRED,2020-10-26,2021-10-25,131,6,http://www.kwacc.or.kr/CertificationSite/WA/List?page=131,c410b30aeb8d475c4906245eb80c3c3d08c63c0bba1e66acd3cec1d51c635d29,2026-08-26T03:26:25.095862+00:00,0,0
1049,수원도시공사 대표 홈페이지,수원도시공사,http://www.kwacc.or.kr/CertificationSite/WA/1049/Detail?page=131,https://www.suwonudc.co.kr,EXPIRED,2020-10-24,2021-10-23,131,7,http://www.kwacc.or.kr/CertificationSite/WA/List?page=131,c410b30aeb8d475c4906245eb80c3c3d08c63c0bba1e66acd3cec1d51c635d29,2026-08-26T03:26:25.095862+00:00,0,0
1050,문화체육관광부 i-나루,문화체육관광부,http://www.kwacc.or.kr/CertificationSite/WA/1050/Detail?page=131,https://inaru.mcst.go.kr,EXPIRED,2020-10-23,2021-10-22,131,8,http://www.kwacc.or.kr/CertificationSite/WA/List?page=131,c410b30aeb8d475c4906245eb80c3c3d08c63c0bba1e66acd3cec1d51c635d29,2026-08-26T03:26:25.095862+00:00,0,0
1054,성남시청소년재단 홈페이지,성남시청소년재단,http://www.kwacc.or.kr/CertificationSite/WA/1054/Detail?page=131,https://www.snyouth.or.kr/index.do,EXPIRED,2020-10-22,2021-10-21,131,9,http://www.kwacc.or.kr/CertificationSite/WA/List?page=131,c410b30aeb8d475c4906245eb80c3c3d08c63c0bba1e66acd3cec1d51c635d29,2026-08-26T03:26:25.095862+00:00,0,0
1052,국립장기조직혈액관리원 홈페이지,국립장기조직혈액관리원,http://www.kwacc.or.kr/CertificationSite/WA/1052/Detail?page=131,https://www.konos.go.kr,EXPIRED,2020-10-20,2021-10-19,131,10,http://www.kwacc.or.kr/CertificationSite/WA/List?page=131,c410b30aeb8d475c4906245eb80c3c3d08c63c0bba1e66acd3cec1d51c635d29,2026-08-26T03:26:25.095862+00:00,0,0
1055,대원대학교 홈페이지,대원대학교,http://www.kwacc.or.kr/CertificationSite/WA/1055/Detail?page=132,https://www.daewon.ac.kr,EXPIRED,2020-10-19,2021-10-18,132,1,http://www.kwacc.or.kr/CertificationSite/WA/List?page=132,0458cdd48496983f1af659fb76b3e18c8c1952dc192c2deb4d7e92a9f4d508d5,2026-08-26T03:26:25.888110+00:00,0,0
1053,해양경찰청 대표 홈페이지,해양경찰청,http://www.kwacc.or.kr/CertificationSite/WA/1053/Detail?page=132,http://www.kcg.go.kr,EXPIRED,2020-10-12,2021-10-11,132,2,http://www.kwacc.or.kr/CertificationSite/WA/List?page=132,0458cdd48496983f1af659fb76b3e18c8c1952dc192c2deb4d7e92a9f4d508d5,2026-08-26T03:26:25.888110+00:00,0,0
1041,현대HDS 홈페이지,현대HDS(주),http://www.kwacc.or.kr/CertificationSite/WA/1041/Detail?page=132,https://www.hyundaihds.com,EXPIRED,2020-10-10,2021-10-09,132,3,http://www.kwacc.or.kr/CertificationSite/WA/List?page=132,0458cdd48496983f1af659fb76b3e18c8c1952dc192c2deb4d7e92a9f4d508d5,2026-08-26T03:26:25.888110+00:00,0,0
1051,인사혁신처 대표 홈페이지,인사혁신처,http://www.kwacc.or.kr/CertificationSite/WA/1051/Detail?page=132,www.mpm.go.kr,EXPIRED,2020-09-28,2021-09-27,132,4,http://www.kwacc.or.kr/CertificationSite/WA/List?page=132,0458cdd48496983f1af659fb76b3e18c8c1952dc192c2deb4d7e92a9f4d508d5,2026-08-26T03:26:25.888110+00:00,0,0
1043,한국장애인고용공단 채용 홈페이지,한국장애인고용공단,http://www.kwacc.or.kr/CertificationSite/WA/1043/Detail?page=132,https://recruit.esingo.or.kr,EXPIRED,2020-09-28,2021-09-27,132,5,http://www.kwacc.or.kr/CertificationSite/WA/List?page=132,0458cdd48496983f1af659fb76b3e18c8c1952dc192c2deb4d7e92a9f4d508d5,2026-08-26T03:26:25.888110+00:00,0,0
1046,한국서부발전(주),한국서부발전(주),http://www.kwacc.or.kr/CertificationSite/WA/1046/Detail?page=132,http://www.iwest.co.kr,EXPIRED,2020-09-25,2021-09-24,132,6,http://www.kwacc.or.kr/CertificationSite/WA/List?page=132,0458cdd48496983f1af659fb76b3e18c8c1952dc192c2deb4d7e92a9f4d508d5,2026-08-26T03:26:25.888110+00:00,0,0
1042,삼성전자승마단,삼성전자(주),http://www.kwacc.or.kr/CertificationSite/WA/1042/Detail?page=132,https://horse.samsung.com,EXPIRED,2020-09-12,2021-09-11,132,7,http://www.kwacc.or.kr/CertificationSite/WA/List?page=132,0458cdd48496983f1af659fb76b3e18c8c1952dc192c2deb4d7e92a9f4d508d5,2026-08-26T03:26:25.888110+00:00,0,0
1038,국민정보화교육,한국정보화진흥원,http://www.kwacc.or.kr/CertificationSite/WA/1038/Detail?page=132,http://www.itstudy.or.kr/,EXPIRED,2020-09-08,2021-09-07,132,8,http://www.kwacc.or.kr/CertificationSite/WA/List?page=132,0458cdd48496983f1af659fb76b3e18c8c1952dc192c2deb4d7e92a9f4d508d5,2026-08-26T03:26:25.888110+00:00,0,0
1032,방송문화진흥회 홈페이지,방송문화진흥회,http://www.kwacc.or.kr/CertificationSite/WA/1032/Detail?page=132,www.fbc.or.kr,EXPIRED,2020-09-05,2021-09-04,132,9,http://www.kwacc.or.kr/CertificationSite/WA/List?page=132,0458cdd48496983f1af659fb76b3e18c8c1952dc192c2deb4d7e92a9f4d508d5,2026-08-26T03:26:25.888110+00:00,0,0
1039,한국농어촌공사 대표홈페이지,한국농어촌공사,http://www.kwacc.or.kr/CertificationSite/WA/1039/Detail?page=132,https://www.ekr.or.kr,EXPIRED,2020-09-04,2021-09-03,132,10,http://www.kwacc.or.kr/CertificationSite/WA/List?page=132,0458cdd48496983f1af659fb76b3e18c8c1952dc192c2deb4d7e92a9f4d508d5,2026-08-26T03:26:25.888110+00:00,0,0
1037,한국정보인증 Signgate 서비스,한국정보인증,http://www.kwacc.or.kr/CertificationSite/WA/1037/Detail?page=133,https://www.signgate.com,EXPIRED,2020-09-04,2021-09-03,133,1,http://www.kwacc.or.kr/CertificationSite/WA/List?page=133,31dbf0951f98d04b9da6ecbb4fafc6155c0a05071b90d1631e2b5827c9f7b1f6,2026-08-26T03:26:26.678443+00:00,0,0
1036,서울시각장애인 생활이동지원센터 홈페이지,서울시각장애인 생활이동지원센터,http://www.kwacc.or.kr/CertificationSite/WA/1036/Detail?page=133,https://kbucall.org,EXPIRED,2020-09-04,2021-09-03,133,2,http://www.kwacc.or.kr/CertificationSite/WA/List?page=133,31dbf0951f98d04b9da6ecbb4fafc6155c0a05071b90d1631e2b5827c9f7b1f6,2026-08-26T03:26:26.678443+00:00,0,0
1035,청소년기업가체험프로그램 홈페이지,한국청년기업가정신재단,http://www.kwacc.or.kr/CertificationSite/WA/1035/Detail?page=133,http://yeep.kr,EXPIRED,2020-09-03,2021-09-02,133,3,http://www.kwacc.or.kr/CertificationSite/WA/List?page=133,31dbf0951f98d04b9da6ecbb4fafc6155c0a05071b90d1631e2b5827c9f7b1f6,2026-08-26T03:26:26.678443+00:00,0,0
1045,우체국택배,우정사업본부 우정사업정보센터,http://www.kwacc.or.kr/CertificationSite/WA/1045/Detail?page=133,http://parcel.epost.go.kr,EXPIRED,2020-09-01,2021-08-31,133,4,http://www.kwacc.or.kr/CertificationSite/WA/List?page=133,31dbf0951f98d04b9da6ecbb4fafc6155c0a05071b90d1631e2b5827c9f7b1f6,2026-08-26T03:26:26.678443+00:00,0,0
1031,한국승강기안전기술원 안전인증포털,한국승강기안전기술원,http://www.kwacc.or.kr/CertificationSite/WA/1031/Detail?page=133,https://esti.koelsa.or.kr,EXPIRED,2020-08-25,2021-08-24,133,5,http://www.kwacc.or.kr/CertificationSite/WA/List?page=133,31dbf0951f98d04b9da6ecbb4fafc6155c0a05071b90d1631e2b5827c9f7b1f6,2026-08-26T03:26:26.678443+00:00,0,0
1029,커리어넷,한국직업능력개발원,http://www.kwacc.or.kr/CertificationSite/WA/1029/Detail?page=133,http://www.career.go.kr,EXPIRED,2020-08-14,2021-08-13,133,6,http://www.kwacc.or.kr/CertificationSite/WA/List?page=133,31dbf0951f98d04b9da6ecbb4fafc6155c0a05071b90d1631e2b5827c9f7b1f6,2026-08-26T03:26:26.678443+00:00,0,0
1044,대한결핵협회,대한결핵협회,http://www.kwacc.or.kr/CertificationSite/WA/1044/Detail?page=133,www.knta.or.kr,EXPIRED,2020-08-07,2021-08-06,133,7,http://www.kwacc.or.kr/CertificationSite/WA/List?page=133,31dbf0951f98d04b9da6ecbb4fafc6155c0a05071b90d1631e2b5827c9f7b1f6,2026-08-26T03:26:26.678443+00:00,0,0
1026,한국정보인증 SIGNRA 서비스,한국정보인증,http://www.kwacc.or.kr/CertificationSite/WA/1026/Detail?page=133,https://g2b.signra.com:4433/web-signra,EXPIRED,2020-08-07,2021-08-06,133,8,http://www.kwacc.or.kr/CertificationSite/WA/List?page=133,31dbf0951f98d04b9da6ecbb4fafc6155c0a05071b90d1631e2b5827c9f7b1f6,2026-08-26T03:26:26.678443+00:00,0,0
1025,창원장애인인권센터 대표 홈페이지,창원장애인인권센터,http://www.kwacc.or.kr/CertificationSite/WA/1025/Detail?page=133,http://www.cwdhl.com,EXPIRED,2020-08-07,2021-08-06,133,9,http://www.kwacc.or.kr/CertificationSite/WA/List?page=133,31dbf0951f98d04b9da6ecbb4fafc6155c0a05071b90d1631e2b5827c9f7b1f6,2026-08-26T03:26:26.678443+00:00,0,0
1024,마산장애인인권센터 대표 홈페이지,마산장애인인권센터,http://www.kwacc.or.kr/CertificationSite/WA/1024/Detail?page=133,http://www.msdhl.or.kr,EXPIRED,2020-08-07,2021-08-06,133,10,http://www.kwacc.or.kr/CertificationSite/WA/List?page=133,31dbf0951f98d04b9da6ecbb4fafc6155c0a05071b90d1631e2b5827c9f7b1f6,2026-08-26T03:26:26.678443+00:00,0,0
1047,완도군청,완도군청,http://www.kwacc.or.kr/CertificationSite/WA/1047/Detail?page=134,http://www.wando.go.kr,EXPIRED,2020-08-06,2021-08-05,134,1,http://www.kwacc.or.kr/CertificationSite/WA/List?page=134,cad259d16a48b08bdef4265ca253528c0005b74b09f1a3a40f08ea205ad95a06,2026-08-26T03:26:27.513805+00:00,0,0
1021,한국전력공사 모바일 홈페이지,한국전력공사,http://www.kwacc.or.kr/CertificationSite/WA/1021/Detail?page=134,home.kepco.co.kr,EXPIRED,2020-07-31,2021-07-30,134,2,http://www.kwacc.or.kr/CertificationSite/WA/List?page=134,cad259d16a48b08bdef4265ca253528c0005b74b09f1a3a40f08ea205ad95a06,2026-08-26T03:26:27.513805+00:00,0,0
1034,목포시청 대표 홈페이지,목포시청,http://www.kwacc.or.kr/CertificationSite/WA/1034/Detail?page=134,http://www.mokpo.go.kr/www,EXPIRED,2020-07-27,2021-07-26,134,3,http://www.kwacc.or.kr/CertificationSite/WA/List?page=134,cad259d16a48b08bdef4265ca253528c0005b74b09f1a3a40f08ea205ad95a06,2026-08-26T03:26:27.513805+00:00,0,0
1030,강진군청 홈페이지,강진군청,http://www.kwacc.or.kr/CertificationSite/WA/1030/Detail?page=134,http://www.gangjin.go.kr/www/,EXPIRED,2020-07-24,2021-07-23,134,4,http://www.kwacc.or.kr/CertificationSite/WA/List?page=134,cad259d16a48b08bdef4265ca253528c0005b74b09f1a3a40f08ea205ad95a06,2026-08-26T03:26:27.513805+00:00,0,0
1019,보성군청 대표 홈페이지,보성군청,http://www.kwacc.or.kr/CertificationSite/WA/1019/Detail?page=134,http://www.boseong.go.kr,EXPIRED,2020-07-24,2021-07-23,134,5,http://www.kwacc.or.kr/CertificationSite/WA/List?page=134,cad259d16a48b08bdef4265ca253528c0005b74b09f1a3a40f08ea205ad95a06,2026-08-26T03:26:27.513805+00:00,0,0
1028,영양군청,영양군청,http://www.kwacc.or.kr/CertificationSite/WA/1028/Detail?page=134,http://www.yyg.go.kr/?main=true,EXPIRED,2020-07-21,2021-07-20,134,6,http://www.kwacc.or.kr/CertificationSite/WA/List?page=134,cad259d16a48b08bdef4265ca253528c0005b74b09f1a3a40f08ea205ad95a06,2026-08-26T03:26:27.513805+00:00,0,0
1016,팔달구청 대표 홈페이지,팔달구청,http://www.kwacc.or.kr/CertificationSite/WA/1016/Detail?page=134,https://paldal.suwon.go.kr,EXPIRED,2020-07-16,2021-07-15,134,7,http://www.kwacc.or.kr/CertificationSite/WA/List?page=134,cad259d16a48b08bdef4265ca253528c0005b74b09f1a3a40f08ea205ad95a06,2026-08-26T03:26:27.513805+00:00,0,0
1015,노인일자리 대표 홈페이지,(재)한국노인인력개발원,http://www.kwacc.or.kr/CertificationSite/WA/1015/Detail?page=134,https://www.seniorro.or.kr:4431/main/main.do,EXPIRED,2020-07-15,2021-07-14,134,8,http://www.kwacc.or.kr/CertificationSite/WA/List?page=134,cad259d16a48b08bdef4265ca253528c0005b74b09f1a3a40f08ea205ad95a06,2026-08-26T03:26:27.513805+00:00,0,0
1023,장흥군청 대표 홈페이지,장흥군청,http://www.kwacc.or.kr/CertificationSite/WA/1023/Detail?page=134,http://www.jangheung.go.kr/?main=true,EXPIRED,2020-07-14,2021-07-13,134,9,http://www.kwacc.or.kr/CertificationSite/WA/List?page=134,cad259d16a48b08bdef4265ca253528c0005b74b09f1a3a40f08ea205ad95a06,2026-08-26T03:26:27.513805+00:00,0,0
1018,용인문화재단 대표 홈페이지,(재)용인문화재단,http://www.kwacc.or.kr/CertificationSite/WA/1018/Detail?page=134,https://www.yicf.or.kr/mainPage.do,EXPIRED,2020-07-12,2021-07-11,134,10,http://www.kwacc.or.kr/CertificationSite/WA/List?page=134,cad259d16a48b08bdef4265ca253528c0005b74b09f1a3a40f08ea205ad95a06,2026-08-26T03:26:27.513805+00:00,0,0
1012,미라콤아이앤씨 모바일웹(영문),미라콤아이앤씨,http://www.kwacc.or.kr/CertificationSite/WA/1012/Detail?page=135,https://www.miracom.co.kr/mainEng.do,EXPIRED,2020-07-12,2021-07-11,135,1,http://www.kwacc.or.kr/CertificationSite/WA/List?page=135,8e17de2acbf07759e7d266343a4cd9c9913146fc4392e5af125fc3f33e21f8e6,2026-08-26T03:26:29.247088+00:00,0,0
1011,미라콤아이앤씨(영문),미라콤아이앤씨,http://www.kwacc.or.kr/CertificationSite/WA/1011/Detail?page=135,https://www.miracom.co.kr/mainEng.do,EXPIRED,2020-07-12,2021-07-11,135,2,http://www.kwacc.or.kr/CertificationSite/WA/List?page=135,8e17de2acbf07759e7d266343a4cd9c9913146fc4392e5af125fc3f33e21f8e6,2026-08-26T03:26:29.247088+00:00,0,0
1010,미라콤아이앤씨 모바일웹(국문),미라콤아이앤씨,http://www.kwacc.or.kr/CertificationSite/WA/1010/Detail?page=135,https://www.miracom.co.kr/,EXPIRED,2020-07-12,2021-07-11,135,3,http://www.kwacc.or.kr/CertificationSite/WA/List?page=135,8e17de2acbf07759e7d266343a4cd9c9913146fc4392e5af125fc3f33e21f8e6,2026-08-26T03:26:29.247088+00:00,0,0
1009,미라콤아이앤씨(국문),미라콤아이앤씨,http://www.kwacc.or.kr/CertificationSite/WA/1009/Detail?page=135,https://www.miracom.co.kr/,EXPIRED,2020-07-12,2021-07-11,135,4,http://www.kwacc.or.kr/CertificationSite/WA/List?page=135,8e17de2acbf07759e7d266343a4cd9c9913146fc4392e5af125fc3f33e21f8e6,2026-08-26T03:26:29.247088+00:00,0,0
1117,KC대학교 홈페이지,KC대학교,http://www.kwacc.or.kr/CertificationSite/WA/1117/Detail?page=135,http://kcu.ac.kr,EXPIRED,2020-07-07,2021-07-06,135,5,http://www.kwacc.or.kr/CertificationSite/WA/List?page=135,8e17de2acbf07759e7d266343a4cd9c9913146fc4392e5af125fc3f33e21f8e6,2026-08-26T03:26:29.247088+00:00,0,0
1004,월드프렌즈 ICT봉사단,한국정보화진흥원,http://www.kwacc.or.kr/CertificationSite/WA/1004/Detail?page=135,https://kiv.nia.or.kr/,EXPIRED,2020-07-07,2021-07-06,135,6,http://www.kwacc.or.kr/CertificationSite/WA/List?page=135,8e17de2acbf07759e7d266343a4cd9c9913146fc4392e5af125fc3f33e21f8e6,2026-08-26T03:26:29.247088+00:00,0,0
1003,라자드코리아자산운용,라자드코리아자산운용,http://www.kwacc.or.kr/CertificationSite/WA/1003/Detail?page=135,https://www.lazardassetmanagement.com/kr/ko_kr,EXPIRED,2020-07-07,2021-07-06,135,7,http://www.kwacc.or.kr/CertificationSite/WA/List?page=135,8e17de2acbf07759e7d266343a4cd9c9913146fc4392e5af125fc3f33e21f8e6,2026-08-26T03:26:29.247088+00:00,0,0
1022,원격영상진로멘토링 대표 홈페이지,한국청소년기업가정신재단,http://www.kwacc.or.kr/CertificationSite/WA/1022/Detail?page=135,mentoring.career.go.kr,EXPIRED,2020-07-06,2021-07-05,135,8,http://www.kwacc.or.kr/CertificationSite/WA/List?page=135,8e17de2acbf07759e7d266343a4cd9c9913146fc4392e5af125fc3f33e21f8e6,2026-08-26T03:26:29.247088+00:00,0,0
1017,예스이십사 전자도서관,예스이십사(주),http://www.kwacc.or.kr/CertificationSite/WA/1017/Detail?page=135,http://ebook.yes24library.com,EXPIRED,2020-07-01,2021-06-30,135,9,http://www.kwacc.or.kr/CertificationSite/WA/List?page=135,8e17de2acbf07759e7d266343a4cd9c9913146fc4392e5af125fc3f33e21f8e6,2026-08-26T03:26:29.247088+00:00,0,0
1020,한국전력공사 대표 홈페이지,한국전력공사,http://www.kwacc.or.kr/CertificationSite/WA/1020/Detail?page=135,http://home.kepco.co.kr,EXPIRED,2020-06-26,2021-06-25,135,10,http://www.kwacc.or.kr/CertificationSite/WA/List?page=135,8e17de2acbf07759e7d266343a4cd9c9913146fc4392e5af125fc3f33e21f8e6,2026-08-26T03:26:29.247088+00:00,0,0
1014,남도사이버갤러리 대표 홈페이지,전라남도 문화관광재단,http://www.kwacc.or.kr/CertificationSite/WA/1014/Detail?page=136,namdogallery.or.kr,EXPIRED,2020-06-19,2021-06-18,136,1,http://www.kwacc.or.kr/CertificationSite/WA/List?page=136,1cf9ad49ac063aeb550903bb38fb513f5a11661f5865fce1aba6a4f6cb29126c,2026-08-26T03:26:30.038154+00:00,0,0
1013,성남아트센터 대표 홈페이지,성남아트센터,http://www.kwacc.or.kr/CertificationSite/WA/1013/Detail?page=136,http://www.snart.or.kr,EXPIRED,2020-06-07,2021-06-06,136,2,http://www.kwacc.or.kr/CertificationSite/WA/List?page=136,1cf9ad49ac063aeb550903bb38fb513f5a11661f5865fce1aba6a4f6cb29126c,2026-08-26T03:26:30.038154+00:00,0,0
997,롯데캐피탈 홈페이지,롯데캐피탈(주),http://www.kwacc.or.kr/CertificationSite/WA/997/Detail?page=136,http://www.lottecap.com,EXPIRED,2020-06-02,2021-06-01,136,3,http://www.kwacc.or.kr/CertificationSite/WA/List?page=136,1cf9ad49ac063aeb550903bb38fb513f5a11661f5865fce1aba6a4f6cb29126c,2026-08-26T03:26:30.038154+00:00,0,0
1130,LG Content Store 대표 홈페이지,LG 전자,http://www.kwacc.or.kr/CertificationSite/WA/1130/Detail?page=136,https://kr.lgappstv.com/main,EXPIRED,2020-05-26,2021-05-25,136,4,http://www.kwacc.or.kr/CertificationSite/WA/List?page=136,1cf9ad49ac063aeb550903bb38fb513f5a11661f5865fce1aba6a4f6cb29126c,2026-08-26T03:26:30.038154+00:00,0,0
1008,LG Content Store 모바일웹,LG전자㈜,http://www.kwacc.or.kr/CertificationSite/WA/1008/Detail?page=136,https://kr.lgappstv.com/main,EXPIRED,2020-05-26,2021-05-25,136,5,http://www.kwacc.or.kr/CertificationSite/WA/List?page=136,1cf9ad49ac063aeb550903bb38fb513f5a11661f5865fce1aba6a4f6cb29126c,2026-08-26T03:26:30.038154+00:00,0,0
1007,LG Content Store,LG전자㈜,http://www.kwacc.or.kr/CertificationSite/WA/1007/Detail?page=136,https://www.lgappstv.com,EXPIRED,2020-05-26,2021-05-25,136,6,http://www.kwacc.or.kr/CertificationSite/WA/List?page=136,1cf9ad49ac063aeb550903bb38fb513f5a11661f5865fce1aba6a4f6cb29126c,2026-08-26T03:26:30.038154+00:00,0,0
1006,한국정보화진흥원 모바일웹,한국정보화진흥원,http://www.kwacc.or.kr/CertificationSite/WA/1006/Detail?page=136,https://www.nia.or.kr,EXPIRED,2020-05-25,2021-05-24,136,7,http://www.kwacc.or.kr/CertificationSite/WA/List?page=136,1cf9ad49ac063aeb550903bb38fb513f5a11661f5865fce1aba6a4f6cb29126c,2026-08-26T03:26:30.038154+00:00,0,0
1005,한국정보화진흥원,한국정보화진흥원,http://www.kwacc.or.kr/CertificationSite/WA/1005/Detail?page=136,https://www.nia.or.kr,EXPIRED,2020-05-25,2021-05-24,136,8,http://www.kwacc.or.kr/CertificationSite/WA/List?page=136,1cf9ad49ac063aeb550903bb38fb513f5a11661f5865fce1aba6a4f6cb29126c,2026-08-26T03:26:30.038154+00:00,0,0
996,울산광역시시각장애인복지관 대표 홈페이지,울산광역시시각장애인복지관,http://www.kwacc.or.kr/CertificationSite/WA/996/Detail?page=136,http://www.ubr.or.kr,EXPIRED,2020-05-21,2021-05-20,136,9,http://www.kwacc.or.kr/CertificationSite/WA/List?page=136,1cf9ad49ac063aeb550903bb38fb513f5a11661f5865fce1aba6a4f6cb29126c,2026-08-26T03:26:30.038154+00:00,0,0
990,제주물홍보관(영문) 대표 홈페이지,제주개발공사,http://www.kwacc.or.kr/CertificationSite/WA/990/Detail?page=136,http://www.jejuwatermuseum.or.kr,EXPIRED,2020-05-20,2021-05-19,136,10,http://www.kwacc.or.kr/CertificationSite/WA/List?page=136,1cf9ad49ac063aeb550903bb38fb513f5a11661f5865fce1aba6a4f6cb29126c,2026-08-26T03:26:30.038154+00:00,0,0
989,제주물홍보관(국문) 대표 홈페이지,제주개발공사,http://www.kwacc.or.kr/CertificationSite/WA/989/Detail?page=137,http://www.jejuwatermuseum.or.kr/watermuseum/kr,EXPIRED,2020-05-20,2021-05-19,137,1,http://www.kwacc.or.kr/CertificationSite/WA/List?page=137,d4048119df67d8b9e7e07079801b14e57432b83a4377e33668e14333867992db,2026-08-26T03:26:30.829275+00:00,0,0
994,권선구청 대표 홈페이지,권선구청,http://www.kwacc.or.kr/CertificationSite/WA/994/Detail?page=137,https://ksun.suwon.go.kr,EXPIRED,2020-05-19,2021-05-18,137,2,http://www.kwacc.or.kr/CertificationSite/WA/List?page=137,d4048119df67d8b9e7e07079801b14e57432b83a4377e33668e14333867992db,2026-08-26T03:26:30.829275+00:00,0,0
1116,국립중앙도서관 홈페이지,국립중앙도서관,http://www.kwacc.or.kr/CertificationSite/WA/1116/Detail?page=137,https://www.nl.go.kr,EXPIRED,2020-05-13,2021-05-12,137,3,http://www.kwacc.or.kr/CertificationSite/WA/List?page=137,d4048119df67d8b9e7e07079801b14e57432b83a4377e33668e14333867992db,2026-08-26T03:26:30.829275+00:00,0,0
987,국립중앙도서관 모바일 홈페이지,국립중앙도서관,http://www.kwacc.or.kr/CertificationSite/WA/987/Detail?page=137,https://www.nl.go.kr,EXPIRED,2020-05-13,2021-05-12,137,4,http://www.kwacc.or.kr/CertificationSite/WA/List?page=137,d4048119df67d8b9e7e07079801b14e57432b83a4377e33668e14333867992db,2026-08-26T03:26:30.829275+00:00,0,0
1002,우리은행 개인뱅킹 홈페이지,우리은행,http://www.kwacc.or.kr/CertificationSite/WA/1002/Detail?page=137,https://spib.wooribank.com/pib/Dream?withyou=ps,EXPIRED,2020-04-30,2021-04-29,137,5,http://www.kwacc.or.kr/CertificationSite/WA/List?page=137,d4048119df67d8b9e7e07079801b14e57432b83a4377e33668e14333867992db,2026-08-26T03:26:30.829275+00:00,0,0
1001,우리은행 고객광장 홈페이지,우리은행,http://www.kwacc.or.kr/CertificationSite/WA/1001/Detail?page=137,https://spot.wooribank.com/pot/Dream?withyou=cq,EXPIRED,2020-04-30,2021-04-29,137,6,http://www.kwacc.or.kr/CertificationSite/WA/List?page=137,d4048119df67d8b9e7e07079801b14e57432b83a4377e33668e14333867992db,2026-08-26T03:26:30.829275+00:00,0,0
1000,우리은행 금융상품 홈페이지,우리은행,http://www.kwacc.or.kr/CertificationSite/WA/1000/Detail?page=137,https://spot.wooribank.com/pot/Dream?withyou=po,EXPIRED,2020-04-30,2021-04-29,137,7,http://www.kwacc.or.kr/CertificationSite/WA/List?page=137,d4048119df67d8b9e7e07079801b14e57432b83a4377e33668e14333867992db,2026-08-26T03:26:30.829275+00:00,0,0
999,우리은행 기업뱅킹 홈페이지,우리은행,http://www.kwacc.or.kr/CertificationSite/WA/999/Detail?page=137,https://sbiz.wooribank.com/biz/Dream?withyou=bz,EXPIRED,2020-04-30,2021-04-29,137,8,http://www.kwacc.or.kr/CertificationSite/WA/List?page=137,d4048119df67d8b9e7e07079801b14e57432b83a4377e33668e14333867992db,2026-08-26T03:26:30.829275+00:00,0,0
998,우리은행 은행소개 홈페이지,우리은행,http://www.kwacc.or.kr/CertificationSite/WA/998/Detail?page=137,https://spot.wooribank.com/pot/Dream?withyou=bp,EXPIRED,2020-04-30,2021-04-29,137,9,http://www.kwacc.or.kr/CertificationSite/WA/List?page=137,d4048119df67d8b9e7e07079801b14e57432b83a4377e33668e14333867992db,2026-08-26T03:26:30.829275+00:00,0,0
985,The-K저축은행 홈페이지,The-K저축은행,http://www.kwacc.or.kr/CertificationSite/WA/985/Detail?page=137,http://www.thekbank.co.kr,EXPIRED,2020-04-29,2021-04-28,137,10,http://www.kwacc.or.kr/CertificationSite/WA/List?page=137,d4048119df67d8b9e7e07079801b14e57432b83a4377e33668e14333867992db,2026-08-26T03:26:30.829275+00:00,0,0
979,BYC 대표 홈페이지,BYC,http://www.kwacc.or.kr/CertificationSite/WA/979/Detail?page=138,http://home.byc.co.kr/html/00.common/main.asp,EXPIRED,2020-04-29,2021-04-28,138,1,http://www.kwacc.or.kr/CertificationSite/WA/List?page=138,4ce027268be4ff656406a57bfbfc73d96ce4157360ba513f441698d2bdb96dc1,2026-08-26T03:26:31.624777+00:00,0,0
993,한국중부발전 동반성장오픈플랫폼 홈페이지,한국중부발전,http://www.kwacc.or.kr/CertificationSite/WA/993/Detail?page=138,https://www.komipo.co.kr/KomipoWwg/cmsmain.do,EXPIRED,2020-04-28,2021-04-27,138,2,http://www.kwacc.or.kr/CertificationSite/WA/List?page=138,4ce027268be4ff656406a57bfbfc73d96ce4157360ba513f441698d2bdb96dc1,2026-08-26T03:26:31.624777+00:00,0,0
992,한국중부발전(영문) 대표 홈페이지,한국중부발전,http://www.kwacc.or.kr/CertificationSite/WA/992/Detail?page=138,https://www.komipo.co.kr/eng/main/main.do,EXPIRED,2020-04-28,2021-04-27,138,3,http://www.kwacc.or.kr/CertificationSite/WA/List?page=138,4ce027268be4ff656406a57bfbfc73d96ce4157360ba513f441698d2bdb96dc1,2026-08-26T03:26:31.624777+00:00,0,0
991,한국중부발전(국문) 대표 홈페이지,한국중부발전,http://www.kwacc.or.kr/CertificationSite/WA/991/Detail?page=138,https://www.komipo.co.kr/kor/main/main.do,EXPIRED,2020-04-28,2021-04-27,138,4,http://www.kwacc.or.kr/CertificationSite/WA/List?page=138,4ce027268be4ff656406a57bfbfc73d96ce4157360ba513f441698d2bdb96dc1,2026-08-26T03:26:31.624777+00:00,0,0
988,EBS 장애인서비스 대표 홈페이지,한국교육방송공사,http://www.kwacc.or.kr/CertificationSite/WA/988/Detail?page=138,http://www.ebs.co.kr/free,EXPIRED,2020-04-28,2021-04-27,138,5,http://www.kwacc.or.kr/CertificationSite/WA/List?page=138,4ce027268be4ff656406a57bfbfc73d96ce4157360ba513f441698d2bdb96dc1,2026-08-26T03:26:31.624777+00:00,0,0
980,시흥도시공사 대표 홈페이지,시흥도시공사,http://www.kwacc.or.kr/CertificationSite/WA/980/Detail?page=138,http://shsi.or.kr,EXPIRED,2020-04-22,2021-04-21,138,6,http://www.kwacc.or.kr/CertificationSite/WA/List?page=138,4ce027268be4ff656406a57bfbfc73d96ce4157360ba513f441698d2bdb96dc1,2026-08-26T03:26:31.624777+00:00,0,0
984,애큐온저축은행 대표 홈페이지,애큐온저축은행,http://www.kwacc.or.kr/CertificationSite/WA/984/Detail?page=138,https://www.acuonsb.co.kr/,EXPIRED,2020-04-18,2021-04-17,138,7,http://www.kwacc.or.kr/CertificationSite/WA/List?page=138,4ce027268be4ff656406a57bfbfc73d96ce4157360ba513f441698d2bdb96dc1,2026-08-26T03:26:31.624777+00:00,0,0
995,국립전북기계공업고등학교 대표 홈페이지,국립전북기계공업고등학교,http://www.kwacc.or.kr/CertificationSite/WA/995/Detail?page=138,http://cmt.or.kr,EXPIRED,2020-04-12,2021-04-11,138,8,http://www.kwacc.or.kr/CertificationSite/WA/List?page=138,4ce027268be4ff656406a57bfbfc73d96ce4157360ba513f441698d2bdb96dc1,2026-08-26T03:26:31.624777+00:00,0,0
966,웹 접근성 연구소 홈페이지,한국정보화진흥원,http://www.kwacc.or.kr/CertificationSite/WA/966/Detail?page=138,https://www.wah.or.kr:444/index.asp,EXPIRED,2020-04-09,2021-04-08,138,9,http://www.kwacc.or.kr/CertificationSite/WA/List?page=138,4ce027268be4ff656406a57bfbfc73d96ce4157360ba513f441698d2bdb96dc1,2026-08-26T03:26:31.624777+00:00,0,0
977,행복나눔재단 대표 홈페이지,행복나눔재단,http://www.kwacc.or.kr/CertificationSite/WA/977/Detail?page=138,http://skhappiness.org/main.do,EXPIRED,2020-04-04,2021-04-03,138,10,http://www.kwacc.or.kr/CertificationSite/WA/List?page=138,4ce027268be4ff656406a57bfbfc73d96ce4157360ba513f441698d2bdb96dc1,2026-08-26T03:26:31.624777+00:00,0,0
976,국립한글박물관 대표 홈페이지,국립한글박물관,http://www.kwacc.or.kr/CertificationSite/WA/976/Detail?page=139,https://www.hangeul.go.kr,EXPIRED,2020-03-22,2021-03-21,139,1,http://www.kwacc.or.kr/CertificationSite/WA/List?page=139,bf3cdc7785ffeda09bc956da5315f86c5ee87a2aa96ee74b0fe7ad7dab2fdb33,2026-08-26T03:26:32.414491+00:00,0,0
978,연암대학교 대표 홈페이지,연암대학교,http://www.kwacc.or.kr/CertificationSite/WA/978/Detail?page=139,http://www.yonam.ac.kr,EXPIRED,2020-03-21,2021-03-20,139,2,http://www.kwacc.or.kr/CertificationSite/WA/List?page=139,bf3cdc7785ffeda09bc956da5315f86c5ee87a2aa96ee74b0fe7ad7dab2fdb33,2026-08-26T03:26:32.414491+00:00,0,0
975,국립망향의동산관리원 대표 홈페이지,국립망향의동산관리원,http://www.kwacc.or.kr/CertificationSite/WA/975/Detail?page=139,http://www.nmhc.go.kr,EXPIRED,2020-03-21,2021-03-20,139,3,http://www.kwacc.or.kr/CertificationSite/WA/List?page=139,bf3cdc7785ffeda09bc956da5315f86c5ee87a2aa96ee74b0fe7ad7dab2fdb33,2026-08-26T03:26:32.414491+00:00,0,0
967,아트링커 대표 홈페이지,아트링커,http://www.kwacc.or.kr/CertificationSite/WA/967/Detail?page=139,https://artslinker.com,EXPIRED,2020-03-18,2021-03-17,139,4,http://www.kwacc.or.kr/CertificationSite/WA/List?page=139,bf3cdc7785ffeda09bc956da5315f86c5ee87a2aa96ee74b0fe7ad7dab2fdb33,2026-08-26T03:26:32.414491+00:00,0,0
952,정책공약알리미 대표 홈페이지,중앙선거관리위원회,http://www.kwacc.or.kr/CertificationSite/WA/952/Detail?page=139,http://policy.nec.go.kr,EXPIRED,2020-03-16,2021-03-15,139,5,http://www.kwacc.or.kr/CertificationSite/WA/List?page=139,bf3cdc7785ffeda09bc956da5315f86c5ee87a2aa96ee74b0fe7ad7dab2fdb33,2026-08-26T03:26:32.414491+00:00,0,0
974,캐논코리아 비즈니스 솔루션(주) 대표 홈페이지,캐논코리아 비즈니스 솔루션(주),http://www.kwacc.or.kr/CertificationSite/WA/974/Detail?page=139,http://www.canon-bs.co.kr,EXPIRED,2020-03-15,2021-03-14,139,6,http://www.kwacc.or.kr/CertificationSite/WA/List?page=139,bf3cdc7785ffeda09bc956da5315f86c5ee87a2aa96ee74b0fe7ad7dab2fdb33,2026-08-26T03:26:32.414491+00:00,0,0
953,인천국제공항 대표 홈페이지,인천국제공항,http://www.kwacc.or.kr/CertificationSite/WA/953/Detail?page=139,https://www.airport.kr/co/ko/index.do,EXPIRED,2020-03-15,2021-03-14,139,7,http://www.kwacc.or.kr/CertificationSite/WA/List?page=139,bf3cdc7785ffeda09bc956da5315f86c5ee87a2aa96ee74b0fe7ad7dab2fdb33,2026-08-26T03:26:32.414491+00:00,0,0
972,방송통신심의위원회 대표 홈페이지,방송통신심의위원회,http://www.kwacc.or.kr/CertificationSite/WA/972/Detail?page=139,http://www.kocsc.or.kr,EXPIRED,2020-03-14,2021-03-13,139,8,http://www.kwacc.or.kr/CertificationSite/WA/List?page=139,bf3cdc7785ffeda09bc956da5315f86c5ee87a2aa96ee74b0fe7ad7dab2fdb33,2026-08-26T03:26:32.414491+00:00,0,0
951,한전KPS 대표 홈페이지,한전KPS(주),http://www.kwacc.or.kr/CertificationSite/WA/951/Detail?page=139,http://www.kps.co.kr,EXPIRED,2020-03-13,2021-03-12,139,9,http://www.kwacc.or.kr/CertificationSite/WA/List?page=139,bf3cdc7785ffeda09bc956da5315f86c5ee87a2aa96ee74b0fe7ad7dab2fdb33,2026-08-26T03:26:32.414491+00:00,0,0
986,경기도시공사 대표 홈페이지,경기도시공사,http://www.kwacc.or.kr/CertificationSite/WA/986/Detail?page=139,http://www.gico.or.kr,EXPIRED,2020-03-12,2021-03-11,139,10,http://www.kwacc.or.kr/CertificationSite/WA/List?page=139,bf3cdc7785ffeda09bc956da5315f86c5ee87a2aa96ee74b0fe7ad7dab2fdb33,2026-08-26T03:26:32.414491+00:00,0,0
950,서울시 메트로9호선 대표 홈페이지,서울시 메트로9호선(주),http://www.kwacc.or.kr/CertificationSite/WA/950/Detail?page=140,https://www.metro9.co.kr,EXPIRED,2020-03-07,2021-03-06,140,1,http://www.kwacc.or.kr/CertificationSite/WA/List?page=140,ced7f9c44126a800b2e9e3750d5f537d08264d63c502b785fd43f251e16c6c67,2026-08-26T03:26:33.206517+00:00,0,0
949,LG계정 홈페이지,LG전자,http://www.kwacc.or.kr/CertificationSite/WA/949/Detail?page=140,https://kr.lgaccount.com/login/sign_in?svcCode=SVC,EXPIRED,2020-03-04,2021-03-03,140,2,http://www.kwacc.or.kr/CertificationSite/WA/List?page=140,ced7f9c44126a800b2e9e3750d5f537d08264d63c502b785fd43f251e16c6c67,2026-08-26T03:26:33.206517+00:00,0,0
973,영창철강 대표 홈페이지,영창철강,http://www.kwacc.or.kr/CertificationSite/WA/973/Detail?page=140,http://jtech1907.maru.net,EXPIRED,2020-03-03,2021-03-02,140,3,http://www.kwacc.or.kr/CertificationSite/WA/List?page=140,ced7f9c44126a800b2e9e3750d5f537d08264d63c502b785fd43f251e16c6c67,2026-08-26T03:26:33.206517+00:00,0,0
948,화학물질안전원 대표 홈페이지,화학물질안전원,http://www.kwacc.or.kr/CertificationSite/WA/948/Detail?page=140,http://nics.me.go.kr,EXPIRED,2020-03-03,2021-03-02,140,4,http://www.kwacc.or.kr/CertificationSite/WA/List?page=140,ced7f9c44126a800b2e9e3750d5f537d08264d63c502b785fd43f251e16c6c67,2026-08-26T03:26:33.206517+00:00,0,0
983,주택도시보증공사 사회임대주택 홈페이지,주택도시보증공사,http://www.kwacc.or.kr/CertificationSite/WA/983/Detail?page=140,http://www.khug.or.kr,EXPIRED,2020-03-02,2021-03-01,140,5,http://www.kwacc.or.kr/CertificationSite/WA/List?page=140,ced7f9c44126a800b2e9e3750d5f537d08264d63c502b785fd43f251e16c6c67,2026-08-26T03:26:33.206517+00:00,0,0
982,주택도시보증공사 대표 홈페이지,주택도시보증공사,http://www.kwacc.or.kr/CertificationSite/WA/982/Detail?page=140,http://www.khug.or.kr,EXPIRED,2020-03-02,2021-03-01,140,6,http://www.kwacc.or.kr/CertificationSite/WA/List?page=140,ced7f9c44126a800b2e9e3750d5f537d08264d63c502b785fd43f251e16c6c67,2026-08-26T03:26:33.206517+00:00,0,0
981,주택도시보증공사 정보공개 홈페이지,주택도시보증공사,http://www.kwacc.or.kr/CertificationSite/WA/981/Detail?page=140,http://www.khug.or.kr,EXPIRED,2020-03-02,2021-03-01,140,7,http://www.kwacc.or.kr/CertificationSite/WA/List?page=140,ced7f9c44126a800b2e9e3750d5f537d08264d63c502b785fd43f251e16c6c67,2026-08-26T03:26:33.206517+00:00,0,0
947,사)느티나무 창원시장애인부모회 부설 창원발달장애인가활센터 홈페이지,사)느티나무 창원시장애인부모회 부설 창원발달장애인가활센터,http://www.kwacc.or.kr/CertificationSite/WA/947/Detail?page=140,http://www.gahwal.or.kr,EXPIRED,2020-02-28,2021-02-27,140,8,http://www.kwacc.or.kr/CertificationSite/WA/List?page=140,ced7f9c44126a800b2e9e3750d5f537d08264d63c502b785fd43f251e16c6c67,2026-08-26T03:26:33.206517+00:00,0,0
968,가치봄영화제 대표 홈페이지,(사)한국농아인협회,http://www.kwacc.or.kr/CertificationSite/WA/968/Detail?page=140,http://www.pdff.or.kr/,EXPIRED,2020-02-21,2021-02-20,140,9,http://www.kwacc.or.kr/CertificationSite/WA/List?page=140,ced7f9c44126a800b2e9e3750d5f537d08264d63c502b785fd43f251e16c6c67,2026-08-26T03:26:33.206517+00:00,0,0
946,국가장애인평생교육진흥센터 평생배움세상 홈페이지,국가장애인평생교육진흥센터,http://www.kwacc.or.kr/CertificationSite/WA/946/Detail?page=140,https://www.nise.go.kr/lifelong/main.do,EXPIRED,2020-02-21,2021-02-20,140,10,http://www.kwacc.or.kr/CertificationSite/WA/List?page=140,ced7f9c44126a800b2e9e3750d5f537d08264d63c502b785fd43f251e16c6c67,2026-08-26T03:26:33.206517+00:00,0,0
945,실종아동전문기관 영문 홈페이지,실종아동전문기관,http://www.kwacc.or.kr/CertificationSite/WA/945/Detail?page=141,http://eng.missingchild.or.kr,EXPIRED,2020-02-20,2021-02-19,141,1,http://www.kwacc.or.kr/CertificationSite/WA/List?page=141,41eec3a6fd5502a4b09a2df565a844010dafbc1f2b309744a227b72e9115f791,2026-08-26T03:26:33.999957+00:00,0,0
944,실종아동전문기관 대표 홈페이지,실종아동전문기관,http://www.kwacc.or.kr/CertificationSite/WA/944/Detail?page=141,http://www.missingchild.or.kr,EXPIRED,2020-02-20,2021-02-19,141,2,http://www.kwacc.or.kr/CertificationSite/WA/List?page=141,41eec3a6fd5502a4b09a2df565a844010dafbc1f2b309744a227b72e9115f791,2026-08-26T03:26:33.999957+00:00,0,0
942,국가인권위원회 인권e 대표 홈페이지,국가인권위원회,http://www.kwacc.or.kr/CertificationSite/WA/942/Detail?page=141,https://case.humanrights.go.kr,EXPIRED,2020-02-14,2021-02-13,141,3,http://www.kwacc.or.kr/CertificationSite/WA/List?page=141,41eec3a6fd5502a4b09a2df565a844010dafbc1f2b309744a227b72e9115f791,2026-08-26T03:26:33.999957+00:00,0,0
941,공감씨즈 대표 홈페이지,공감씨즈,http://www.kwacc.or.kr/CertificationSite/WA/941/Detail?page=141,http://www.seedstour.com,EXPIRED,2020-02-11,2021-02-10,141,4,http://www.kwacc.or.kr/CertificationSite/WA/List?page=141,41eec3a6fd5502a4b09a2df565a844010dafbc1f2b309744a227b72e9115f791,2026-08-26T03:26:33.999957+00:00,0,0
940,안산시 평생학습원 대표 홈페이지,안산시 평생학습원,http://www.kwacc.or.kr/CertificationSite/WA/940/Detail?page=141,https://wm.ansan.go.kr,EXPIRED,2020-02-11,2021-02-10,141,5,http://www.kwacc.or.kr/CertificationSite/WA/List?page=141,41eec3a6fd5502a4b09a2df565a844010dafbc1f2b309744a227b72e9115f791,2026-08-26T03:26:33.999957+00:00,0,0
939,승강기민원24 대표 홈페이지,한국승강기안전공단,http://www.kwacc.or.kr/CertificationSite/WA/939/Detail?page=141,https://minwon.koelsa.or.kr,EXPIRED,2020-02-11,2021-02-10,141,6,http://www.kwacc.or.kr/CertificationSite/WA/List?page=141,41eec3a6fd5502a4b09a2df565a844010dafbc1f2b309744a227b72e9115f791,2026-08-26T03:26:33.999957+00:00,0,0
938,e-금융민원센터 대표 홈페이지,금융위원회,http://www.kwacc.or.kr/CertificationSite/WA/938/Detail?page=141,https://www.fcsc.kr,EXPIRED,2020-02-11,2021-02-10,141,7,http://www.kwacc.or.kr/CertificationSite/WA/List?page=141,41eec3a6fd5502a4b09a2df565a844010dafbc1f2b309744a227b72e9115f791,2026-08-26T03:26:33.999957+00:00,0,0
937,에코스타트 대표 홈페이지,에코스타트,http://www.kwacc.or.kr/CertificationSite/WA/937/Detail?page=141,http://ecostart.co.kr,EXPIRED,2020-02-04,2021-02-03,141,8,http://www.kwacc.or.kr/CertificationSite/WA/List?page=141,41eec3a6fd5502a4b09a2df565a844010dafbc1f2b309744a227b72e9115f791,2026-08-26T03:26:33.999957+00:00,0,0
936,김해시복지재단 대표 홈페이지,김해시복지재단,http://www.kwacc.or.kr/CertificationSite/WA/936/Detail?page=141,http://ghwf.or.kr,EXPIRED,2020-02-04,2021-02-03,141,9,http://www.kwacc.or.kr/CertificationSite/WA/List?page=141,41eec3a6fd5502a4b09a2df565a844010dafbc1f2b309744a227b72e9115f791,2026-08-26T03:26:33.999957+00:00,0,0
935,사단법인 공정무역인천광장 대표 홈페이지,사단법인 공정무역인천광장,http://www.kwacc.or.kr/CertificationSite/WA/935/Detail?page=141,http://www.ft-iplaza.net,EXPIRED,2020-01-22,2021-01-21,141,10,http://www.kwacc.or.kr/CertificationSite/WA/List?page=141,41eec3a6fd5502a4b09a2df565a844010dafbc1f2b309744a227b72e9115f791,2026-08-26T03:26:33.999957+00:00,0,0
943,제주특별자치도개발공사 대표 홈페이지,제주특별자치도개발공사,http://www.kwacc.or.kr/CertificationSite/WA/943/Detail?page=142,http://www.jpdc.co.kr,EXPIRED,2020-01-14,2021-01-13,142,1,http://www.kwacc.or.kr/CertificationSite/WA/List?page=142,5cb38d7f448740bfd7024a1e21ef5baff52778100ecd5a0963ec8b36d35515e3,2026-08-26T03:26:34.788106+00:00,0,0
922,국민동의청원 대표 홈페이지,국회사무처,http://www.kwacc.or.kr/CertificationSite/WA/922/Detail?page=142,https://petitions.assembly.go.kr,EXPIRED,2020-01-13,2021-01-12,142,2,http://www.kwacc.or.kr/CertificationSite/WA/List?page=142,5cb38d7f448740bfd7024a1e21ef5baff52778100ecd5a0963ec8b36d35515e3,2026-08-26T03:26:34.788106+00:00,0,0
1027,국립재활원,국립재활원,http://www.kwacc.or.kr/CertificationSite/WA/1027/Detail?page=142,http://www.nrc.go.kr/nrc/main.do,EXPIRED,2020-01-08,2021-01-07,142,3,http://www.kwacc.or.kr/CertificationSite/WA/List?page=142,5cb38d7f448740bfd7024a1e21ef5baff52778100ecd5a0963ec8b36d35515e3,2026-08-26T03:26:34.788106+00:00,0,0
934,국립재활원 장애인 건강 및 재활 정보포털 대표 홈페이지,국립재활원,http://www.kwacc.or.kr/CertificationSite/WA/934/Detail?page=142,http://www.nrc.go.kr/portal/main.do,EXPIRED,2020-01-08,2021-01-07,142,4,http://www.kwacc.or.kr/CertificationSite/WA/List?page=142,5cb38d7f448740bfd7024a1e21ef5baff52778100ecd5a0963ec8b36d35515e3,2026-08-26T03:26:34.788106+00:00,0,0
933,국립재활원 교육지원 대표 홈페이지,국립재활원,http://www.kwacc.or.kr/CertificationSite/WA/933/Detail?page=142,http://www.nrc.go.kr/education/main.do,EXPIRED,2020-01-08,2021-01-07,142,5,http://www.kwacc.or.kr/CertificationSite/WA/List?page=142,5cb38d7f448740bfd7024a1e21ef5baff52778100ecd5a0963ec8b36d35515e3,2026-08-26T03:26:34.788106+00:00,0,0
931,국립재활원 중앙장애인 보건의료센터 홈페이지​,국립재활원,http://www.kwacc.or.kr/CertificationSite/WA/931/Detail?page=142,http://www.nrc.go.kr/chmcpd/main.do,EXPIRED,2020-01-08,2021-01-07,142,6,http://www.kwacc.or.kr/CertificationSite/WA/List?page=142,5cb38d7f448740bfd7024a1e21ef5baff52778100ecd5a0963ec8b36d35515e3,2026-08-26T03:26:34.788106+00:00,0,0
921,경찰청유실물통합포털 대표 홈페이지,경찰청,http://www.kwacc.or.kr/CertificationSite/WA/921/Detail?page=142,http://www.lost112.go.kr,EXPIRED,2020-01-08,2021-01-07,142,7,http://www.kwacc.or.kr/CertificationSite/WA/List?page=142,5cb38d7f448740bfd7024a1e21ef5baff52778100ecd5a0963ec8b36d35515e3,2026-08-26T03:26:34.788106+00:00,0,0
919,국립축산과학원 대표 홈페이지,국립축산과학원,http://www.kwacc.or.kr/CertificationSite/WA/919/Detail?page=142,http://www.nias.go.kr,EXPIRED,2020-01-08,2021-01-07,142,8,http://www.kwacc.or.kr/CertificationSite/WA/List?page=142,5cb38d7f448740bfd7024a1e21ef5baff52778100ecd5a0963ec8b36d35515e3,2026-08-26T03:26:34.788106+00:00,0,0
929,국립재활원 재활연구소 대표 홈페이지,국립재활원,http://www.kwacc.or.kr/CertificationSite/WA/929/Detail?page=142,http://www.nrc.go.kr/research/main.do,EXPIRED,2019-12-31,2020-12-30,142,9,http://www.kwacc.or.kr/CertificationSite/WA/List?page=142,5cb38d7f448740bfd7024a1e21ef5baff52778100ecd5a0963ec8b36d35515e3,2026-08-26T03:26:34.788106+00:00,0,0
928,국립재활원 재활병원 대표 홈페이지,국립재활원,http://www.kwacc.or.kr/CertificationSite/WA/928/Detail?page=142,http://www.nrc.go.kr/hospital/main.do,EXPIRED,2019-12-31,2020-12-30,142,10,http://www.kwacc.or.kr/CertificationSite/WA/List?page=142,5cb38d7f448740bfd7024a1e21ef5baff52778100ecd5a0963ec8b36d35515e3,2026-08-26T03:26:34.788106+00:00,0,0
918,아동권리보장원 대표 홈페이지,아동권리보장원,http://www.kwacc.or.kr/CertificationSite/WA/918/Detail?page=143,http://www.kadoption.or.kr,EXPIRED,2019-12-31,2020-12-30,143,1,http://www.kwacc.or.kr/CertificationSite/WA/List?page=143,e11a07add919d17846a2316493b3ab56ef79e5bdb9db9bfebb22e898f2844758,2026-08-26T03:26:35.576199+00:00,0,0
915,인천투어 홈페이지,인천광역시,http://www.kwacc.or.kr/CertificationSite/WA/915/Detail?page=143,http://itour.incheon.go.kr,EXPIRED,2019-12-31,2020-12-30,143,2,http://www.kwacc.or.kr/CertificationSite/WA/List?page=143,e11a07add919d17846a2316493b3ab56ef79e5bdb9db9bfebb22e898f2844758,2026-08-26T03:26:35.576199+00:00,0,0
886,국립중앙도서관 대표 홈페이지,국립중앙도서관,http://www.kwacc.or.kr/CertificationSite/WA/886/Detail?page=143,http://www.nl.go.kr,EXPIRED,2019-12-30,2020-12-29,143,3,http://www.kwacc.or.kr/CertificationSite/WA/List?page=143,e11a07add919d17846a2316493b3ab56ef79e5bdb9db9bfebb22e898f2844758,2026-08-26T03:26:35.576199+00:00,0,0
914,대테러센터 대표 홈페이지,[국무조정실] 대테러센터,http://www.kwacc.or.kr/CertificationSite/WA/914/Detail?page=143,http://www.nctc.go.kr,EXPIRED,2019-12-27,2020-12-26,143,4,http://www.kwacc.or.kr/CertificationSite/WA/List?page=143,e11a07add919d17846a2316493b3ab56ef79e5bdb9db9bfebb22e898f2844758,2026-08-26T03:26:35.576199+00:00,0,0
913,국가트라우마센터 홈페이지,국립정신건강센터,http://www.kwacc.or.kr/CertificationSite/WA/913/Detail?page=143,https://nct.go.kr,EXPIRED,2019-12-27,2020-12-26,143,5,http://www.kwacc.or.kr/CertificationSite/WA/List?page=143,e11a07add919d17846a2316493b3ab56ef79e5bdb9db9bfebb22e898f2844758,2026-08-26T03:26:35.576199+00:00,0,0
917,현대하이라이프손해사정 대표 홈페이지,현대하이라이프손해사정,http://www.kwacc.or.kr/CertificationSite/WA/917/Detail?page=143,http://www.hi-life.co.kr,EXPIRED,2019-12-26,2020-12-25,143,6,http://www.kwacc.or.kr/CertificationSite/WA/List?page=143,e11a07add919d17846a2316493b3ab56ef79e5bdb9db9bfebb22e898f2844758,2026-08-26T03:26:35.576199+00:00,0,0
963,한국노인인력개발원 대표 홈페이지,한국노인인력개발원,http://www.kwacc.or.kr/CertificationSite/WA/963/Detail?page=143,https://www.kordi.or.kr,EXPIRED,2019-12-22,2020-12-21,143,7,http://www.kwacc.or.kr/CertificationSite/WA/List?page=143,e11a07add919d17846a2316493b3ab56ef79e5bdb9db9bfebb22e898f2844758,2026-08-26T03:26:35.576199+00:00,0,0
903,한국장애인고용공단 모바일 홈페이지,한국장애인고용공단,http://www.kwacc.or.kr/CertificationSite/WA/903/Detail?page=143,http://m.kead.or.kr,EXPIRED,2019-12-21,2020-12-20,143,8,http://www.kwacc.or.kr/CertificationSite/WA/List?page=143,e11a07add919d17846a2316493b3ab56ef79e5bdb9db9bfebb22e898f2844758,2026-08-26T03:26:35.576199+00:00,0,0
911,일본군'위안부'피해자e역사관 홈페이지,일본군'위안부'피해자e역사관,http://www.kwacc.or.kr/CertificationSite/WA/911/Detail?page=143,http://www.hermuseum.go.kr,EXPIRED,2019-12-20,2020-12-19,143,9,http://www.kwacc.or.kr/CertificationSite/WA/List?page=143,e11a07add919d17846a2316493b3ab56ef79e5bdb9db9bfebb22e898f2844758,2026-08-26T03:26:35.576199+00:00,0,0
910,국립나주병원 대표 홈페이지,국립나주병원,http://www.kwacc.or.kr/CertificationSite/WA/910/Detail?page=143,http://www.najumh.go.kr,EXPIRED,2019-12-20,2020-12-19,143,10,http://www.kwacc.or.kr/CertificationSite/WA/List?page=143,e11a07add919d17846a2316493b3ab56ef79e5bdb9db9bfebb22e898f2844758,2026-08-26T03:26:35.576199+00:00,0,0
909,국립마산병원 대표 홈페이지,국립마산병원,http://www.kwacc.or.kr/CertificationSite/WA/909/Detail?page=144,http://www.mnth.go.kr,EXPIRED,2019-12-20,2020-12-19,144,1,http://www.kwacc.or.kr/CertificationSite/WA/List?page=144,8edea151130b979a8f3b5805784e80fea029cc89964c84e7c79072506dbab2c0,2026-08-26T03:26:36.366606+00:00,0,0
908,국립목포병원 대표 홈페이지,국립목포병원,http://www.kwacc.or.kr/CertificationSite/WA/908/Detail?page=144,http://www.tbmokpo.go.kr,EXPIRED,2019-12-20,2020-12-19,144,2,http://www.kwacc.or.kr/CertificationSite/WA/List?page=144,8edea151130b979a8f3b5805784e80fea029cc89964c84e7c79072506dbab2c0,2026-08-26T03:26:36.366606+00:00,0,0
925,한국수출입은행 대표 홈페이지,한국수출입은행,http://www.kwacc.or.kr/CertificationSite/WA/925/Detail?page=144,https://www.koreaexim.go.kr,EXPIRED,2019-12-18,2020-12-17,144,3,http://www.kwacc.or.kr/CertificationSite/WA/List?page=144,8edea151130b979a8f3b5805784e80fea029cc89964c84e7c79072506dbab2c0,2026-08-26T03:26:36.366606+00:00,0,0
912,우체국보험 모바일 홈페이지,우정사업정보센터,http://www.kwacc.or.kr/CertificationSite/WA/912/Detail?page=144,https://m.postinsu.kr:20433,EXPIRED,2019-12-18,2020-12-17,144,4,http://www.kwacc.or.kr/CertificationSite/WA/List?page=144,8edea151130b979a8f3b5805784e80fea029cc89964c84e7c79072506dbab2c0,2026-08-26T03:26:36.366606+00:00,0,0
907,제주항공우주박물관 대표 홈페이지,제주국제자유도시개발센터,http://www.kwacc.or.kr/CertificationSite/WA/907/Detail?page=144,http://www.jdc-jam.com,EXPIRED,2019-12-17,2020-12-16,144,5,http://www.kwacc.or.kr/CertificationSite/WA/List?page=144,8edea151130b979a8f3b5805784e80fea029cc89964c84e7c79072506dbab2c0,2026-08-26T03:26:36.366606+00:00,0,0
916,한전KPS 대표 홈페이지,한전KPS(주),http://www.kwacc.or.kr/CertificationSite/WA/916/Detail?page=144,http://www.kps.co.kr,EXPIRED,2019-12-16,2020-12-15,144,6,http://www.kwacc.or.kr/CertificationSite/WA/List?page=144,8edea151130b979a8f3b5805784e80fea029cc89964c84e7c79072506dbab2c0,2026-08-26T03:26:36.366606+00:00,0,0
924,평택북부장애인복지관 대표 홈페이지,평택북부장애인복지관,http://www.kwacc.or.kr/CertificationSite/WA/924/Detail?page=144,http://www.bbjb.or.kr,EXPIRED,2019-12-14,2020-12-13,144,7,http://www.kwacc.or.kr/CertificationSite/WA/List?page=144,8edea151130b979a8f3b5805784e80fea029cc89964c84e7c79072506dbab2c0,2026-08-26T03:26:36.366606+00:00,0,0
927,사회보험통합징수포털 홈페이지,국민건강보험공단,http://www.kwacc.or.kr/CertificationSite/WA/927/Detail?page=144,http://si4n.nhis.or.kr,EXPIRED,2019-12-12,2020-12-11,144,8,http://www.kwacc.or.kr/CertificationSite/WA/List?page=144,8edea151130b979a8f3b5805784e80fea029cc89964c84e7c79072506dbab2c0,2026-08-26T03:26:36.366606+00:00,0,0
926,주택관리공단 대표 홈페이지,주택관리공단,http://www.kwacc.or.kr/CertificationSite/WA/926/Detail?page=144,http://www.kohom.or.kr,EXPIRED,2019-12-12,2020-12-11,144,9,http://www.kwacc.or.kr/CertificationSite/WA/List?page=144,8edea151130b979a8f3b5805784e80fea029cc89964c84e7c79072506dbab2c0,2026-08-26T03:26:36.366606+00:00,0,0
923,사회보험통합징수포털 홈페이지,국민건강보험공단,http://www.kwacc.or.kr/CertificationSite/WA/923/Detail?page=144,http://si4n.nhis.or.kr,EXPIRED,2019-12-12,2020-12-11,144,10,http://www.kwacc.or.kr/CertificationSite/WA/List?page=144,8edea151130b979a8f3b5805784e80fea029cc89964c84e7c79072506dbab2c0,2026-08-26T03:26:36.366606+00:00,0,0
920,수원문화재단 대표 홈페이지,수원문화재단,http://www.kwacc.or.kr/CertificationSite/WA/920/Detail?page=145,http://www.swcf.or.kr,EXPIRED,2019-12-10,2020-12-09,145,1,http://www.kwacc.or.kr/CertificationSite/WA/List?page=145,7157dce1561fa8907b91b7cf0b06a2445593cb54a1839d2983bf6c40a5c42f49,2026-08-26T03:26:37.158479+00:00,0,0
962,나이스 학생서비스 대표 홈페이지,한국교육학술정보원,http://www.kwacc.or.kr/CertificationSite/WA/962/Detail?page=145,https://stu.sen.go.kr,EXPIRED,2019-12-06,2020-12-05,145,2,http://www.kwacc.or.kr/CertificationSite/WA/List?page=145,7157dce1561fa8907b91b7cf0b06a2445593cb54a1839d2983bf6c40a5c42f49,2026-08-26T03:26:37.158479+00:00,0,0
961,나이스 교직원 온라인채용 대표 홈페이지,한국교육학술정보원,http://www.kwacc.or.kr/CertificationSite/WA/961/Detail?page=145,https://edurecruit.sen.go.kr,EXPIRED,2019-12-06,2020-12-05,145,3,http://www.kwacc.or.kr/CertificationSite/WA/List?page=145,7157dce1561fa8907b91b7cf0b06a2445593cb54a1839d2983bf6c40a5c42f49,2026-08-26T03:26:37.158479+00:00,0,0
960,나이스 대국민서비스 대표 홈페이지,한국교육학술정보원,http://www.kwacc.or.kr/CertificationSite/WA/960/Detail?page=145,https://www.neis.go.kr,EXPIRED,2019-12-06,2020-12-05,145,4,http://www.kwacc.or.kr/CertificationSite/WA/List?page=145,7157dce1561fa8907b91b7cf0b06a2445593cb54a1839d2983bf6c40a5c42f49,2026-08-26T03:26:37.158479+00:00,0,0
959,나이스 홈에듀 민원서비스 대표 홈페이지,한국교육학술정보원,http://www.kwacc.or.kr/CertificationSite/WA/959/Detail?page=145,https://hdu.sen.go.kr,EXPIRED,2019-12-06,2020-12-05,145,5,http://www.kwacc.or.kr/CertificationSite/WA/List?page=145,7157dce1561fa8907b91b7cf0b06a2445593cb54a1839d2983bf6c40a5c42f49,2026-08-26T03:26:37.158479+00:00,0,0
958,나이스 학원 민원서비스 대표 홈페이지,한국교육학술정보원,http://www.kwacc.or.kr/CertificationSite/WA/958/Detail?page=145,https://hakwon.sen.go.kr,EXPIRED,2019-12-06,2020-12-05,145,6,http://www.kwacc.or.kr/CertificationSite/WA/List?page=145,7157dce1561fa8907b91b7cf0b06a2445593cb54a1839d2983bf6c40a5c42f49,2026-08-26T03:26:37.158479+00:00,0,0
956,나이스 학부모서비스 대표 홈페이지,한국교육학술정보원,http://www.kwacc.or.kr/CertificationSite/WA/956/Detail?page=145,https://par.sen.go.kr,EXPIRED,2019-12-06,2020-12-05,145,7,http://www.kwacc.or.kr/CertificationSite/WA/List?page=145,7157dce1561fa8907b91b7cf0b06a2445593cb54a1839d2983bf6c40a5c42f49,2026-08-26T03:26:37.158479+00:00,0,0
954,나이스 검정고시 대표 홈페이지,한국교육학술정보원,http://www.kwacc.or.kr/CertificationSite/WA/954/Detail?page=145,https://kged.sen.go.kr,EXPIRED,2019-12-06,2020-12-05,145,8,http://www.kwacc.or.kr/CertificationSite/WA/List?page=145,7157dce1561fa8907b91b7cf0b06a2445593cb54a1839d2983bf6c40a5c42f49,2026-08-26T03:26:37.158479+00:00,0,0
878,유화증권 대표 홈페이지,유화증권(주),http://www.kwacc.or.kr/CertificationSite/WA/878/Detail?page=145,http://www.yhs.co.kr,EXPIRED,2019-12-05,2020-12-04,145,9,http://www.kwacc.or.kr/CertificationSite/WA/List?page=145,7157dce1561fa8907b91b7cf0b06a2445593cb54a1839d2983bf6c40a5c42f49,2026-08-26T03:26:37.158479+00:00,0,0
901,이동지원센터 나드리콜 홈페이지,대구시설공단,http://www.kwacc.or.kr/CertificationSite/WA/901/Detail?page=145,http://11.dgsisul.or.kr,EXPIRED,2019-11-29,2020-11-28,145,10,http://www.kwacc.or.kr/CertificationSite/WA/List?page=145,7157dce1561fa8907b91b7cf0b06a2445593cb54a1839d2983bf6c40a5c42f49,2026-08-26T03:26:37.158479+00:00,0,0
900,대구시설공단 모바일 홈페이지,대구시설공단,http://www.kwacc.or.kr/CertificationSite/WA/900/Detail?page=146,http://m.dgsisul.or.kr,EXPIRED,2019-11-29,2020-11-28,146,1,http://www.kwacc.or.kr/CertificationSite/WA/List?page=146,116140ced46cc8b7c89c92ce884b3080d3c4dc10654f8ae747d14907451f852d,2026-08-26T03:26:37.947535+00:00,0,0
899,대구시설공단 대표 홈페이지,대구시설공단,http://www.kwacc.or.kr/CertificationSite/WA/899/Detail?page=146,http://www.dgsisul.or.kr,EXPIRED,2019-11-29,2020-11-28,146,2,http://www.kwacc.or.kr/CertificationSite/WA/List?page=146,116140ced46cc8b7c89c92ce884b3080d3c4dc10654f8ae747d14907451f852d,2026-08-26T03:26:37.947535+00:00,0,0
904,의료기기정보포털 대표 홈페이지,식품의약품안전처,http://www.kwacc.or.kr/CertificationSite/WA/904/Detail?page=146,http://udiportal.mfds.go.kr/portal,EXPIRED,2019-11-28,2020-11-27,146,3,http://www.kwacc.or.kr/CertificationSite/WA/List?page=146,116140ced46cc8b7c89c92ce884b3080d3c4dc10654f8ae747d14907451f852d,2026-08-26T03:26:37.947535+00:00,0,0
896,모두누리관광 이지제주 홈페이지,제주특별자치도관광약자접근성안내센터,http://www.kwacc.or.kr/CertificationSite/WA/896/Detail?page=146,http://easyjeju.net,EXPIRED,2019-11-22,2020-11-21,146,4,http://www.kwacc.or.kr/CertificationSite/WA/List?page=146,116140ced46cc8b7c89c92ce884b3080d3c4dc10654f8ae747d14907451f852d,2026-08-26T03:26:37.947535+00:00,0,0
895,보건의료 빅데이터 플랫폼 홈페이지,한국보건산업진흥원,http://www.kwacc.or.kr/CertificationSite/WA/895/Detail?page=146,https://hcdl.mohw.go.kr,EXPIRED,2019-11-21,2020-11-20,146,5,http://www.kwacc.or.kr/CertificationSite/WA/List?page=146,116140ced46cc8b7c89c92ce884b3080d3c4dc10654f8ae747d14907451f852d,2026-08-26T03:26:37.947535+00:00,0,0
894,서대문구청 대표 홈페이지,서대문구청,http://www.kwacc.or.kr/CertificationSite/WA/894/Detail?page=146,http://www.sdm.go.kr,EXPIRED,2019-11-21,2020-11-20,146,6,http://www.kwacc.or.kr/CertificationSite/WA/List?page=146,116140ced46cc8b7c89c92ce884b3080d3c4dc10654f8ae747d14907451f852d,2026-08-26T03:26:37.947535+00:00,0,0
890,보건복지부 대표 홈페이지,보건복지부,http://www.kwacc.or.kr/CertificationSite/WA/890/Detail?page=146,http://www.mohw.go.kr,EXPIRED,2019-11-21,2020-11-20,146,7,http://www.kwacc.or.kr/CertificationSite/WA/List?page=146,116140ced46cc8b7c89c92ce884b3080d3c4dc10654f8ae747d14907451f852d,2026-08-26T03:26:37.947535+00:00,0,0
889,국립공주병원 대표 홈페이지,국립공주병원,http://www.kwacc.or.kr/CertificationSite/WA/889/Detail?page=146,http://www.knmh.go.kr,EXPIRED,2019-11-21,2020-11-20,146,8,http://www.kwacc.or.kr/CertificationSite/WA/List?page=146,116140ced46cc8b7c89c92ce884b3080d3c4dc10654f8ae747d14907451f852d,2026-08-26T03:26:37.947535+00:00,0,0
888,국립부곡병원 대표 홈페이지,국립부곡병원,http://www.kwacc.or.kr/CertificationSite/WA/888/Detail?page=146,http://www.bgnmh.go.kr,EXPIRED,2019-11-21,2020-11-20,146,9,http://www.kwacc.or.kr/CertificationSite/WA/List?page=146,116140ced46cc8b7c89c92ce884b3080d3c4dc10654f8ae747d14907451f852d,2026-08-26T03:26:37.947535+00:00,0,0
887,국립춘천병원 대표 홈페이지,국립춘천병원,http://www.kwacc.or.kr/CertificationSite/WA/887/Detail?page=146,http://www.cnmh.go.kr,EXPIRED,2019-11-21,2020-11-20,146,10,http://www.kwacc.or.kr/CertificationSite/WA/List?page=146,116140ced46cc8b7c89c92ce884b3080d3c4dc10654f8ae747d14907451f852d,2026-08-26T03:26:37.947535+00:00,0,0
898,이노비즈넷 홈페이지,이노비즈협회,http://www.kwacc.or.kr/CertificationSite/WA/898/Detail?page=147,http://www.innobiz.net,EXPIRED,2019-11-20,2020-11-19,147,1,http://www.kwacc.or.kr/CertificationSite/WA/List?page=147,2fa19ae87eab4a7deb4285f7afdaeca1356daf8197a80c7791f51be203b73b58,2026-08-26T03:26:38.743800+00:00,0,0
905,서울특별시 장애인치과병원 대표 홈페이지,서울특별시 장애인치과병원,http://www.kwacc.or.kr/CertificationSite/WA/905/Detail?page=147,http://www.sdh.go.kr,EXPIRED,2019-11-16,2020-11-15,147,2,http://www.kwacc.or.kr/CertificationSite/WA/List?page=147,2fa19ae87eab4a7deb4285f7afdaeca1356daf8197a80c7791f51be203b73b58,2026-08-26T03:26:38.743800+00:00,0,0
879,교보문고 전자도서관 대표 홈페이지,교보문고,http://www.kwacc.or.kr/CertificationSite/WA/879/Detail?page=147,http://next.dkyobobook.co.kr,EXPIRED,2019-11-15,2020-11-14,147,3,http://www.kwacc.or.kr/CertificationSite/WA/List?page=147,2fa19ae87eab4a7deb4285f7afdaeca1356daf8197a80c7791f51be203b73b58,2026-08-26T03:26:38.743800+00:00,0,0
892,오송생명과학단지지원센터 대표 홈페이지,오송생명과학단지지원센터,http://www.kwacc.or.kr/CertificationSite/WA/892/Detail?page=147,http://osong.mohw.go.kr,EXPIRED,2019-11-14,2020-11-13,147,4,http://www.kwacc.or.kr/CertificationSite/WA/List?page=147,2fa19ae87eab4a7deb4285f7afdaeca1356daf8197a80c7791f51be203b73b58,2026-08-26T03:26:38.743800+00:00,0,0
876,경상남도 지역장애인보건의료센터 정보플랫폼,경상남도 지역장애인보건의료센터,http://www.kwacc.or.kr/CertificationSite/WA/876/Detail?page=147,http://www.경상남도지역장애인보건의료센터.org,EXPIRED,2019-11-13,2020-11-12,147,5,http://www.kwacc.or.kr/CertificationSite/WA/List?page=147,2fa19ae87eab4a7deb4285f7afdaeca1356daf8197a80c7791f51be203b73b58,2026-08-26T03:26:38.743800+00:00,0,0
875,KT M MOBILE 대표 홈페이지,kt M 모바일,http://www.kwacc.or.kr/CertificationSite/WA/875/Detail?page=147,http://www.ktmmobile.com,EXPIRED,2019-11-13,2020-11-12,147,6,http://www.kwacc.or.kr/CertificationSite/WA/List?page=147,2fa19ae87eab4a7deb4285f7afdaeca1356daf8197a80c7791f51be203b73b58,2026-08-26T03:26:38.743800+00:00,0,0
902,한국장애인고용공단 대표 홈페이지,한국장애인고용공단,http://www.kwacc.or.kr/CertificationSite/WA/902/Detail?page=147,http://www.kead.or.kr,EXPIRED,2019-11-10,2020-11-09,147,7,http://www.kwacc.or.kr/CertificationSite/WA/List?page=147,2fa19ae87eab4a7deb4285f7afdaeca1356daf8197a80c7791f51be203b73b58,2026-08-26T03:26:38.743800+00:00,0,0
885,학생/학부모 인증서 발급 대표 홈페이지,한국교육학술정보원,http://www.kwacc.or.kr/CertificationSite/WA/885/Detail?page=147,http://keris.signgate.com,EXPIRED,2019-11-10,2020-11-09,147,8,http://www.kwacc.or.kr/CertificationSite/WA/List?page=147,2fa19ae87eab4a7deb4285f7afdaeca1356daf8197a80c7791f51be203b73b58,2026-08-26T03:26:38.743800+00:00,0,0
877,한전산업개발 대표 홈페이지,한전산업개발(주),http://www.kwacc.or.kr/CertificationSite/WA/877/Detail?page=147,http://www.kepid.co.kr,EXPIRED,2019-11-08,2020-11-07,147,9,http://www.kwacc.or.kr/CertificationSite/WA/List?page=147,2fa19ae87eab4a7deb4285f7afdaeca1356daf8197a80c7791f51be203b73b58,2026-08-26T03:26:38.743800+00:00,0,0
874,자동차 번호판영치 간편민원 서비스 대표 홈페이지,서울특별시,http://www.kwacc.or.kr/CertificationSite/WA/874/Detail?page=147,https://youngchi.seoul.go.kr,EXPIRED,2019-11-08,2020-11-07,147,10,http://www.kwacc.or.kr/CertificationSite/WA/List?page=147,2fa19ae87eab4a7deb4285f7afdaeca1356daf8197a80c7791f51be203b73b58,2026-08-26T03:26:38.743800+00:00,0,0
863,보건복지상담센터 대표 홈페이지,보건복지상담센터,http://www.kwacc.or.kr/CertificationSite/WA/863/Detail?page=148,http://www.129.go.kr,EXPIRED,2019-11-07,2020-11-06,148,1,http://www.kwacc.or.kr/CertificationSite/WA/List?page=148,196dd54fd935da438fe414bcd6eda632c3c3a4d82dd08aada49a73fba3124ba4,2026-08-26T03:26:39.579011+00:00,0,0
880,T-together 대표 홈페이지,행복아이씨티,http://www.kwacc.or.kr/CertificationSite/WA/880/Detail?page=148,http://ttogether.sktelecom.com,EXPIRED,2019-11-02,2020-11-01,148,2,http://www.kwacc.or.kr/CertificationSite/WA/List?page=148,196dd54fd935da438fe414bcd6eda632c3c3a4d82dd08aada49a73fba3124ba4,2026-08-26T03:26:39.579011+00:00,0,0
872,지방공공기관 경영정보공개시스템 홈페이지,행정안전부,http://www.kwacc.or.kr/CertificationSite/WA/872/Detail?page=148,http://www.cleaneye.go.kr,EXPIRED,2019-11-01,2020-10-31,148,3,http://www.kwacc.or.kr/CertificationSite/WA/List?page=148,196dd54fd935da438fe414bcd6eda632c3c3a4d82dd08aada49a73fba3124ba4,2026-08-26T03:26:39.579011+00:00,0,0
906,경기도장애인복지종합지원센터 누림 대표 홈페이지,경기도장애인복지종합지원센터,http://www.kwacc.or.kr/CertificationSite/WA/906/Detail?page=148,http://www.ggnurim.or.kr,EXPIRED,2019-10-30,2020-10-29,148,4,http://www.kwacc.or.kr/CertificationSite/WA/List?page=148,196dd54fd935da438fe414bcd6eda632c3c3a4d82dd08aada49a73fba3124ba4,2026-08-26T03:26:39.579011+00:00,0,0
865,반올림 대표 홈페이지,반올림,http://www.kwacc.or.kr/CertificationSite/WA/865/Detail?page=148,http://banollim.com,EXPIRED,2019-10-30,2020-10-29,148,5,http://www.kwacc.or.kr/CertificationSite/WA/List?page=148,196dd54fd935da438fe414bcd6eda632c3c3a4d82dd08aada49a73fba3124ba4,2026-08-26T03:26:39.579011+00:00,0,0
897,벡스코 대표 홈페이지,벡스코,http://www.kwacc.or.kr/CertificationSite/WA/897/Detail?page=148,http://www.bexco.co.kr,EXPIRED,2019-10-26,2020-10-25,148,6,http://www.kwacc.or.kr/CertificationSite/WA/List?page=148,196dd54fd935da438fe414bcd6eda632c3c3a4d82dd08aada49a73fba3124ba4,2026-08-26T03:26:39.579011+00:00,0,0
893,대한민국 의무경찰 홈페이지,경찰청 (대한민국 의무경찰),http://www.kwacc.or.kr/CertificationSite/WA/893/Detail?page=148,http://ap.police.go.kr,EXPIRED,2019-10-26,2020-10-25,148,7,http://www.kwacc.or.kr/CertificationSite/WA/List?page=148,196dd54fd935da438fe414bcd6eda632c3c3a4d82dd08aada49a73fba3124ba4,2026-08-26T03:26:39.579011+00:00,0,0
864,수원도시공사 대표 홈페이지,수원도시공사,http://www.kwacc.or.kr/CertificationSite/WA/864/Detail?page=148,http://www.suwonudc.co.kr,EXPIRED,2019-10-24,2020-10-23,148,8,http://www.kwacc.or.kr/CertificationSite/WA/List?page=148,196dd54fd935da438fe414bcd6eda632c3c3a4d82dd08aada49a73fba3124ba4,2026-08-26T03:26:39.579011+00:00,0,0
861,제이테크 대표 홈페이지,제이테크,http://www.kwacc.or.kr/CertificationSite/WA/861/Detail?page=148,http://j-tech.kr,EXPIRED,2019-10-23,2020-10-22,148,9,http://www.kwacc.or.kr/CertificationSite/WA/List?page=148,196dd54fd935da438fe414bcd6eda632c3c3a4d82dd08aada49a73fba3124ba4,2026-08-26T03:26:39.579011+00:00,0,0
862,성남시청소년재단 대표 홈페이지,성남시청소년재단,http://www.kwacc.or.kr/CertificationSite/WA/862/Detail?page=148,http://www.snyouth.or.kr,EXPIRED,2019-10-22,2020-10-21,148,10,http://www.kwacc.or.kr/CertificationSite/WA/List?page=148,196dd54fd935da438fe414bcd6eda632c3c3a4d82dd08aada49a73fba3124ba4,2026-08-26T03:26:39.579011+00:00,0,0
871,대원대학교 대표 홈페이지,대원대학교,http://www.kwacc.or.kr/CertificationSite/WA/871/Detail?page=149,http://www.daewon.ac.kr,EXPIRED,2019-10-19,2020-10-18,149,1,http://www.kwacc.or.kr/CertificationSite/WA/List?page=149,25b988f4f658e9fd563308c7b3c492b48ce72dd3872c032392b61c8d2ac83355,2026-08-26T03:26:40.371238+00:00,0,0
860,해양경찰청 대표 홈페이지,해양경찰청,http://www.kwacc.or.kr/CertificationSite/WA/860/Detail?page=149,http://www.kcg.go.kr,EXPIRED,2019-10-12,2020-10-11,149,2,http://www.kwacc.or.kr/CertificationSite/WA/List?page=149,25b988f4f658e9fd563308c7b3c492b48ce72dd3872c032392b61c8d2ac83355,2026-08-26T03:26:40.371238+00:00,0,0
859,국립정신건강센터 대표 홈페이지,국립정신건강센터,http://www.kwacc.or.kr/CertificationSite/WA/859/Detail?page=149,http://www.ncmh.go.kr,EXPIRED,2019-10-11,2020-10-10,149,3,http://www.kwacc.or.kr/CertificationSite/WA/List?page=149,25b988f4f658e9fd563308c7b3c492b48ce72dd3872c032392b61c8d2ac83355,2026-08-26T03:26:40.371238+00:00,0,0
870,현대HDS 대표 홈페이지,현대HDS,http://www.kwacc.or.kr/CertificationSite/WA/870/Detail?page=149,http://www.hyundaihds.co.kr,EXPIRED,2019-10-10,2020-10-09,149,4,http://www.kwacc.or.kr/CertificationSite/WA/List?page=149,25b988f4f658e9fd563308c7b3c492b48ce72dd3872c032392b61c8d2ac83355,2026-08-26T03:26:40.371238+00:00,0,0
868,인사혁신처 대표 홈페이지,인사혁신처,http://www.kwacc.or.kr/CertificationSite/WA/868/Detail?page=149,http://www.mpm.go.kr,EXPIRED,2019-09-29,2020-09-28,149,5,http://www.kwacc.or.kr/CertificationSite/WA/List?page=149,25b988f4f658e9fd563308c7b3c492b48ce72dd3872c032392b61c8d2ac83355,2026-08-26T03:26:40.371238+00:00,0,0
869,한국장애인고용공단 채용 홈페이지,한국장애인고용공단,http://www.kwacc.or.kr/CertificationSite/WA/869/Detail?page=149,http://recruit.esingo.or.kr,EXPIRED,2019-09-28,2020-09-27,149,6,http://www.kwacc.or.kr/CertificationSite/WA/List?page=149,25b988f4f658e9fd563308c7b3c492b48ce72dd3872c032392b61c8d2ac83355,2026-08-26T03:26:40.371238+00:00,0,0
855,컬처타임즈 홈페이지,컬처타임즈,http://www.kwacc.or.kr/CertificationSite/WA/855/Detail?page=149,http://www.ctimes.co.kr,EXPIRED,2019-09-06,2020-09-06,149,7,http://www.kwacc.or.kr/CertificationSite/WA/List?page=149,25b988f4f658e9fd563308c7b3c492b48ce72dd3872c032392b61c8d2ac83355,2026-08-26T03:26:40.371238+00:00,0,0
854,방송문화진흥회 대표 홈페이지,방송문화진흥회,http://www.kwacc.or.kr/CertificationSite/WA/854/Detail?page=149,http://www.fbc.or.kr,EXPIRED,2019-09-05,2020-09-04,149,8,http://www.kwacc.or.kr/CertificationSite/WA/List?page=149,25b988f4f658e9fd563308c7b3c492b48ce72dd3872c032392b61c8d2ac83355,2026-08-26T03:26:40.371238+00:00,0,0
856,우체국택배​ 대표 홈페이지,인터넷우체국,http://www.kwacc.or.kr/CertificationSite/WA/856/Detail?page=149,https://parcel.epost.go.kr,EXPIRED,2019-09-01,2020-08-31,149,9,http://www.kwacc.or.kr/CertificationSite/WA/List?page=149,25b988f4f658e9fd563308c7b3c492b48ce72dd3872c032392b61c8d2ac83355,2026-08-26T03:26:40.371238+00:00,0,0
849,청소년기업가체험프로그램 대표 홈페이지,한국청년기업가정신재단,http://www.kwacc.or.kr/CertificationSite/WA/849/Detail?page=149,http://yeep.kr,EXPIRED,2019-08-23,2020-08-22,149,10,http://www.kwacc.or.kr/CertificationSite/WA/List?page=149,25b988f4f658e9fd563308c7b3c492b48ce72dd3872c032392b61c8d2ac83355,2026-08-26T03:26:40.371238+00:00,0,0
853,교보문고 전자도서관 대표 홈페이지,㈜교보문고,http://www.kwacc.or.kr/CertificationSite/WA/853/Detail?page=150,http://ebook.dkyobobook.co.kr,EXPIRED,2019-08-20,2020-08-19,150,1,http://www.kwacc.or.kr/CertificationSite/WA/List?page=150,f1644b048bce95a3fba3a961050a229813627b1c9109be4a7867a7f6047511ff,2026-08-26T03:26:41.158871+00:00,0,0
846,국립소록도병원 대표 홈페이지,국립소록도병원,http://www.kwacc.or.kr/CertificationSite/WA/846/Detail?page=150,http://www.sorokdo.go.kr,EXPIRED,2019-08-14,2020-08-13,150,2,http://www.kwacc.or.kr/CertificationSite/WA/List?page=150,f1644b048bce95a3fba3a961050a229813627b1c9109be4a7867a7f6047511ff,2026-08-26T03:26:41.158871+00:00,0,0
857,완도군청 대표 홈페이지,완도군청,http://www.kwacc.or.kr/CertificationSite/WA/857/Detail?page=150,http://www.wando.go.kr,EXPIRED,2019-08-06,2020-08-05,150,3,http://www.kwacc.or.kr/CertificationSite/WA/List?page=150,f1644b048bce95a3fba3a961050a229813627b1c9109be4a7867a7f6047511ff,2026-08-26T03:26:41.158871+00:00,0,0
850,대한결핵협회 대표 홈페이지,대한결핵협회,http://www.kwacc.or.kr/CertificationSite/WA/850/Detail?page=150,http://www.knta.or.kr,EXPIRED,2019-08-06,2020-08-05,150,4,http://www.kwacc.or.kr/CertificationSite/WA/List?page=150,f1644b048bce95a3fba3a961050a229813627b1c9109be4a7867a7f6047511ff,2026-08-26T03:26:41.158871+00:00,0,0
848,목포시청 대표 홈페이지,목포시청,http://www.kwacc.or.kr/CertificationSite/WA/848/Detail?page=150,http://www.mokpo.go.kr,EXPIRED,2019-07-27,2020-07-26,150,5,http://www.kwacc.or.kr/CertificationSite/WA/List?page=150,f1644b048bce95a3fba3a961050a229813627b1c9109be4a7867a7f6047511ff,2026-08-26T03:26:41.158871+00:00,0,0
844,커리어넷​ 대표 홈페이지,한국직업능력개발원,http://www.kwacc.or.kr/CertificationSite/WA/844/Detail?page=150,http://www.career.go.kr,EXPIRED,2019-07-27,2020-07-26,150,6,http://www.kwacc.or.kr/CertificationSite/WA/List?page=150,f1644b048bce95a3fba3a961050a229813627b1c9109be4a7867a7f6047511ff,2026-08-26T03:26:41.158871+00:00,0,0
843,마몽드 공식 홈페이지,(주)아모레퍼시픽,http://www.kwacc.or.kr/CertificationSite/WA/843/Detail?page=150,https://www.mamonde.com/kr/ko,EXPIRED,2019-07-25,2020-07-24,150,7,http://www.kwacc.or.kr/CertificationSite/WA/List?page=150,f1644b048bce95a3fba3a961050a229813627b1c9109be4a7867a7f6047511ff,2026-08-26T03:26:41.158871+00:00,0,0
842,강진군청 대표 홈페이지​,강진군청,http://www.kwacc.or.kr/CertificationSite/WA/842/Detail?page=150,http://www.gangjin.go.kr,EXPIRED,2019-07-24,2020-07-23,150,8,http://www.kwacc.or.kr/CertificationSite/WA/List?page=150,f1644b048bce95a3fba3a961050a229813627b1c9109be4a7867a7f6047511ff,2026-08-26T03:26:41.158871+00:00,0,0
851,영양군청 대표 홈페이지,영양군청,http://www.kwacc.or.kr/CertificationSite/WA/851/Detail?page=150,http://www.yyg.go.kr,EXPIRED,2019-07-21,2020-07-20,150,9,http://www.kwacc.or.kr/CertificationSite/WA/List?page=150,f1644b048bce95a3fba3a961050a229813627b1c9109be4a7867a7f6047511ff,2026-08-26T03:26:41.158871+00:00,0,0
837,One-Health 항생제 내성균 포털 홈페이지​,질병관리본부,http://www.kwacc.or.kr/CertificationSite/WA/837/Detail?page=150,http://www.cdc.go.kr/kohas,EXPIRED,2019-07-19,2020-07-18,150,10,http://www.kwacc.or.kr/CertificationSite/WA/List?page=150,f1644b048bce95a3fba3a961050a229813627b1c9109be4a7867a7f6047511ff,2026-08-26T03:26:41.158871+00:00,0,0
841,장흥군청 대표 홈페이지,장흥군청,http://www.kwacc.or.kr/CertificationSite/WA/841/Detail?page=151,http://www.jangheung.go.kr,EXPIRED,2019-07-14,2020-07-13,151,1,http://www.kwacc.or.kr/CertificationSite/WA/List?page=151,d2303259be100f15e75ae2e4202e1b0d2c53c970b70c0a32aae1b4c21de83f9a,2026-08-26T03:26:41.945612+00:00,0,0
836,용인문화재단 대표 홈페이지,용인문화재단,http://www.kwacc.or.kr/CertificationSite/WA/836/Detail?page=151,http://www.yicf.or.kr,EXPIRED,2019-07-12,2020-07-11,151,2,http://www.kwacc.or.kr/CertificationSite/WA/List?page=151,d2303259be100f15e75ae2e4202e1b0d2c53c970b70c0a32aae1b4c21de83f9a,2026-08-26T03:26:41.945612+00:00,0,0
847,CNCITY에너지 대표 홈페이지,씨엔씨티에너지주식회사,http://www.kwacc.or.kr/CertificationSite/WA/847/Detail?page=151,https://www.cncityenergy.com,EXPIRED,2019-07-10,2020-07-09,151,3,http://www.kwacc.or.kr/CertificationSite/WA/List?page=151,d2303259be100f15e75ae2e4202e1b0d2c53c970b70c0a32aae1b4c21de83f9a,2026-08-26T03:26:41.945612+00:00,0,0
852,교실온닷 대표 홈페이지,한국교육개발원,http://www.kwacc.or.kr/CertificationSite/WA/852/Detail?page=151,https://edu.classon.kr/edu/main/index.do,EXPIRED,2019-07-06,2020-07-05,151,4,http://www.kwacc.or.kr/CertificationSite/WA/List?page=151,d2303259be100f15e75ae2e4202e1b0d2c53c970b70c0a32aae1b4c21de83f9a,2026-08-26T03:26:41.945612+00:00,0,0
845,원격영상 진로멘토링 대표​ 홈페이지,한국청소년기업가정신재단,http://www.kwacc.or.kr/CertificationSite/WA/845/Detail?page=151,http://mentoring.career.go.kr,EXPIRED,2019-07-06,2020-07-05,151,5,http://www.kwacc.or.kr/CertificationSite/WA/List?page=151,d2303259be100f15e75ae2e4202e1b0d2c53c970b70c0a32aae1b4c21de83f9a,2026-08-26T03:26:41.945612+00:00,0,0
834,서울시각장애인 생활이동지원센터 대표 홈페이지,서울시각장애인 생활이동지원센터,http://www.kwacc.or.kr/CertificationSite/WA/834/Detail?page=151,https://kbucall.org/main.do,EXPIRED,2019-07-04,2020-07-03,151,6,http://www.kwacc.or.kr/CertificationSite/WA/List?page=151,d2303259be100f15e75ae2e4202e1b0d2c53c970b70c0a32aae1b4c21de83f9a,2026-08-26T03:26:41.945612+00:00,0,0
833,예스이십사 전자도서관,예스이십사(주),http://www.kwacc.or.kr/CertificationSite/WA/833/Detail?page=151,http://ebook.yes24library.com,EXPIRED,2019-07-01,2020-06-30,151,7,http://www.kwacc.or.kr/CertificationSite/WA/List?page=151,d2303259be100f15e75ae2e4202e1b0d2c53c970b70c0a32aae1b4c21de83f9a,2026-08-26T03:26:41.945612+00:00,0,0
832,100세누리 시니어사회활동포털 대표 홈페이지,한국노인인력개발원,http://www.kwacc.or.kr/CertificationSite/WA/832/Detail?page=151,http://www.100senuri.go.kr,EXPIRED,2019-06-22,2020-06-21,151,8,http://www.kwacc.or.kr/CertificationSite/WA/List?page=151,d2303259be100f15e75ae2e4202e1b0d2c53c970b70c0a32aae1b4c21de83f9a,2026-08-26T03:26:41.945612+00:00,0,0
831,남도사이버갤러리 대표 홈페이지,(재)전라남도문화관광재단,http://www.kwacc.or.kr/CertificationSite/WA/831/Detail?page=151,http://www.namdogallery.or.kr,EXPIRED,2019-06-19,2020-06-18,151,9,http://www.kwacc.or.kr/CertificationSite/WA/List?page=151,d2303259be100f15e75ae2e4202e1b0d2c53c970b70c0a32aae1b4c21de83f9a,2026-08-26T03:26:41.945612+00:00,0,0
830,인천종합에너지 홈페이지,인천종합에너지주식회사,http://www.kwacc.or.kr/CertificationSite/WA/830/Detail?page=151,http://www.e-inteco.co.kr,EXPIRED,2019-06-17,2020-06-16,151,10,http://www.kwacc.or.kr/CertificationSite/WA/List?page=151,d2303259be100f15e75ae2e4202e1b0d2c53c970b70c0a32aae1b4c21de83f9a,2026-08-26T03:26:41.945612+00:00,0,0
835,성남아트센터 대표 홈페이지,성남아트센터,http://www.kwacc.or.kr/CertificationSite/WA/835/Detail?page=152,http://www.snart.or.kr,EXPIRED,2019-06-07,2020-06-06,152,1,http://www.kwacc.or.kr/CertificationSite/WA/List?page=152,54bfda62ee8c34f44886c2495ba56a9a01def5e8750465a7dc4d4ada3b34f2f0,2026-08-26T03:26:42.739831+00:00,0,0
828,롯데캐피탈 대표 홈페이지,롯데캐피탈(주),http://www.kwacc.or.kr/CertificationSite/WA/828/Detail?page=152,http://www.lottecap.com,EXPIRED,2019-06-02,2020-06-01,152,2,http://www.kwacc.or.kr/CertificationSite/WA/List?page=152,54bfda62ee8c34f44886c2495ba56a9a01def5e8750465a7dc4d4ada3b34f2f0,2026-08-26T03:26:42.739831+00:00,0,0
827,LG Content Store 모바일 대표​ 홈페이지,LG전자(주),http://www.kwacc.or.kr/CertificationSite/WA/827/Detail?page=152,https://kr.lgappstv.com,EXPIRED,2019-05-27,2020-05-26,152,3,http://www.kwacc.or.kr/CertificationSite/WA/List?page=152,54bfda62ee8c34f44886c2495ba56a9a01def5e8750465a7dc4d4ada3b34f2f0,2026-08-26T03:26:42.739831+00:00,0,0
826,LG Content Store 대표​ 홈페이지,LG전자(주),http://www.kwacc.or.kr/CertificationSite/WA/826/Detail?page=152,https://kr.lgappstv.com,EXPIRED,2019-05-27,2020-05-26,152,4,http://www.kwacc.or.kr/CertificationSite/WA/List?page=152,54bfda62ee8c34f44886c2495ba56a9a01def5e8750465a7dc4d4ada3b34f2f0,2026-08-26T03:26:42.739831+00:00,0,0
839,한국정보화진흥원 모바일웹,한국정보화진흥원,http://www.kwacc.or.kr/CertificationSite/WA/839/Detail?page=152,https://www.nia.or.kr,EXPIRED,2019-05-25,2020-05-24,152,5,http://www.kwacc.or.kr/CertificationSite/WA/List?page=152,54bfda62ee8c34f44886c2495ba56a9a01def5e8750465a7dc4d4ada3b34f2f0,2026-08-26T03:26:42.739831+00:00,0,0
838,한국정보화진흥원 대표 홈페이지,한국정보화진흥원,http://www.kwacc.or.kr/CertificationSite/WA/838/Detail?page=152,https://www.nia.or.kr,EXPIRED,2019-05-25,2020-05-24,152,6,http://www.kwacc.or.kr/CertificationSite/WA/List?page=152,54bfda62ee8c34f44886c2495ba56a9a01def5e8750465a7dc4d4ada3b34f2f0,2026-08-26T03:26:42.739831+00:00,0,0
829,대구도시철도공사 대표 홈페이지,대구도시철도공사,http://www.kwacc.or.kr/CertificationSite/WA/829/Detail?page=152,https://www.dtro.or.kr,EXPIRED,2019-05-25,2020-05-24,152,7,http://www.kwacc.or.kr/CertificationSite/WA/List?page=152,54bfda62ee8c34f44886c2495ba56a9a01def5e8750465a7dc4d4ada3b34f2f0,2026-08-26T03:26:42.739831+00:00,0,0
840,보건복지위원회 대표 홈페이지,보건복지위원회,http://www.kwacc.or.kr/CertificationSite/WA/840/Detail?page=152,http://health.na.go.kr,EXPIRED,2019-05-23,2020-05-22,152,8,http://www.kwacc.or.kr/CertificationSite/WA/List?page=152,54bfda62ee8c34f44886c2495ba56a9a01def5e8750465a7dc4d4ada3b34f2f0,2026-08-26T03:26:42.739831+00:00,0,0
825,해양환경교육원 대표 홈페이지,해양환경교육원,http://www.kwacc.or.kr/CertificationSite/WA/825/Detail?page=152,https://www.merti.or.kr,EXPIRED,2019-05-17,2020-05-16,152,9,http://www.kwacc.or.kr/CertificationSite/WA/List?page=152,54bfda62ee8c34f44886c2495ba56a9a01def5e8750465a7dc4d4ada3b34f2f0,2026-08-26T03:26:42.739831+00:00,0,0
815,BYC 대표 홈페이지,BYC,http://www.kwacc.or.kr/CertificationSite/WA/815/Detail?page=152,http://home.byc.co.kr,EXPIRED,2019-04-29,2020-04-28,152,10,http://www.kwacc.or.kr/CertificationSite/WA/List?page=152,54bfda62ee8c34f44886c2495ba56a9a01def5e8750465a7dc4d4ada3b34f2f0,2026-08-26T03:26:42.739831+00:00,0,0
814,The-K저축은행 홈페이지,The-K저축은행,http://www.kwacc.or.kr/CertificationSite/WA/814/Detail?page=153,http://www.thekbank.co.kr,EXPIRED,2019-04-29,2020-04-28,153,1,http://www.kwacc.or.kr/CertificationSite/WA/List?page=153,9603ca449caead04eef5cd9b0396216aaeb6676860b6252b31e0a4142cfeb861,2026-08-26T03:26:43.555565+00:00,0,0
820,EBS 장애인서비스 대표 홈페이지,한국교육방송공사,http://www.kwacc.or.kr/CertificationSite/WA/820/Detail?page=153,http://www.ebs.co.kr/free,EXPIRED,2019-04-28,2020-04-27,153,2,http://www.kwacc.or.kr/CertificationSite/WA/List?page=153,9603ca449caead04eef5cd9b0396216aaeb6676860b6252b31e0a4142cfeb861,2026-08-26T03:26:43.555565+00:00,0,0
819,서울다누림관광 모바일 홈페이지,(재)서울관광재단,http://www.kwacc.or.kr/CertificationSite/WA/819/Detail?page=153,https://www.seouldanurim.net,EXPIRED,2019-04-26,2020-04-25,153,3,http://www.kwacc.or.kr/CertificationSite/WA/List?page=153,9603ca449caead04eef5cd9b0396216aaeb6676860b6252b31e0a4142cfeb861,2026-08-26T03:26:43.555565+00:00,0,0
818,서울다누림관광 대표 홈페이지,(재)서울관광재단,http://www.kwacc.or.kr/CertificationSite/WA/818/Detail?page=153,https://www.seouldanurim.net,EXPIRED,2019-04-26,2020-04-25,153,4,http://www.kwacc.or.kr/CertificationSite/WA/List?page=153,9603ca449caead04eef5cd9b0396216aaeb6676860b6252b31e0a4142cfeb861,2026-08-26T03:26:43.555565+00:00,0,0
813,시흥시시설관리공단 대표 홈페이지,시흥시시설관리공단,http://www.kwacc.or.kr/CertificationSite/WA/813/Detail?page=153,http://shsi.or.kr,EXPIRED,2019-04-22,2020-04-21,153,5,http://www.kwacc.or.kr/CertificationSite/WA/List?page=153,9603ca449caead04eef5cd9b0396216aaeb6676860b6252b31e0a4142cfeb861,2026-08-26T03:26:43.555565+00:00,0,0
816,애큐온저축은행 대표 홈페이지,애큐온저축은행,http://www.kwacc.or.kr/CertificationSite/WA/816/Detail?page=153,https://www.acuonsb.co.kr,EXPIRED,2019-04-18,2020-04-17,153,6,http://www.kwacc.or.kr/CertificationSite/WA/List?page=153,9603ca449caead04eef5cd9b0396216aaeb6676860b6252b31e0a4142cfeb861,2026-08-26T03:26:43.555565+00:00,0,0
824,국회사무처 대표 홈페이지,국회사무처,http://www.kwacc.or.kr/CertificationSite/WA/824/Detail?page=153,http://nas.na.go.kr,EXPIRED,2019-04-17,2020-04-16,153,7,http://www.kwacc.or.kr/CertificationSite/WA/List?page=153,9603ca449caead04eef5cd9b0396216aaeb6676860b6252b31e0a4142cfeb861,2026-08-26T03:26:43.555565+00:00,0,0
822,전북기계공업고등학교 대표 홈페이지,전북기계공업고등학교,http://www.kwacc.or.kr/CertificationSite/WA/822/Detail?page=153,http://cmt.or.kr,EXPIRED,2019-04-12,2020-04-11,153,8,http://www.kwacc.or.kr/CertificationSite/WA/List?page=153,9603ca449caead04eef5cd9b0396216aaeb6676860b6252b31e0a4142cfeb861,2026-08-26T03:26:43.555565+00:00,0,0
811,보성문화관광 대표 홈페이지,보성군청,http://www.kwacc.or.kr/CertificationSite/WA/811/Detail?page=153,http://www.boseong.go.kr/tour,EXPIRED,2019-04-11,2020-04-10,153,9,http://www.kwacc.or.kr/CertificationSite/WA/List?page=153,9603ca449caead04eef5cd9b0396216aaeb6676860b6252b31e0a4142cfeb861,2026-08-26T03:26:43.555565+00:00,0,0
867,웹 접근성 연구소 홈페이지,한국정보화진흥원,http://www.kwacc.or.kr/CertificationSite/WA/867/Detail?page=153,http://www.wah.or.kr,EXPIRED,2019-04-09,2020-04-08,153,10,http://www.kwacc.or.kr/CertificationSite/WA/List?page=153,9603ca449caead04eef5cd9b0396216aaeb6676860b6252b31e0a4142cfeb861,2026-08-26T03:26:43.555565+00:00,0,0
821,웹 접근성 연구소 홈페이지,한국정보화진흥원,http://www.kwacc.or.kr/CertificationSite/WA/821/Detail?page=154,http://www.wah.or.kr,EXPIRED,2019-04-09,2020-04-08,154,1,http://www.kwacc.or.kr/CertificationSite/WA/List?page=154,ade7cb301a3f1f23d6eea80fbc7bbbb072dd08609cb3f74c9419b9f387e62f93,2026-08-26T03:26:44.341730+00:00,0,0
817,웹 접근성 연구소 홈페이지,한국정보화진흥원,http://www.kwacc.or.kr/CertificationSite/WA/817/Detail?page=154,http://www.wah.or.kr,EXPIRED,2019-04-09,2020-04-08,154,2,http://www.kwacc.or.kr/CertificationSite/WA/List?page=154,ade7cb301a3f1f23d6eea80fbc7bbbb072dd08609cb3f74c9419b9f387e62f93,2026-08-26T03:26:44.341730+00:00,0,0
823,리리코스 마린에너지 대표 홈페이지,㈜아모레퍼시픽,http://www.kwacc.or.kr/CertificationSite/WA/823/Detail?page=154,http://www.lirikosmarine.com,EXPIRED,2019-04-06,2020-04-05,154,3,http://www.kwacc.or.kr/CertificationSite/WA/List?page=154,ade7cb301a3f1f23d6eea80fbc7bbbb072dd08609cb3f74c9419b9f387e62f93,2026-08-26T03:26:44.341730+00:00,0,0
808,행복나눔재단 대표 홈페이지,행복나눔재단,http://www.kwacc.or.kr/CertificationSite/WA/808/Detail?page=154,http://skhappiness.org,EXPIRED,2019-04-04,2020-04-03,154,4,http://www.kwacc.or.kr/CertificationSite/WA/List?page=154,ade7cb301a3f1f23d6eea80fbc7bbbb072dd08609cb3f74c9419b9f387e62f93,2026-08-26T03:26:44.341730+00:00,0,0
806,국립한글박물관 대표 홈페이지,국립한글박물관,http://www.kwacc.or.kr/CertificationSite/WA/806/Detail?page=154,http://www.hangeul.go.kr,EXPIRED,2019-03-22,2020-03-21,154,5,http://www.kwacc.or.kr/CertificationSite/WA/List?page=154,ade7cb301a3f1f23d6eea80fbc7bbbb072dd08609cb3f74c9419b9f387e62f93,2026-08-26T03:26:44.341730+00:00,0,0
812,연암대학교 대표 홈페이지,연암대학교,http://www.kwacc.or.kr/CertificationSite/WA/812/Detail?page=154,http://www.yonam.ac.kr,EXPIRED,2019-03-21,2020-03-20,154,6,http://www.kwacc.or.kr/CertificationSite/WA/List?page=154,ade7cb301a3f1f23d6eea80fbc7bbbb072dd08609cb3f74c9419b9f387e62f93,2026-08-26T03:26:44.341730+00:00,0,0
807,국립망향의동산관리원 대표 홈페이지,국립망향의동산관리원,http://www.kwacc.or.kr/CertificationSite/WA/807/Detail?page=154,http://www.nmhc.go.kr,EXPIRED,2019-03-21,2020-03-20,154,7,http://www.kwacc.or.kr/CertificationSite/WA/List?page=154,ade7cb301a3f1f23d6eea80fbc7bbbb072dd08609cb3f74c9419b9f387e62f93,2026-08-26T03:26:44.341730+00:00,0,0
809,인천국제공항 대표 홈페이지,인천국제공항,http://www.kwacc.or.kr/CertificationSite/WA/809/Detail?page=154,http://www.airport.kr,EXPIRED,2019-03-15,2020-03-14,154,8,http://www.kwacc.or.kr/CertificationSite/WA/List?page=154,ade7cb301a3f1f23d6eea80fbc7bbbb072dd08609cb3f74c9419b9f387e62f93,2026-08-26T03:26:44.341730+00:00,0,0
805,캐논코리아 비즈니스 솔루션 대표 홈페이지,캐논코리아 비즈니스 솔루션(주),http://www.kwacc.or.kr/CertificationSite/WA/805/Detail?page=154,http://www.canon-bs.co.kr,EXPIRED,2019-03-15,2020-03-14,154,9,http://www.kwacc.or.kr/CertificationSite/WA/List?page=154,ade7cb301a3f1f23d6eea80fbc7bbbb072dd08609cb3f74c9419b9f387e62f93,2026-08-26T03:26:44.341730+00:00,0,0
804,강원도 삼척의료원 홈페이지,강원도 삼척의료원,http://www.kwacc.or.kr/CertificationSite/WA/804/Detail?page=154,http://www.ksmc.or.kr,EXPIRED,2019-03-15,2020-03-14,154,10,http://www.kwacc.or.kr/CertificationSite/WA/List?page=154,ade7cb301a3f1f23d6eea80fbc7bbbb072dd08609cb3f74c9419b9f387e62f93,2026-08-26T03:26:44.341730+00:00,0,0
810,방송통신심의위원회 대표 홈페이지,방송통신심의위원회,http://www.kwacc.or.kr/CertificationSite/WA/810/Detail?page=155,http://www.kocsc.or.kr,EXPIRED,2019-03-14,2020-03-13,155,1,http://www.kwacc.or.kr/CertificationSite/WA/List?page=155,f51d732c53ce4de9f307f4a43cfe4f5cbf73022766bbcc9f39361cceb3756c9a,2026-08-26T03:26:45.131127+00:00,0,0
803,온라인투표시스템 홈페이지,중앙선거관리위원회,http://www.kwacc.or.kr/CertificationSite/WA/803/Detail?page=155,,EXPIRED,2019-03-07,2020-03-06,155,2,http://www.kwacc.or.kr/CertificationSite/WA/List?page=155,f51d732c53ce4de9f307f4a43cfe4f5cbf73022766bbcc9f39361cceb3756c9a,2026-08-26T03:26:45.131127+00:00,0,0
802,서울시 도시철도9호선 대표 홈페이지,서울시메트로9호선(주),http://www.kwacc.or.kr/CertificationSite/WA/802/Detail?page=155,http://www.metro9.co.kr,EXPIRED,2019-03-07,2020-03-06,155,3,http://www.kwacc.or.kr/CertificationSite/WA/List?page=155,f51d732c53ce4de9f307f4a43cfe4f5cbf73022766bbcc9f39361cceb3756c9a,2026-08-26T03:26:45.131127+00:00,0,0
801,보성군청 대표 홈페이지,보성군청,http://www.kwacc.or.kr/CertificationSite/WA/801/Detail?page=155,http://www.boseong.go.kr,EXPIRED,2019-02-28,2020-02-27,155,4,http://www.kwacc.or.kr/CertificationSite/WA/List?page=155,f51d732c53ce4de9f307f4a43cfe4f5cbf73022766bbcc9f39361cceb3756c9a,2026-08-26T03:26:45.131127+00:00,0,0
800,혜림종합복지관 대표 홈페이지,혜림종합복지관,http://www.kwacc.or.kr/CertificationSite/WA/800/Detail?page=155,http://www.hyelim.or.kr,EXPIRED,2019-02-28,2020-02-27,155,5,http://www.kwacc.or.kr/CertificationSite/WA/List?page=155,f51d732c53ce4de9f307f4a43cfe4f5cbf73022766bbcc9f39361cceb3756c9a,2026-08-26T03:26:45.131127+00:00,0,0
798,스마트시티즌랩 대표 홈페이지,서울디지털재단,http://www.kwacc.or.kr/CertificationSite/WA/798/Detail?page=155,https://civiclab.seoul.kr,EXPIRED,2019-02-22,2020-02-21,155,6,http://www.kwacc.or.kr/CertificationSite/WA/List?page=155,f51d732c53ce4de9f307f4a43cfe4f5cbf73022766bbcc9f39361cceb3756c9a,2026-08-26T03:26:45.131127+00:00,0,0
799,장애인영화제 대표 홈페이지,(사)한국농아인협회,http://www.kwacc.or.kr/CertificationSite/WA/799/Detail?page=155,http://www.pdff.or.kr,EXPIRED,2019-02-21,2020-02-20,155,7,http://www.kwacc.or.kr/CertificationSite/WA/List?page=155,f51d732c53ce4de9f307f4a43cfe4f5cbf73022766bbcc9f39361cceb3756c9a,2026-08-26T03:26:45.131127+00:00,0,0
797,광주광역시도시공사 대표 홈페이지,광주광역시도시공사,http://www.kwacc.or.kr/CertificationSite/WA/797/Detail?page=155,http://www.gmcc.co.kr/,EXPIRED,2019-02-18,2020-02-17,155,8,http://www.kwacc.or.kr/CertificationSite/WA/List?page=155,f51d732c53ce4de9f307f4a43cfe4f5cbf73022766bbcc9f39361cceb3756c9a,2026-08-26T03:26:45.131127+00:00,0,0
795,가족친화지원사업 대표 홈페이지,한국건강가정진흥원,http://www.kwacc.or.kr/CertificationSite/WA/795/Detail?page=155,http://ffsb.kr,EXPIRED,2019-02-01,2020-01-31,155,9,http://www.kwacc.or.kr/CertificationSite/WA/List?page=155,f51d732c53ce4de9f307f4a43cfe4f5cbf73022766bbcc9f39361cceb3756c9a,2026-08-26T03:26:45.131127+00:00,0,0
793,현대모비스피버스농구단 대표 홈페이지,현대모비스피버스농구단,http://www.kwacc.or.kr/CertificationSite/WA/793/Detail?page=155,https://www.mobisphoebus.co.kr,EXPIRED,2019-02-01,2020-01-31,155,10,http://www.kwacc.or.kr/CertificationSite/WA/List?page=155,f51d732c53ce4de9f307f4a43cfe4f5cbf73022766bbcc9f39361cceb3756c9a,2026-08-26T03:26:45.131127+00:00,0,0
789,제주특별자치도개발공사 대표 홈페이지,제주특별자치도개발공사,http://www.kwacc.or.kr/CertificationSite/WA/789/Detail?page=156,http://www.jpdc.co.kr,EXPIRED,2019-01-14,2020-01-13,156,1,http://www.kwacc.or.kr/CertificationSite/WA/List?page=156,515f240f848dff5fd23c262f1f1b31dedf868034e595249fda6e2b9e89bcb7d6,2026-08-26T03:26:45.915698+00:00,0,0
794,나주시청 대표 홈페이지,나주시청,http://www.kwacc.or.kr/CertificationSite/WA/794/Detail?page=156,http://www.naju.go.kr,EXPIRED,2019-01-04,2020-01-03,156,2,http://www.kwacc.or.kr/CertificationSite/WA/List?page=156,515f240f848dff5fd23c262f1f1b31dedf868034e595249fda6e2b9e89bcb7d6,2026-08-26T03:26:45.915698+00:00,0,0
786,인천투어 대표 홈페이지,인천광역시청,http://www.kwacc.or.kr/CertificationSite/WA/786/Detail?page=156,http://itour.incheon.go.kr,EXPIRED,2018-12-31,2019-12-30,156,3,http://www.kwacc.or.kr/CertificationSite/WA/List?page=156,515f240f848dff5fd23c262f1f1b31dedf868034e595249fda6e2b9e89bcb7d6,2026-08-26T03:26:45.915698+00:00,0,0
881,국립중앙도서관 대표 홈페이지,국립중앙도서관,http://www.kwacc.or.kr/CertificationSite/WA/881/Detail?page=156,http://www.nl.go.kr,EXPIRED,2018-12-30,2019-12-29,156,4,http://www.kwacc.or.kr/CertificationSite/WA/List?page=156,515f240f848dff5fd23c262f1f1b31dedf868034e595249fda6e2b9e89bcb7d6,2026-08-26T03:26:45.915698+00:00,0,0
768,대한적십자사 혈액관리본부 대표 홈페이지,대한적십자 혈액관리본부,http://www.kwacc.or.kr/CertificationSite/WA/768/Detail?page=156,https://www.bloodinfo.net,EXPIRED,2018-12-29,2019-12-28,156,5,http://www.kwacc.or.kr/CertificationSite/WA/List?page=156,515f240f848dff5fd23c262f1f1b31dedf868034e595249fda6e2b9e89bcb7d6,2026-08-26T03:26:45.915698+00:00,0,0
764,전라남도장애인체육회 대표 홈페이지,전라남도장애인체육회,http://www.kwacc.or.kr/CertificationSite/WA/764/Detail?page=156,http://www.jnsad.or.kr,EXPIRED,2018-12-29,2019-12-28,156,6,http://www.kwacc.or.kr/CertificationSite/WA/List?page=156,515f240f848dff5fd23c262f1f1b31dedf868034e595249fda6e2b9e89bcb7d6,2026-08-26T03:26:45.915698+00:00,0,0
773,울산항만공사 국문 홈페이지,울산항만공사,http://www.kwacc.or.kr/CertificationSite/WA/773/Detail?page=156,https://www.upa.or.kr,EXPIRED,2018-12-23,2019-12-22,156,7,http://www.kwacc.or.kr/CertificationSite/WA/List?page=156,515f240f848dff5fd23c262f1f1b31dedf868034e595249fda6e2b9e89bcb7d6,2026-08-26T03:26:45.915698+00:00,0,0
766,울산항만공사 영문 대표 홈페이지,울산항만공사,http://www.kwacc.or.kr/CertificationSite/WA/766/Detail?page=156,https://upa.or.kr/contents.do?mId=002000000000000000,EXPIRED,2018-12-23,2019-12-22,156,8,http://www.kwacc.or.kr/CertificationSite/WA/List?page=156,515f240f848dff5fd23c262f1f1b31dedf868034e595249fda6e2b9e89bcb7d6,2026-08-26T03:26:45.915698+00:00,0,0
788,한국노인인력개발원 대표 홈페이지,한국노인인력개발원,http://www.kwacc.or.kr/CertificationSite/WA/788/Detail?page=156,http://www.kordi.or.kr,EXPIRED,2018-12-22,2019-12-21,156,9,http://www.kwacc.or.kr/CertificationSite/WA/List?page=156,515f240f848dff5fd23c262f1f1b31dedf868034e595249fda6e2b9e89bcb7d6,2026-08-26T03:26:45.915698+00:00,0,0
767,국립축산과학원 대표 홈페이지,국립축산과학원,http://www.kwacc.or.kr/CertificationSite/WA/767/Detail?page=156,http://www.nias.go.kr,EXPIRED,2018-12-21,2019-12-20,156,10,http://www.kwacc.or.kr/CertificationSite/WA/List?page=156,515f240f848dff5fd23c262f1f1b31dedf868034e595249fda6e2b9e89bcb7d6,2026-08-26T03:26:45.915698+00:00,0,0
765,한국장애인고용공단 모바일 홈페이지,한국장애인고용공단,http://www.kwacc.or.kr/CertificationSite/WA/765/Detail?page=157,https://m.kead.or.kr,EXPIRED,2018-12-21,2019-12-20,157,1,http://www.kwacc.or.kr/CertificationSite/WA/List?page=157,1d544e59236d75d30f924ff3401a2784aa4d66a67d42cc036e65b28683cf6de1,2026-08-26T03:26:46.708458+00:00,0,0
787,한국수출입은행 대표 홈페이지,한국수출입은행,http://www.kwacc.or.kr/CertificationSite/WA/787/Detail?page=157,http://www.koreaexim.go.kr,EXPIRED,2018-12-18,2019-12-17,157,2,http://www.kwacc.or.kr/CertificationSite/WA/List?page=157,1d544e59236d75d30f924ff3401a2784aa4d66a67d42cc036e65b28683cf6de1,2026-08-26T03:26:46.708458+00:00,0,0
775,법제처 대표 홈페이지,법제처,http://www.kwacc.or.kr/CertificationSite/WA/775/Detail?page=157,http://www.moleg.go.kr,EXPIRED,2018-12-18,2019-12-17,157,3,http://www.kwacc.or.kr/CertificationSite/WA/List?page=157,1d544e59236d75d30f924ff3401a2784aa4d66a67d42cc036e65b28683cf6de1,2026-08-26T03:26:46.708458+00:00,0,0
771,우체국보험 모바일 홈페이지,우정사업정보센터,http://www.kwacc.or.kr/CertificationSite/WA/771/Detail?page=157,https://m.postinsu.kr:20433,EXPIRED,2018-12-18,2019-12-17,157,4,http://www.kwacc.or.kr/CertificationSite/WA/List?page=157,1d544e59236d75d30f924ff3401a2784aa4d66a67d42cc036e65b28683cf6de1,2026-08-26T03:26:46.708458+00:00,0,0
760,한전KPS 대표 홈페이지,한전케이피에스 주식회사,http://www.kwacc.or.kr/CertificationSite/WA/760/Detail?page=157,https://www.kps.co.kr,EXPIRED,2018-12-16,2019-12-15,157,5,http://www.kwacc.or.kr/CertificationSite/WA/List?page=157,1d544e59236d75d30f924ff3401a2784aa4d66a67d42cc036e65b28683cf6de1,2026-08-26T03:26:46.708458+00:00,0,0
784,평택북부장애인복지관 대표 홈페이지,평택북부장애인복지관,http://www.kwacc.or.kr/CertificationSite/WA/784/Detail?page=157,http://bbjb.or.kr,EXPIRED,2018-12-14,2019-12-13,157,6,http://www.kwacc.or.kr/CertificationSite/WA/List?page=157,1d544e59236d75d30f924ff3401a2784aa4d66a67d42cc036e65b28683cf6de1,2026-08-26T03:26:46.708458+00:00,0,0
785,주택관리공단 대표 홈페이지,주택관리공단,http://www.kwacc.or.kr/CertificationSite/WA/785/Detail?page=157,http://www.kohom.or.kr,EXPIRED,2018-12-12,2019-12-11,157,7,http://www.kwacc.or.kr/CertificationSite/WA/List?page=157,1d544e59236d75d30f924ff3401a2784aa4d66a67d42cc036e65b28683cf6de1,2026-08-26T03:26:46.708458+00:00,0,0
774,사회보험 통합징수포털 대표 홈페이지,국민건강보험공단,http://www.kwacc.or.kr/CertificationSite/WA/774/Detail?page=157,https://si4n.nhis.or.kr,EXPIRED,2018-12-12,2019-12-11,157,8,http://www.kwacc.or.kr/CertificationSite/WA/List?page=157,1d544e59236d75d30f924ff3401a2784aa4d66a67d42cc036e65b28683cf6de1,2026-08-26T03:26:46.708458+00:00,0,0
772,한국해운조합 대표 홈페이지,한국해운조합,http://www.kwacc.or.kr/CertificationSite/WA/772/Detail?page=157,http://www.haewoon.or.kr,EXPIRED,2018-12-11,2019-12-10,157,9,http://www.kwacc.or.kr/CertificationSite/WA/List?page=157,1d544e59236d75d30f924ff3401a2784aa4d66a67d42cc036e65b28683cf6de1,2026-08-26T03:26:46.708458+00:00,0,0
763,분당구청 대표 홈페이지,분당구청,http://www.kwacc.or.kr/CertificationSite/WA/763/Detail?page=157,http://www.bundang-gu.go.kr,EXPIRED,2018-12-10,2019-12-09,157,10,http://www.kwacc.or.kr/CertificationSite/WA/List?page=157,1d544e59236d75d30f924ff3401a2784aa4d66a67d42cc036e65b28683cf6de1,2026-08-26T03:26:46.708458+00:00,0,0
758,수원문화재단 대표 홈페이지,수원문화재단,http://www.kwacc.or.kr/CertificationSite/WA/758/Detail?page=158,http://www.swcf.or.kr,EXPIRED,2018-12-10,2019-12-09,158,1,http://www.kwacc.or.kr/CertificationSite/WA/List?page=158,1f310406f30393d2b1aa10381eba6254a1efece0dc1fa05a4cf6768642627770,2026-08-26T03:26:47.492766+00:00,0,0
757,서대문구 대표 홈페이지,서대문구청,http://www.kwacc.or.kr/CertificationSite/WA/757/Detail?page=158,http://www.sdm.go.kr,EXPIRED,2018-12-08,2019-12-07,158,2,http://www.kwacc.or.kr/CertificationSite/WA/List?page=158,1f310406f30393d2b1aa10381eba6254a1efece0dc1fa05a4cf6768642627770,2026-08-26T03:26:47.492766+00:00,0,0
783,나이스 검정고시 홈페이지,한국교육학술정보원,http://www.kwacc.or.kr/CertificationSite/WA/783/Detail?page=158,https://kged.sen.go.kr,EXPIRED,2018-12-06,2019-12-05,158,3,http://www.kwacc.or.kr/CertificationSite/WA/List?page=158,1f310406f30393d2b1aa10381eba6254a1efece0dc1fa05a4cf6768642627770,2026-08-26T03:26:47.492766+00:00,0,0
782,나이스 교직원 온라인채용 홈페이지,한국교육학술정보원,http://www.kwacc.or.kr/CertificationSite/WA/782/Detail?page=158,https://edurecruit.sen.go.kr,EXPIRED,2018-12-06,2019-12-05,158,4,http://www.kwacc.or.kr/CertificationSite/WA/List?page=158,1f310406f30393d2b1aa10381eba6254a1efece0dc1fa05a4cf6768642627770,2026-08-26T03:26:47.492766+00:00,0,0
781,나이스 학원 민원서비스 홈페이지,한국교육학술정보원,http://www.kwacc.or.kr/CertificationSite/WA/781/Detail?page=158,https://hakwon.sen.go.kr,EXPIRED,2018-12-06,2019-12-05,158,5,http://www.kwacc.or.kr/CertificationSite/WA/List?page=158,1f310406f30393d2b1aa10381eba6254a1efece0dc1fa05a4cf6768642627770,2026-08-26T03:26:47.492766+00:00,0,0
779,나이스 홈에듀 민원서비스 홈페이지,한국교육학술정보원,http://www.kwacc.or.kr/CertificationSite/WA/779/Detail?page=158,https://hdu.sen.go.kr,EXPIRED,2018-12-06,2019-12-05,158,6,http://www.kwacc.or.kr/CertificationSite/WA/List?page=158,1f310406f30393d2b1aa10381eba6254a1efece0dc1fa05a4cf6768642627770,2026-08-26T03:26:47.492766+00:00,0,0
778,나이스 학부모서비스 홈페이지,한국교육학술정보원,http://www.kwacc.or.kr/CertificationSite/WA/778/Detail?page=158,https://par.sen.go.kr,EXPIRED,2018-12-06,2019-12-05,158,7,http://www.kwacc.or.kr/CertificationSite/WA/List?page=158,1f310406f30393d2b1aa10381eba6254a1efece0dc1fa05a4cf6768642627770,2026-08-26T03:26:47.492766+00:00,0,0
777,나이스 학생서비스 홈페이지,한국교육학술정보원,http://www.kwacc.or.kr/CertificationSite/WA/777/Detail?page=158,https://stu.sen.go.kr,EXPIRED,2018-12-06,2019-12-05,158,8,http://www.kwacc.or.kr/CertificationSite/WA/List?page=158,1f310406f30393d2b1aa10381eba6254a1efece0dc1fa05a4cf6768642627770,2026-08-26T03:26:47.492766+00:00,0,0
776,나이스 대국민서비스 홈페이지,한국교육학술정보원,http://www.kwacc.or.kr/CertificationSite/WA/776/Detail?page=158,http://www.neis.go.kr,EXPIRED,2018-12-06,2019-12-05,158,9,http://www.kwacc.or.kr/CertificationSite/WA/List?page=158,1f310406f30393d2b1aa10381eba6254a1efece0dc1fa05a4cf6768642627770,2026-08-26T03:26:47.492766+00:00,0,0
756,일본군'위안부'피해자e역사관 대표 홈페이지,여성가족부,http://www.kwacc.or.kr/CertificationSite/WA/756/Detail?page=158,http://www.hermuseum.go.kr,EXPIRED,2018-12-06,2019-12-05,158,10,http://www.kwacc.or.kr/CertificationSite/WA/List?page=158,1f310406f30393d2b1aa10381eba6254a1efece0dc1fa05a4cf6768642627770,2026-08-26T03:26:47.492766+00:00,0,0
749,유화증권 대표 홈페이지,유화증권,http://www.kwacc.or.kr/CertificationSite/WA/749/Detail?page=159,http://www.yhs.co.kr,EXPIRED,2018-12-05,2019-12-04,159,1,http://www.kwacc.or.kr/CertificationSite/WA/List?page=159,038d99f4bbeb513d0aa8b63c5a413567499f6bbb1277132eb169b5a784b40d34,2026-08-26T03:26:48.281559+00:00,0,0
755,보이스아이 대표 홈페이지,(주)보이스아이,http://www.kwacc.or.kr/CertificationSite/WA/755/Detail?page=159,http://www.voiceye.com,EXPIRED,2018-12-04,2019-12-03,159,2,http://www.kwacc.or.kr/CertificationSite/WA/List?page=159,038d99f4bbeb513d0aa8b63c5a413567499f6bbb1277132eb169b5a784b40d34,2026-08-26T03:26:48.281559+00:00,0,0
759,현대하이라이프손해사정 대표 홈페이지,현대하이라이프손해사정(주),http://www.kwacc.or.kr/CertificationSite/WA/759/Detail?page=159,http://www.hi-life.co.kr,EXPIRED,2018-11-26,2019-11-25,159,3,http://www.kwacc.or.kr/CertificationSite/WA/List?page=159,038d99f4bbeb513d0aa8b63c5a413567499f6bbb1277132eb169b5a784b40d34,2026-08-26T03:26:48.281559+00:00,0,0
753,보건복지부 대표 홈페이지,보건복지부,http://www.kwacc.or.kr/CertificationSite/WA/753/Detail?page=159,http://www.mohw.go.kr,EXPIRED,2018-11-21,2019-11-20,159,4,http://www.kwacc.or.kr/CertificationSite/WA/List?page=159,038d99f4bbeb513d0aa8b63c5a413567499f6bbb1277132eb169b5a784b40d34,2026-08-26T03:26:48.281559+00:00,0,0
752,국립춘천병원 대표 홈페이지,국립춘천병원,http://www.kwacc.or.kr/CertificationSite/WA/752/Detail?page=159,http://www.cnmh.go.kr,EXPIRED,2018-11-21,2019-11-20,159,5,http://www.kwacc.or.kr/CertificationSite/WA/List?page=159,038d99f4bbeb513d0aa8b63c5a413567499f6bbb1277132eb169b5a784b40d34,2026-08-26T03:26:48.281559+00:00,0,0
751,국립부곡병원 대표 홈페이지,국립부곡병원,http://www.kwacc.or.kr/CertificationSite/WA/751/Detail?page=159,http://www.bgnmh.go.kr,EXPIRED,2018-11-21,2019-11-20,159,6,http://www.kwacc.or.kr/CertificationSite/WA/List?page=159,038d99f4bbeb513d0aa8b63c5a413567499f6bbb1277132eb169b5a784b40d34,2026-08-26T03:26:48.281559+00:00,0,0
750,국립공주병원 대표 홈페이지,국립공주병원,http://www.kwacc.or.kr/CertificationSite/WA/750/Detail?page=159,http://www.knmh.go.kr,EXPIRED,2018-11-21,2019-11-20,159,7,http://www.kwacc.or.kr/CertificationSite/WA/List?page=159,038d99f4bbeb513d0aa8b63c5a413567499f6bbb1277132eb169b5a784b40d34,2026-08-26T03:26:48.281559+00:00,0,0
747,이노비즈넷 대표 홈페이지,(사)중소기업기술혁신협회,http://www.kwacc.or.kr/CertificationSite/WA/747/Detail?page=159,http://www.innobiz.net,EXPIRED,2018-11-20,2019-11-19,159,8,http://www.kwacc.or.kr/CertificationSite/WA/List?page=159,038d99f4bbeb513d0aa8b63c5a413567499f6bbb1277132eb169b5a784b40d34,2026-08-26T03:26:48.281559+00:00,0,0
745,질병관리본부 국립보건연구원 대표 홈페이지,질병관리본부 국립보건연구원,http://www.kwacc.or.kr/CertificationSite/WA/745/Detail?page=159,http://www.nih.go.kr,EXPIRED,2018-11-20,2019-11-19,159,9,http://www.kwacc.or.kr/CertificationSite/WA/List?page=159,038d99f4bbeb513d0aa8b63c5a413567499f6bbb1277132eb169b5a784b40d34,2026-08-26T03:26:48.281559+00:00,0,0
742,오송생명과학단지지원센터 대표 홈페이지,오송생명과학단지지원센터,http://www.kwacc.or.kr/CertificationSite/WA/742/Detail?page=159,https://osong.mohw.go.kr,EXPIRED,2018-11-14,2019-11-13,159,10,http://www.kwacc.or.kr/CertificationSite/WA/List?page=159,038d99f4bbeb513d0aa8b63c5a413567499f6bbb1277132eb169b5a784b40d34,2026-08-26T03:26:48.281559+00:00,0,0
744,한국장애인고용공단 대표 홈페이지,한국장애인고용공단,http://www.kwacc.or.kr/CertificationSite/WA/744/Detail?page=160,https://www.kead.or.kr,EXPIRED,2018-11-10,2019-11-09,160,1,http://www.kwacc.or.kr/CertificationSite/WA/List?page=160,5bf279604ebc6b114b658213b99ee021473bb4ac6d654f729cf85146e48b9d35,2026-08-26T03:26:49.087858+00:00,0,0
743,학생.학부모 인증서 발급,한국정보인증주식회사,http://www.kwacc.or.kr/CertificationSite/WA/743/Detail?page=160,https://keris.signgate.com,EXPIRED,2018-11-09,2019-11-08,160,2,http://www.kwacc.or.kr/CertificationSite/WA/List?page=160,5bf279604ebc6b114b658213b99ee021473bb4ac6d654f729cf85146e48b9d35,2026-08-26T03:26:49.087858+00:00,0,0
754,보건복지상담센터 대표 홈페이지,보건복지부,http://www.kwacc.or.kr/CertificationSite/WA/754/Detail?page=160,http://www.129.go.kr,EXPIRED,2018-11-07,2019-11-06,160,3,http://www.kwacc.or.kr/CertificationSite/WA/List?page=160,5bf279604ebc6b114b658213b99ee021473bb4ac6d654f729cf85146e48b9d35,2026-08-26T03:26:49.087858+00:00,0,0
738,SK대학생 자원봉사단 SUNNY 대표 홈페이지,행복나눔재단,http://www.kwacc.or.kr/CertificationSite/WA/738/Detail?page=160,http://www.besunny.com,EXPIRED,2018-11-06,2019-11-05,160,4,http://www.kwacc.or.kr/CertificationSite/WA/List?page=160,5bf279604ebc6b114b658213b99ee021473bb4ac6d654f729cf85146e48b9d35,2026-08-26T03:26:49.087858+00:00,0,0
739,Social Innovators Table 대표 홈페이지,행복나눔재단,http://www.kwacc.or.kr/CertificationSite/WA/739/Detail?page=160,http://sit.skhappiness.org,EXPIRED,2018-11-04,2019-11-03,160,5,http://www.kwacc.or.kr/CertificationSite/WA/List?page=160,5bf279604ebc6b114b658213b99ee021473bb4ac6d654f729cf85146e48b9d35,2026-08-26T03:26:49.087858+00:00,0,0
746,티투게더 대표 홈페이지,SK텔레콤,http://www.kwacc.or.kr/CertificationSite/WA/746/Detail?page=160,http://ttogether.sktelecom.com,EXPIRED,2018-11-02,2019-11-01,160,6,http://www.kwacc.or.kr/CertificationSite/WA/List?page=160,5bf279604ebc6b114b658213b99ee021473bb4ac6d654f729cf85146e48b9d35,2026-08-26T03:26:49.087858+00:00,0,0
735,지방공기업경영정보공개시스템 대표 홈페이지,행정안전부,http://www.kwacc.or.kr/CertificationSite/WA/735/Detail?page=160,http://www.cleaneye.go.kr,EXPIRED,2018-11-01,2019-10-31,160,7,http://www.kwacc.or.kr/CertificationSite/WA/List?page=160,5bf279604ebc6b114b658213b99ee021473bb4ac6d654f729cf85146e48b9d35,2026-08-26T03:26:49.087858+00:00,0,0
732,경기도장애인복지종합지원센터 누림 대표 홈페이지,경기도장애인복지종합지원센터,http://www.kwacc.or.kr/CertificationSite/WA/732/Detail?page=160,http://www.ggnurim.or.kr,EXPIRED,2018-10-29,2019-10-28,160,8,http://www.kwacc.or.kr/CertificationSite/WA/List?page=160,5bf279604ebc6b114b658213b99ee021473bb4ac6d654f729cf85146e48b9d35,2026-08-26T03:26:49.087858+00:00,0,0
730,성북구청 문화관광,성북구청,http://www.kwacc.or.kr/CertificationSite/WA/730/Detail?page=160,http://www.seongbuk.go.kr/tour,EXPIRED,2018-10-29,2019-10-28,160,9,http://www.kwacc.or.kr/CertificationSite/WA/List?page=160,5bf279604ebc6b114b658213b99ee021473bb4ac6d654f729cf85146e48b9d35,2026-08-26T03:26:49.087858+00:00,0,0
740,벡스코 대표 홈페이지,벡스코,http://www.kwacc.or.kr/CertificationSite/WA/740/Detail?page=160,http://www.bexco.co.kr,EXPIRED,2018-10-26,2019-10-25,160,10,http://www.kwacc.or.kr/CertificationSite/WA/List?page=160,5bf279604ebc6b114b658213b99ee021473bb4ac6d654f729cf85146e48b9d35,2026-08-26T03:26:49.087858+00:00,0,0
741,한국조세재정연구원 대표 홈페이지,한국조세재정연구원,http://www.kwacc.or.kr/CertificationSite/WA/741/Detail?page=161,http://www.kipf.re.kr,EXPIRED,2018-10-23,2019-10-22,161,1,http://www.kwacc.or.kr/CertificationSite/WA/List?page=161,8dc65198bababcfa072b1417d8aec69810515886c176fe45ecab1adea30de716,2026-08-26T03:26:49.877488+00:00,0,0
727,오케이캐피탈 대표 홈페이지,오케이캐피탈,http://www.kwacc.or.kr/CertificationSite/WA/727/Detail?page=161,https://www.okaycapital.co.kr,EXPIRED,2018-10-18,2019-10-17,161,2,http://www.kwacc.or.kr/CertificationSite/WA/List?page=161,8dc65198bababcfa072b1417d8aec69810515886c176fe45ecab1adea30de716,2026-08-26T03:26:49.877488+00:00,0,0
736,국립나주병원 대표 홈페이지,국립나주병원,http://www.kwacc.or.kr/CertificationSite/WA/736/Detail?page=161,http://www.najumh.go.kr,EXPIRED,2018-10-14,2019-10-13,161,3,http://www.kwacc.or.kr/CertificationSite/WA/List?page=161,8dc65198bababcfa072b1417d8aec69810515886c176fe45ecab1adea30de716,2026-08-26T03:26:49.877488+00:00,0,0
726,유한킴벌리 대표 홈페이지,유한킴벌리,http://www.kwacc.or.kr/CertificationSite/WA/726/Detail?page=161,http://www.yuhan-kimberly.co.kr,EXPIRED,2018-10-11,2019-10-10,161,4,http://www.kwacc.or.kr/CertificationSite/WA/List?page=161,8dc65198bababcfa072b1417d8aec69810515886c176fe45ecab1adea30de716,2026-08-26T03:26:49.877488+00:00,0,0
725,성북구청 대표 홈페이지,성북구청,http://www.kwacc.or.kr/CertificationSite/WA/725/Detail?page=161,http://www.seongbuk.go.kr,EXPIRED,2018-10-11,2019-10-10,161,5,http://www.kwacc.or.kr/CertificationSite/WA/List?page=161,8dc65198bababcfa072b1417d8aec69810515886c176fe45ecab1adea30de716,2026-08-26T03:26:49.877488+00:00,0,0
748,현대HDS 대표 홈페이지,현대HDS,http://www.kwacc.or.kr/CertificationSite/WA/748/Detail?page=161,https://www.hyundaihds.com,EXPIRED,2018-10-10,2019-10-09,161,6,http://www.kwacc.or.kr/CertificationSite/WA/List?page=161,8dc65198bababcfa072b1417d8aec69810515886c176fe45ecab1adea30de716,2026-08-26T03:26:49.877488+00:00,0,0
733,마몽드 대표 홈페이지,(주)아모레퍼시픽,http://www.kwacc.or.kr/CertificationSite/WA/733/Detail?page=161,https://www.mamonde.com,EXPIRED,2018-10-10,2019-10-09,161,7,http://www.kwacc.or.kr/CertificationSite/WA/List?page=161,8dc65198bababcfa072b1417d8aec69810515886c176fe45ecab1adea30de716,2026-08-26T03:26:49.877488+00:00,0,0
724,강릉요양병원 대표 홈페이지,강원도립 강릉요양병원,http://www.kwacc.or.kr/CertificationSite/WA/724/Detail?page=161,http://gnmch.or.kr,EXPIRED,2018-10-05,2019-10-04,161,8,http://www.kwacc.or.kr/CertificationSite/WA/List?page=161,8dc65198bababcfa072b1417d8aec69810515886c176fe45ecab1adea30de716,2026-08-26T03:26:49.877488+00:00,0,0
728,인사혁신처 대표 홈페이지,인사혁신처,http://www.kwacc.or.kr/CertificationSite/WA/728/Detail?page=161,http://www.mpm.go.kr/,EXPIRED,2018-09-29,2019-09-28,161,9,http://www.kwacc.or.kr/CertificationSite/WA/List?page=161,8dc65198bababcfa072b1417d8aec69810515886c176fe45ecab1adea30de716,2026-08-26T03:26:49.877488+00:00,0,0
731,티브로드 대표 홈페이지,(주)티브로드,http://www.kwacc.or.kr/CertificationSite/WA/731/Detail?page=161,http://www.tbroad.com,EXPIRED,2018-09-28,2019-09-27,161,10,http://www.kwacc.or.kr/CertificationSite/WA/List?page=161,8dc65198bababcfa072b1417d8aec69810515886c176fe45ecab1adea30de716,2026-08-26T03:26:49.877488+00:00,0,0
718,한국장애인고용공단 채용 홈페이지,한국장애인고용공단,http://www.kwacc.or.kr/CertificationSite/WA/718/Detail?page=162,https://recruit.esingo.or.kr,EXPIRED,2018-09-28,2019-09-27,162,1,http://www.kwacc.or.kr/CertificationSite/WA/List?page=162,02054761c38fbf31ee9b2ddb85581f72c78304c2799eb98abe6d1e4369e916c3,2026-08-26T03:26:50.704330+00:00,0,0
734,성북학습포털 대표 홈페이지,성북구청,http://www.kwacc.or.kr/CertificationSite/WA/734/Detail?page=162,http://www.seongbuk.go.kr/edu,EXPIRED,2018-09-20,2019-09-19,162,2,http://www.kwacc.or.kr/CertificationSite/WA/List?page=162,02054761c38fbf31ee9b2ddb85581f72c78304c2799eb98abe6d1e4369e916c3,2026-08-26T03:26:50.704330+00:00,0,0
720,질병관리본부 대표 홈페이지,질병관리본부,http://www.kwacc.or.kr/CertificationSite/WA/720/Detail?page=162,http://cdc.go.kr,EXPIRED,2018-09-20,2019-09-19,162,3,http://www.kwacc.or.kr/CertificationSite/WA/List?page=162,02054761c38fbf31ee9b2ddb85581f72c78304c2799eb98abe6d1e4369e916c3,2026-08-26T03:26:50.704330+00:00,0,0
712,국립마산병원 대표 홈페이지,국립마산병원,http://www.kwacc.or.kr/CertificationSite/WA/712/Detail?page=162,http://www.mnth.go.kr,EXPIRED,2018-09-19,2019-09-18,162,4,http://www.kwacc.or.kr/CertificationSite/WA/List?page=162,02054761c38fbf31ee9b2ddb85581f72c78304c2799eb98abe6d1e4369e916c3,2026-08-26T03:26:50.704330+00:00,0,0
714,성남시 종량제봉투판매 인터넷 접수시스템 홈페이지,성남도시개발공사,http://www.kwacc.or.kr/CertificationSite/WA/714/Detail?page=162,http://gb.isdc.co.kr/,EXPIRED,2018-09-17,2019-09-16,162,5,http://www.kwacc.or.kr/CertificationSite/WA/List?page=162,02054761c38fbf31ee9b2ddb85581f72c78304c2799eb98abe6d1e4369e916c3,2026-08-26T03:26:50.704330+00:00,0,0
729,삼성전자승마단 대표 홈페이지,삼성전자(주),http://www.kwacc.or.kr/CertificationSite/WA/729/Detail?page=162,https://horse.samsung.com,EXPIRED,2018-09-12,2019-09-11,162,6,http://www.kwacc.or.kr/CertificationSite/WA/List?page=162,02054761c38fbf31ee9b2ddb85581f72c78304c2799eb98abe6d1e4369e916c3,2026-08-26T03:26:50.704330+00:00,0,0
719,제주항공우주박물관 대표 홈페이지,제주항공우주박물관,http://www.kwacc.or.kr/CertificationSite/WA/719/Detail?page=162,http://www.jdc-jam.com,EXPIRED,2018-09-12,2019-09-11,162,7,http://www.kwacc.or.kr/CertificationSite/WA/List?page=162,02054761c38fbf31ee9b2ddb85581f72c78304c2799eb98abe6d1e4369e916c3,2026-08-26T03:26:50.704330+00:00,0,0
722,휴먼테크논문대상 대표 홈페이지,삼성전자(주),http://www.kwacc.or.kr/CertificationSite/WA/722/Detail?page=162,https://humantech.samsung.com,EXPIRED,2018-09-04,2019-09-03,162,8,http://www.kwacc.or.kr/CertificationSite/WA/List?page=162,02054761c38fbf31ee9b2ddb85581f72c78304c2799eb98abe6d1e4369e916c3,2026-08-26T03:26:50.704330+00:00,0,0
723,우체국택배 대표 홈페이지,인터넷우체국,http://www.kwacc.or.kr/CertificationSite/WA/723/Detail?page=162,http://parcel.epost.go.kr,EXPIRED,2018-09-01,2019-08-31,162,9,http://www.kwacc.or.kr/CertificationSite/WA/List?page=162,02054761c38fbf31ee9b2ddb85581f72c78304c2799eb98abe6d1e4369e916c3,2026-08-26T03:26:50.704330+00:00,0,0
711,수원도시공사 대표 홈페이지,수원도시공사,http://www.kwacc.or.kr/CertificationSite/WA/711/Detail?page=162,https://www.suwonudc.co.kr,EXPIRED,2018-08-31,2019-08-30,162,10,http://www.kwacc.or.kr/CertificationSite/WA/List?page=162,02054761c38fbf31ee9b2ddb85581f72c78304c2799eb98abe6d1e4369e916c3,2026-08-26T03:26:50.704330+00:00,0,0
715,kt M mobile 대표 홈페이지,(주)케이티 엠모바일,http://www.kwacc.or.kr/CertificationSite/WA/715/Detail?page=163,https://www.ktmmobile.com,EXPIRED,2018-08-24,2019-08-23,163,1,http://www.kwacc.or.kr/CertificationSite/WA/List?page=163,a34f0631c1923201c7abb19756f7655ca94dc32d3268752a133fe3abff186988,2026-08-26T03:26:51.500043+00:00,0,0
708,무안군청 대표 홈페이지,무안군청,http://www.kwacc.or.kr/CertificationSite/WA/708/Detail?page=163,https://www.muan.go.kr,EXPIRED,2018-08-24,2019-08-23,163,2,http://www.kwacc.or.kr/CertificationSite/WA/List?page=163,a34f0631c1923201c7abb19756f7655ca94dc32d3268752a133fe3abff186988,2026-08-26T03:26:51.500043+00:00,0,0
705,청소년기업가체험프로그램 대표 홈페이지,한국청소년기업가정신재단,http://www.kwacc.or.kr/CertificationSite/WA/705/Detail?page=163,https://yeep.kr,EXPIRED,2018-08-23,2019-08-22,163,3,http://www.kwacc.or.kr/CertificationSite/WA/List?page=163,a34f0631c1923201c7abb19756f7655ca94dc32d3268752a133fe3abff186988,2026-08-26T03:26:51.500043+00:00,0,0
696,교보문고 전자도서관,(주)교보문고,http://www.kwacc.or.kr/CertificationSite/WA/696/Detail?page=163,http://ebook.dkyobobook.co.kr,EXPIRED,2018-08-20,2019-08-19,163,4,http://www.kwacc.or.kr/CertificationSite/WA/List?page=163,a34f0631c1923201c7abb19756f7655ca94dc32d3268752a133fe3abff186988,2026-08-26T03:26:51.500043+00:00,0,0
717,한국저작권위원회 원격평생교육원 대표 홈페이지,한국저작권위원회,http://www.kwacc.or.kr/CertificationSite/WA/717/Detail?page=163,http://edulife.copyright.or.kr,EXPIRED,2018-08-14,2019-08-13,163,5,http://www.kwacc.or.kr/CertificationSite/WA/List?page=163,a34f0631c1923201c7abb19756f7655ca94dc32d3268752a133fe3abff186988,2026-08-26T03:26:51.500043+00:00,0,0
716,한국저작권위원회 원격교육연수원 대표 홈페이지,한국저작권위원회,http://www.kwacc.or.kr/CertificationSite/WA/716/Detail?page=163,http://edu-copyright.or.kr,EXPIRED,2018-08-14,2019-08-13,163,6,http://www.kwacc.or.kr/CertificationSite/WA/List?page=163,a34f0631c1923201c7abb19756f7655ca94dc32d3268752a133fe3abff186988,2026-08-26T03:26:51.500043+00:00,0,0
703,나라일터 대표 홈페이지,인사혁신처,http://www.kwacc.or.kr/CertificationSite/WA/703/Detail?page=163,https://www.gojobs.go.kr,EXPIRED,2018-08-14,2019-08-13,163,7,http://www.kwacc.or.kr/CertificationSite/WA/List?page=163,a34f0631c1923201c7abb19756f7655ca94dc32d3268752a133fe3abff186988,2026-08-26T03:26:51.500043+00:00,0,0
702,오케이저축은행 대표 홈페이지,오케이저축은행,http://www.kwacc.or.kr/CertificationSite/WA/702/Detail?page=163,http://www.oksavingsbank.com,EXPIRED,2018-08-14,2019-08-13,163,8,http://www.kwacc.or.kr/CertificationSite/WA/List?page=163,a34f0631c1923201c7abb19756f7655ca94dc32d3268752a133fe3abff186988,2026-08-26T03:26:51.500043+00:00,0,0
700,국립재활원 대표 홈페이지,국립재활원,http://www.kwacc.or.kr/CertificationSite/WA/700/Detail?page=163,http://www.nrc.go.kr,EXPIRED,2018-08-14,2019-08-13,163,9,http://www.kwacc.or.kr/CertificationSite/WA/List?page=163,a34f0631c1923201c7abb19756f7655ca94dc32d3268752a133fe3abff186988,2026-08-26T03:26:51.500043+00:00,0,0
697,국립소록도병원 대표 홈페이지,국립소록도병원,http://www.kwacc.or.kr/CertificationSite/WA/697/Detail?page=163,http://www.sorokdo.go.kr,EXPIRED,2018-08-14,2019-08-13,163,10,http://www.kwacc.or.kr/CertificationSite/WA/List?page=163,a34f0631c1923201c7abb19756f7655ca94dc32d3268752a133fe3abff186988,2026-08-26T03:26:51.500043+00:00,0,0
721,사회보장위원회 국문 홈페이지,사회보장위원회,http://www.kwacc.or.kr/CertificationSite/WA/721/Detail?page=164,http://www.ssc.go.kr,EXPIRED,2018-08-12,2019-08-11,164,1,http://www.kwacc.or.kr/CertificationSite/WA/List?page=164,1653f46dbfbc398d40a1da17f29b847db8e35f2f7589e7746799f4d0c3945ade,2026-08-26T03:26:52.285065+00:00,0,0
710,한국고용정보원 대표 홈페이지,한국고용정보원,http://www.kwacc.or.kr/CertificationSite/WA/710/Detail?page=164,https://www.keis.or.kr,EXPIRED,2018-08-10,2019-08-09,164,2,http://www.kwacc.or.kr/CertificationSite/WA/List?page=164,1653f46dbfbc398d40a1da17f29b847db8e35f2f7589e7746799f4d0c3945ade,2026-08-26T03:26:52.285065+00:00,0,0
701,서울시보조기기센터 대표 홈페이지,서울시보조기기센터,http://www.kwacc.or.kr/CertificationSite/WA/701/Detail?page=164,http://www.seoulats.or.kr,EXPIRED,2018-08-09,2019-08-08,164,3,http://www.kwacc.or.kr/CertificationSite/WA/List?page=164,1653f46dbfbc398d40a1da17f29b847db8e35f2f7589e7746799f4d0c3945ade,2026-08-26T03:26:52.285065+00:00,0,0
699,KOICA봉사단 대표 홈페이지,한국국제협력단,http://www.kwacc.or.kr/CertificationSite/WA/699/Detail?page=164,http://kov.koica.go.kr,EXPIRED,2018-08-09,2019-08-08,164,4,http://www.kwacc.or.kr/CertificationSite/WA/List?page=164,1653f46dbfbc398d40a1da17f29b847db8e35f2f7589e7746799f4d0c3945ade,2026-08-26T03:26:52.285065+00:00,0,0
694,나온허브농원 대표 홈페이지,나온허브농원,http://www.kwacc.or.kr/CertificationSite/WA/694/Detail?page=164,http://naonherb.com,EXPIRED,2018-08-07,2019-08-06,164,5,http://www.kwacc.or.kr/CertificationSite/WA/List?page=164,1653f46dbfbc398d40a1da17f29b847db8e35f2f7589e7746799f4d0c3945ade,2026-08-26T03:26:52.285065+00:00,0,0
704,대한결핵협회 대표 홈페이지,대한결핵협회,http://www.kwacc.or.kr/CertificationSite/WA/704/Detail?page=164,https://www.knta.or.kr,EXPIRED,2018-08-06,2019-08-05,164,6,http://www.kwacc.or.kr/CertificationSite/WA/List?page=164,1653f46dbfbc398d40a1da17f29b847db8e35f2f7589e7746799f4d0c3945ade,2026-08-26T03:26:52.285065+00:00,0,0
692,완도군청 대표 홈페이지,완도군청,http://www.kwacc.or.kr/CertificationSite/WA/692/Detail?page=164,http://www.wando.go.kr,EXPIRED,2018-08-06,2019-08-05,164,7,http://www.kwacc.or.kr/CertificationSite/WA/List?page=164,1653f46dbfbc398d40a1da17f29b847db8e35f2f7589e7746799f4d0c3945ade,2026-08-26T03:26:52.285065+00:00,0,0
689,문화체육관광부 i-나루,문화체육관광부,http://www.kwacc.or.kr/CertificationSite/WA/689/Detail?page=164,,EXPIRED,2018-07-27,2019-07-26,164,8,http://www.kwacc.or.kr/CertificationSite/WA/List?page=164,1653f46dbfbc398d40a1da17f29b847db8e35f2f7589e7746799f4d0c3945ade,2026-08-26T03:26:52.285065+00:00,0,0
688,커리어넷 대표 홈페이지,커리어넷,http://www.kwacc.or.kr/CertificationSite/WA/688/Detail?page=164,http://www.career.go.kr,EXPIRED,2018-07-27,2019-07-26,164,9,http://www.kwacc.or.kr/CertificationSite/WA/List?page=164,1653f46dbfbc398d40a1da17f29b847db8e35f2f7589e7746799f4d0c3945ade,2026-08-26T03:26:52.285065+00:00,0,0
687,목포시청 대표 홈페이지,목포시청,http://www.kwacc.or.kr/CertificationSite/WA/687/Detail?page=164,http://www.mokpo.go.kr,EXPIRED,2018-07-27,2019-07-26,164,10,http://www.kwacc.or.kr/CertificationSite/WA/List?page=164,1653f46dbfbc398d40a1da17f29b847db8e35f2f7589e7746799f4d0c3945ade,2026-08-26T03:26:52.285065+00:00,0,0
709,영양군청 대표 홈페이지,영양군청,http://www.kwacc.or.kr/CertificationSite/WA/709/Detail?page=165,http://www.yyg.go.kr,EXPIRED,2018-07-21,2019-07-20,165,1,http://www.kwacc.or.kr/CertificationSite/WA/List?page=165,af380c75e94962abd82723b88e13d4e07d88ae8b113d4fb48bf29ea2f8989221,2026-08-26T03:26:53.072310+00:00,0,0
707,장흥군청 대표 홈페이지,장흥군청,http://www.kwacc.or.kr/CertificationSite/WA/707/Detail?page=165,http://www.jangheung.go.kr,EXPIRED,2018-07-14,2019-07-13,165,2,http://www.kwacc.or.kr/CertificationSite/WA/List?page=165,af380c75e94962abd82723b88e13d4e07d88ae8b113d4fb48bf29ea2f8989221,2026-08-26T03:26:53.072310+00:00,0,0
713,LG계정 대표 홈페이지,엘지전자(주),http://www.kwacc.or.kr/CertificationSite/WA/713/Detail?page=165,https://kr.lgaccount.com/login/sign_in?svcCode=SVC401,EXPIRED,2018-07-13,2019-07-12,165,3,http://www.kwacc.or.kr/CertificationSite/WA/List?page=165,af380c75e94962abd82723b88e13d4e07d88ae8b113d4fb48bf29ea2f8989221,2026-08-26T03:26:53.072310+00:00,0,0
706,CNCITY에너지 대표 홈페이지,씨엔씨티에너지주식회사,http://www.kwacc.or.kr/CertificationSite/WA/706/Detail?page=165,https://www.cncityenergy.com,EXPIRED,2018-07-10,2019-07-09,165,4,http://www.kwacc.or.kr/CertificationSite/WA/List?page=165,af380c75e94962abd82723b88e13d4e07d88ae8b113d4fb48bf29ea2f8989221,2026-08-26T03:26:53.072310+00:00,0,0
684,원격영상 진로멘토링 대표 홈페이지,원격영상 진로멘토링,http://www.kwacc.or.kr/CertificationSite/WA/684/Detail?page=165,https://mentoring.career.go.kr,EXPIRED,2018-07-06,2019-07-05,165,5,http://www.kwacc.or.kr/CertificationSite/WA/List?page=165,af380c75e94962abd82723b88e13d4e07d88ae8b113d4fb48bf29ea2f8989221,2026-08-26T03:26:53.072310+00:00,0,0
683,교실온닷 대표 홈페이지,교실온닷,http://www.kwacc.or.kr/CertificationSite/WA/683/Detail?page=165,https://classon.kr,EXPIRED,2018-07-06,2019-07-05,165,6,http://www.kwacc.or.kr/CertificationSite/WA/List?page=165,af380c75e94962abd82723b88e13d4e07d88ae8b113d4fb48bf29ea2f8989221,2026-08-26T03:26:53.072310+00:00,0,0
693,금융민원센터 대표 홈페이지,금융위원회,http://www.kwacc.or.kr/CertificationSite/WA/693/Detail?page=165,http://www.fcsc.kr,EXPIRED,2018-07-04,2019-07-03,165,7,http://www.kwacc.or.kr/CertificationSite/WA/List?page=165,af380c75e94962abd82723b88e13d4e07d88ae8b113d4fb48bf29ea2f8989221,2026-08-26T03:26:53.072310+00:00,0,0
686,한전산업개발(주)​​​​ 대표 홈페이지,한전산업개발주식회사,http://www.kwacc.or.kr/CertificationSite/WA/686/Detail?page=165,http://www.kepid.co.kr,EXPIRED,2018-07-03,2019-07-02,165,8,http://www.kwacc.or.kr/CertificationSite/WA/List?page=165,af380c75e94962abd82723b88e13d4e07d88ae8b113d4fb48bf29ea2f8989221,2026-08-26T03:26:53.072310+00:00,0,0
685,의성군청 대표 홈페이지,의성군청,http://www.kwacc.or.kr/CertificationSite/WA/685/Detail?page=165,http://www.usc.go.kr,EXPIRED,2018-06-30,2019-06-29,165,9,http://www.kwacc.or.kr/CertificationSite/WA/List?page=165,af380c75e94962abd82723b88e13d4e07d88ae8b113d4fb48bf29ea2f8989221,2026-08-26T03:26:53.072310+00:00,0,0
695,대구시설공단 대표 홈페이지,대구시설공단,http://www.kwacc.or.kr/CertificationSite/WA/695/Detail?page=165,http://www.dgsisul.or.kr,EXPIRED,2018-06-28,2019-06-27,165,10,http://www.kwacc.or.kr/CertificationSite/WA/List?page=165,af380c75e94962abd82723b88e13d4e07d88ae8b113d4fb48bf29ea2f8989221,2026-08-26T03:26:53.072310+00:00,0,0
698,100세누리 시니어사회활동포털 대표 홈페이지,한국노인인력개발원,http://www.kwacc.or.kr/CertificationSite/WA/698/Detail?page=166,http://www.100senuri.go.kr,EXPIRED,2018-06-22,2019-06-21,166,1,http://www.kwacc.or.kr/CertificationSite/WA/List?page=166,0177a818d60a3c6970cc7f4f9222a6d6988c25a2e8804089ccd90667c2485c6b,2026-08-26T03:26:53.862761+00:00,0,0
680,KDB캐피탈 신용카드(기업) 홈페이지,KDB캐피탈,http://www.kwacc.or.kr/CertificationSite/WA/680/Detail?page=166,https://www.kdbcard.co.kr/,EXPIRED,2018-06-22,2019-06-21,166,2,http://www.kwacc.or.kr/CertificationSite/WA/List?page=166,0177a818d60a3c6970cc7f4f9222a6d6988c25a2e8804089ccd90667c2485c6b,2026-08-26T03:26:53.862761+00:00,0,0
679,수원시종합자원봉사센터 대표 홈페이지,수원시종합자원봉사센터,http://www.kwacc.or.kr/CertificationSite/WA/679/Detail?page=166,https://www.suwonvol.com/,EXPIRED,2018-06-22,2019-06-21,166,3,http://www.kwacc.or.kr/CertificationSite/WA/List?page=166,0177a818d60a3c6970cc7f4f9222a6d6988c25a2e8804089ccd90667c2485c6b,2026-08-26T03:26:53.862761+00:00,0,0
672,국립검역소 대표 홈페이지,질병관리본부,http://www.kwacc.or.kr/CertificationSite/WA/672/Detail?page=166,http://nqs.cdc.go.kr/nqs,EXPIRED,2018-06-16,2019-06-15,166,4,http://www.kwacc.or.kr/CertificationSite/WA/List?page=166,0177a818d60a3c6970cc7f4f9222a6d6988c25a2e8804089ccd90667c2485c6b,2026-08-26T03:26:53.862761+00:00,0,0
678,국립목포병원 대표 홈페이지,국립목포병원,http://www.kwacc.or.kr/CertificationSite/WA/678/Detail?page=166,http://www.tbmokpo.go.kr,EXPIRED,2018-06-13,2019-06-12,166,5,http://www.kwacc.or.kr/CertificationSite/WA/List?page=166,0177a818d60a3c6970cc7f4f9222a6d6988c25a2e8804089ccd90667c2485c6b,2026-08-26T03:26:53.862761+00:00,0,0
676,성남아트센터 대표 홈페이지,재단법인 성남문화재단,http://www.kwacc.or.kr/CertificationSite/WA/676/Detail?page=166,http://www.snart.or.kr,EXPIRED,2018-06-07,2019-06-06,166,6,http://www.kwacc.or.kr/CertificationSite/WA/List?page=166,0177a818d60a3c6970cc7f4f9222a6d6988c25a2e8804089ccd90667c2485c6b,2026-08-26T03:26:53.862761+00:00,0,0
673,방송문화진흥회 대표 홈페이지,방송문화진흥회,http://www.kwacc.or.kr/CertificationSite/WA/673/Detail?page=166,http://www.fbc.or.kr,EXPIRED,2018-06-04,2019-06-03,166,7,http://www.kwacc.or.kr/CertificationSite/WA/List?page=166,0177a818d60a3c6970cc7f4f9222a6d6988c25a2e8804089ccd90667c2485c6b,2026-08-26T03:26:53.862761+00:00,0,0
681,롯데캐피탈 대표 홈페이지,롯데캐피탈,http://www.kwacc.or.kr/CertificationSite/WA/681/Detail?page=166,http://www.lottecap.com,EXPIRED,2018-06-02,2019-06-01,166,8,http://www.kwacc.or.kr/CertificationSite/WA/List?page=166,0177a818d60a3c6970cc7f4f9222a6d6988c25a2e8804089ccd90667c2485c6b,2026-08-26T03:26:53.862761+00:00,0,0
677,KDB캐피탈(국문) 대표 홈페이지,KDB캐피탈,http://www.kwacc.or.kr/CertificationSite/WA/677/Detail?page=166,http://www.kdbc.co.kr,EXPIRED,2018-05-29,2019-05-28,166,9,http://www.kwacc.or.kr/CertificationSite/WA/List?page=166,0177a818d60a3c6970cc7f4f9222a6d6988c25a2e8804089ccd90667c2485c6b,2026-08-26T03:26:53.862761+00:00,0,0
675,한국정보화진흥원 모바일웹,한국정보화진흥원,http://www.kwacc.or.kr/CertificationSite/WA/675/Detail?page=166,http://www.nia.or.kr/,EXPIRED,2018-05-25,2019-05-24,166,10,http://www.kwacc.or.kr/CertificationSite/WA/List?page=166,0177a818d60a3c6970cc7f4f9222a6d6988c25a2e8804089ccd90667c2485c6b,2026-08-26T03:26:53.862761+00:00,0,0
674,한국정보화진흥원 대표 홈페이지,한국정보화진흥원,http://www.kwacc.or.kr/CertificationSite/WA/674/Detail?page=167,http://www.nia.or.kr,EXPIRED,2018-05-25,2019-05-24,167,1,http://www.kwacc.or.kr/CertificationSite/WA/List?page=167,44102c7c80dccc37b51e268f7b589cbe14a5884e1d582edff2b611153d52828d,2026-08-26T03:26:54.643337+00:00,0,0
670,울산광역시시각장애인복지관 대표 홈페이지,울산광역시시각장애인복지관,http://www.kwacc.or.kr/CertificationSite/WA/670/Detail?page=167,http://www.ubr.or.kr,EXPIRED,2018-05-25,2019-05-24,167,2,http://www.kwacc.or.kr/CertificationSite/WA/List?page=167,44102c7c80dccc37b51e268f7b589cbe14a5884e1d582edff2b611153d52828d,2026-08-26T03:26:54.643337+00:00,0,0
669,한국산업기술시험원 대표 홈페이지,한국산업기술시험원,http://www.kwacc.or.kr/CertificationSite/WA/669/Detail?page=167,http://www.ktl.re.kr,EXPIRED,2018-05-23,2019-05-22,167,3,http://www.kwacc.or.kr/CertificationSite/WA/List?page=167,44102c7c80dccc37b51e268f7b589cbe14a5884e1d582edff2b611153d52828d,2026-08-26T03:26:54.643337+00:00,0,0
668,여수시청 대표 홈페이지,여수시청,http://www.kwacc.or.kr/CertificationSite/WA/668/Detail?page=167,http://www.yeosu.go.kr,EXPIRED,2018-05-12,2019-05-11,167,4,http://www.kwacc.or.kr/CertificationSite/WA/List?page=167,44102c7c80dccc37b51e268f7b589cbe14a5884e1d582edff2b611153d52828d,2026-08-26T03:26:54.643337+00:00,0,0
666,시립서울장애인종합복지관 대표 홈페이지,시립서울장애인종합복지관,http://www.kwacc.or.kr/CertificationSite/WA/666/Detail?page=167,http://www.seoulrehab.or.kr,EXPIRED,2018-05-02,2019-05-01,167,5,http://www.kwacc.or.kr/CertificationSite/WA/List?page=167,44102c7c80dccc37b51e268f7b589cbe14a5884e1d582edff2b611153d52828d,2026-08-26T03:26:54.643337+00:00,0,0
662,The-K저축은행 대표 홈페이지,The-K저축은행,http://www.kwacc.or.kr/CertificationSite/WA/662/Detail?page=167,http://www.thekbank.co.kr,EXPIRED,2018-04-29,2019-04-28,167,6,http://www.kwacc.or.kr/CertificationSite/WA/List?page=167,44102c7c80dccc37b51e268f7b589cbe14a5884e1d582edff2b611153d52828d,2026-08-26T03:26:54.643337+00:00,0,0
661,(주)BYC 대표 홈페이지,(주)BYC,http://www.kwacc.or.kr/CertificationSite/WA/661/Detail?page=167,http://www.byc.co.kr,EXPIRED,2018-04-29,2019-04-28,167,7,http://www.kwacc.or.kr/CertificationSite/WA/List?page=167,44102c7c80dccc37b51e268f7b589cbe14a5884e1d582edff2b611153d52828d,2026-08-26T03:26:54.643337+00:00,0,0
671,EBS장애인 서비스 대표 홈페이지,EBS장애인 서비스,http://www.kwacc.or.kr/CertificationSite/WA/671/Detail?page=167,http://www.ebs.co.kr/free,EXPIRED,2018-04-28,2019-04-27,167,8,http://www.kwacc.or.kr/CertificationSite/WA/List?page=167,44102c7c80dccc37b51e268f7b589cbe14a5884e1d582edff2b611153d52828d,2026-08-26T03:26:54.643337+00:00,0,0
663,오산대학교 대표 홈페이지,오산대학교,http://www.kwacc.or.kr/CertificationSite/WA/663/Detail?page=167,https://www.osan.ac.kr,EXPIRED,2018-04-27,2019-04-26,167,9,http://www.kwacc.or.kr/CertificationSite/WA/List?page=167,44102c7c80dccc37b51e268f7b589cbe14a5884e1d582edff2b611153d52828d,2026-08-26T03:26:54.643337+00:00,0,0
664,경상남도특수교육원 대표 홈페이지,경상남도특수교육원,http://www.kwacc.or.kr/CertificationSite/WA/664/Detail?page=167,http://www.gnise.kr,EXPIRED,2018-04-25,2019-04-24,167,10,http://www.kwacc.or.kr/CertificationSite/WA/List?page=167,44102c7c80dccc37b51e268f7b589cbe14a5884e1d582edff2b611153d52828d,2026-08-26T03:26:54.643337+00:00,0,0
660,애큐온저축은행 대표 홈페이지,애큐온저축은행,http://www.kwacc.or.kr/CertificationSite/WA/660/Detail?page=168,https://www.acuonsb.co.kr,EXPIRED,2018-04-18,2019-04-17,168,1,http://www.kwacc.or.kr/CertificationSite/WA/List?page=168,d571b48f28394386eb27e18ae344e79970c17b0f5a04dc4c31f7a9b1a74fe1c9,2026-08-26T03:26:55.438361+00:00,0,0
658,4대사회보험정보연계센터 대표 홈페이지,국민연금공단,http://www.kwacc.or.kr/CertificationSite/WA/658/Detail?page=168,http://www.4insure.or.kr,EXPIRED,2018-04-12,2019-04-11,168,2,http://www.kwacc.or.kr/CertificationSite/WA/List?page=168,d571b48f28394386eb27e18ae344e79970c17b0f5a04dc4c31f7a9b1a74fe1c9,2026-08-26T03:26:55.438361+00:00,0,0
657,국립전북기계공업고등학교 대표 홈페이지,국립전북기계공업고등학교,http://www.kwacc.or.kr/CertificationSite/WA/657/Detail?page=168,http://www.cmt.or.kr,EXPIRED,2018-04-12,2019-04-11,168,3,http://www.kwacc.or.kr/CertificationSite/WA/List?page=168,d571b48f28394386eb27e18ae344e79970c17b0f5a04dc4c31f7a9b1a74fe1c9,2026-08-26T03:26:55.438361+00:00,0,0
655,삼진제약 대표 홈페이지,삼진제약,http://www.kwacc.or.kr/CertificationSite/WA/655/Detail?page=168,http://www.samjinpharm.co.kr,EXPIRED,2018-04-10,2019-04-09,168,4,http://www.kwacc.or.kr/CertificationSite/WA/List?page=168,d571b48f28394386eb27e18ae344e79970c17b0f5a04dc4c31f7a9b1a74fe1c9,2026-08-26T03:26:55.438361+00:00,0,0
656,웹접근성 연구소 대표 홈페이지,한국정보화진흥원,http://www.kwacc.or.kr/CertificationSite/WA/656/Detail?page=168,http://wah.or.kr,EXPIRED,2018-04-09,2019-04-08,168,5,http://www.kwacc.or.kr/CertificationSite/WA/List?page=168,d571b48f28394386eb27e18ae344e79970c17b0f5a04dc4c31f7a9b1a74fe1c9,2026-08-26T03:26:55.438361+00:00,0,0
654,수정구청 대표 홈페이지,수정구청,http://www.kwacc.or.kr/CertificationSite/WA/654/Detail?page=168,http://www.sujeong-gu.go.kr,EXPIRED,2018-04-06,2019-04-05,168,6,http://www.kwacc.or.kr/CertificationSite/WA/List?page=168,d571b48f28394386eb27e18ae344e79970c17b0f5a04dc4c31f7a9b1a74fe1c9,2026-08-26T03:26:55.438361+00:00,0,0
653,리리코스 마린에너지 대표 홈페이지,(주) 아모레퍼시픽,http://www.kwacc.or.kr/CertificationSite/WA/653/Detail?page=168,http://www.lirikosmarine.com,EXPIRED,2018-04-06,2019-04-05,168,7,http://www.kwacc.or.kr/CertificationSite/WA/List?page=168,d571b48f28394386eb27e18ae344e79970c17b0f5a04dc4c31f7a9b1a74fe1c9,2026-08-26T03:26:55.438361+00:00,0,0
652,행복나눔재단 대표 홈페이지,행복나눔재단,http://www.kwacc.or.kr/CertificationSite/WA/652/Detail?page=168,http://www.skhappiness.org,EXPIRED,2018-04-04,2019-04-03,168,8,http://www.kwacc.or.kr/CertificationSite/WA/List?page=168,d571b48f28394386eb27e18ae344e79970c17b0f5a04dc4c31f7a9b1a74fe1c9,2026-08-26T03:26:55.438361+00:00,0,0
651,자동차365 대표 홈페이지,교통안전공단,http://www.kwacc.or.kr/CertificationSite/WA/651/Detail?page=168,http://asm.ecar.go.kr,EXPIRED,2018-04-02,2019-04-01,168,9,http://www.kwacc.or.kr/CertificationSite/WA/List?page=168,d571b48f28394386eb27e18ae344e79970c17b0f5a04dc4c31f7a9b1a74fe1c9,2026-08-26T03:26:55.438361+00:00,0,0
649,국립한글박물관 대표 홈페이지,국립한글박물관,http://www.kwacc.or.kr/CertificationSite/WA/649/Detail?page=168,http://www.hangeul.go.kr,EXPIRED,2018-03-22,2019-03-21,168,10,http://www.kwacc.or.kr/CertificationSite/WA/List?page=168,d571b48f28394386eb27e18ae344e79970c17b0f5a04dc4c31f7a9b1a74fe1c9,2026-08-26T03:26:55.438361+00:00,0,0
665,연암대학교 대표 홈페이지,연암대학교,http://www.kwacc.or.kr/CertificationSite/WA/665/Detail?page=169,http://www.yonam.ac.kr,EXPIRED,2018-03-21,2019-03-20,169,1,http://www.kwacc.or.kr/CertificationSite/WA/List?page=169,7c6960d536d533980caa61de07a796f4bd911d4250ac67d3c32dfe76f07a247e,2026-08-26T03:26:56.226571+00:00,0,0
647,국립망향의동산관리원 대표 홈페이지,국립망향의동산관리원,http://www.kwacc.or.kr/CertificationSite/WA/647/Detail?page=169,http://nmhc.go.kr/,EXPIRED,2018-03-21,2019-03-20,169,2,http://www.kwacc.or.kr/CertificationSite/WA/List?page=169,7c6960d536d533980caa61de07a796f4bd911d4250ac67d3c32dfe76f07a247e,2026-08-26T03:26:56.226571+00:00,0,0
659,광주광역시북구청 대표 홈페이지,광주광역시북구청,http://www.kwacc.or.kr/CertificationSite/WA/659/Detail?page=169,http://www.bukgu.gwangju.kr,EXPIRED,2018-03-20,2019-03-19,169,3,http://www.kwacc.or.kr/CertificationSite/WA/List?page=169,7c6960d536d533980caa61de07a796f4bd911d4250ac67d3c32dfe76f07a247e,2026-08-26T03:26:56.226571+00:00,0,0
648,인천국제공항공사 대표 홈페이지,인천국제공항공사​,http://www.kwacc.or.kr/CertificationSite/WA/648/Detail?page=169,https://airport.kr?,EXPIRED,2018-03-15,2019-03-14,169,4,http://www.kwacc.or.kr/CertificationSite/WA/List?page=169,7c6960d536d533980caa61de07a796f4bd911d4250ac67d3c32dfe76f07a247e,2026-08-26T03:26:56.226571+00:00,0,0
645,이진옥갤러리 대표 홈페이지,이진옥갤러리,http://www.kwacc.or.kr/CertificationSite/WA/645/Detail?page=169,http://leejinok.com,EXPIRED,2018-03-14,2019-03-13,169,5,http://www.kwacc.or.kr/CertificationSite/WA/List?page=169,7c6960d536d533980caa61de07a796f4bd911d4250ac67d3c32dfe76f07a247e,2026-08-26T03:26:56.226571+00:00,0,0
646,방송통신심의위원회​​​ 대표 홈페이지,방송통신심의위원회​,http://www.kwacc.or.kr/CertificationSite/WA/646/Detail?page=169,http://www.kocsc.or.kr/,EXPIRED,2018-03-14,2019-03-13,169,6,http://www.kwacc.or.kr/CertificationSite/WA/List?page=169,7c6960d536d533980caa61de07a796f4bd911d4250ac67d3c32dfe76f07a247e,2026-08-26T03:26:56.226571+00:00,0,0
650,NH저축은행 대표 홈페이지,NH저축은행,http://www.kwacc.or.kr/CertificationSite/WA/650/Detail?page=169,https://www.nhsavingsbank.co.kr,EXPIRED,2018-03-02,2019-03-01,169,7,http://www.kwacc.or.kr/CertificationSite/WA/List?page=169,7c6960d536d533980caa61de07a796f4bd911d4250ac67d3c32dfe76f07a247e,2026-08-26T03:26:56.226571+00:00,0,0
642,안산시 평생학습원 대표 홈페이지,안산시 평생학습원,http://www.kwacc.or.kr/CertificationSite/WA/642/Detail?page=169,http://wm.ansan.go.kr,EXPIRED,2018-02-14,2019-02-13,169,8,http://www.kwacc.or.kr/CertificationSite/WA/List?page=169,7c6960d536d533980caa61de07a796f4bd911d4250ac67d3c32dfe76f07a247e,2026-08-26T03:26:56.226571+00:00,0,0
639,시흥시시설관리공단 대표 홈페이지,시흥시시설관리공단,http://www.kwacc.or.kr/CertificationSite/WA/639/Detail?page=169,http:// www.shsi.or.kr,EXPIRED,2018-02-07,2019-02-06,169,9,http://www.kwacc.or.kr/CertificationSite/WA/List?page=169,7c6960d536d533980caa61de07a796f4bd911d4250ac67d3c32dfe76f07a247e,2026-08-26T03:26:56.226571+00:00,0,0
641,현대모비스피버스농구단 대표 홈페이지,현대모비스피버스농구단,http://www.kwacc.or.kr/CertificationSite/WA/641/Detail?page=169,http://www.mobisphoebus.co.kr,EXPIRED,2018-02-01,2019-01-31,169,10,http://www.kwacc.or.kr/CertificationSite/WA/List?page=169,7c6960d536d533980caa61de07a796f4bd911d4250ac67d3c32dfe76f07a247e,2026-08-26T03:26:56.226571+00:00,0,0
637,서울시 도시철도9호선 대표 홈페이지,서울시메트로9호선(주)​​​​​​​​,http://www.kwacc.or.kr/CertificationSite/WA/637/Detail?page=170,http://www.metro9.co.kr/?,EXPIRED,2018-01-23,2019-01-22,170,1,http://www.kwacc.or.kr/CertificationSite/WA/List?page=170,b8ce0e845a56afa350095fdcb2b712884b149d2550628981fb5911c2b33b248d,2026-08-26T03:26:57.019304+00:00,0,0
640,캐논코리아 비즈니스 솔루션 대표 홈페이지,캐논코리아 비즈니스 솔루션,http://www.kwacc.or.kr/CertificationSite/WA/640/Detail?page=170,https://www.canon-bs.co.kr,EXPIRED,2018-01-09,2019-01-08,170,2,http://www.kwacc.or.kr/CertificationSite/WA/List?page=170,b8ce0e845a56afa350095fdcb2b712884b149d2550628981fb5911c2b33b248d,2026-08-26T03:26:57.019304+00:00,0,0
634,김포시청소년수련원​​​​​​​​​​​ 대표 홈페이지,김포시청소년육성재단​​,http://www.kwacc.or.kr/CertificationSite/WA/634/Detail?page=170,http://gpyc.fgy.or.kr,EXPIRED,2018-01-09,2019-01-08,170,3,http://www.kwacc.or.kr/CertificationSite/WA/List?page=170,b8ce0e845a56afa350095fdcb2b712884b149d2550628981fb5911c2b33b248d,2026-08-26T03:26:57.019304+00:00,0,0
633,김포중봉청소년수련관​​ 대표 홈페이지,김포시청소년육성재단​,http://www.kwacc.or.kr/CertificationSite/WA/633/Detail?page=170,http://www.jbyouth.or.kr,EXPIRED,2018-01-09,2019-01-08,170,4,http://www.kwacc.or.kr/CertificationSite/WA/List?page=170,b8ce0e845a56afa350095fdcb2b712884b149d2550628981fb5911c2b33b248d,2026-08-26T03:26:57.019304+00:00,0,0
625,지구촌스마트여행 대표 홈페이지,한국관광공사,http://www.kwacc.or.kr/CertificationSite/WA/625/Detail?page=170,http://www.smartoutbound.or.kr,EXPIRED,2018-01-05,2019-01-04,170,5,http://www.kwacc.or.kr/CertificationSite/WA/List?page=170,b8ce0e845a56afa350095fdcb2b712884b149d2550628981fb5911c2b33b248d,2026-08-26T03:26:57.019304+00:00,0,0
628,나주시청 대표 홈페이지,나주시청,http://www.kwacc.or.kr/CertificationSite/WA/628/Detail?page=170,http://www.naju.go.kr/,EXPIRED,2018-01-04,2019-01-05,170,6,http://www.kwacc.or.kr/CertificationSite/WA/List?page=170,b8ce0e845a56afa350095fdcb2b712884b149d2550628981fb5911c2b33b248d,2026-08-26T03:26:57.019304+00:00,0,0
638,인천투어 대표 홈페이지,인천광역시,http://www.kwacc.or.kr/CertificationSite/WA/638/Detail?page=170,http://itour.incheon.go.kr,EXPIRED,2017-12-31,2018-12-30,170,7,http://www.kwacc.or.kr/CertificationSite/WA/List?page=170,b8ce0e845a56afa350095fdcb2b712884b149d2550628981fb5911c2b33b248d,2026-08-26T03:26:57.019304+00:00,0,0
621,혈액관리본부​ ​​​​대표 홈페이지,대한적십자사 혈액관리본부​ ​​​​​​,http://www.kwacc.or.kr/CertificationSite/WA/621/Detail?page=170,http://www.bloodinfo.net,EXPIRED,2017-12-29,2018-12-28,170,8,http://www.kwacc.or.kr/CertificationSite/WA/List?page=170,b8ce0e845a56afa350095fdcb2b712884b149d2550628981fb5911c2b33b248d,2026-08-26T03:26:57.019304+00:00,0,0
618,SBC청년창업사관학교​​​ 대표 홈페이지,중소기업진흥공단 ​​​​​​,http://www.kwacc.or.kr/CertificationSite/WA/618/Detail?page=170,http://start.sbc.or.kr/?,EXPIRED,2017-12-29,2018-12-28,170,9,http://www.kwacc.or.kr/CertificationSite/WA/List?page=170,b8ce0e845a56afa350095fdcb2b712884b149d2550628981fb5911c2b33b248d,2026-08-26T03:26:57.019304+00:00,0,0
617,SBC중소기업연수원​​​​ 대표 홈페이지,중소기업진흥공단 ​​​​​​,http://www.kwacc.or.kr/CertificationSite/WA/617/Detail?page=170,http://sbti.sbc.or.kr:8111/?,EXPIRED,2017-12-29,2018-12-28,170,10,http://www.kwacc.or.kr/CertificationSite/WA/List?page=170,b8ce0e845a56afa350095fdcb2b712884b149d2550628981fb5911c2b33b248d,2026-08-26T03:26:57.019304+00:00,0,0
615,전라남도장애인체육회 대표 홈페이지,전라남도장애인체육회,http://www.kwacc.or.kr/CertificationSite/WA/615/Detail?page=171,http://www.jnsad.or.kr,EXPIRED,2017-12-29,2018-12-28,171,1,http://www.kwacc.or.kr/CertificationSite/WA/List?page=171,5f6413f853872126f5df9497f2f50a17a2f3e90c1d2c065e9e3e5901791c9dbe,2026-08-26T03:26:57.809017+00:00,0,0
636,울산항만공사 영문​ 대표 홈페이지,울산항만공사​​​​​​​​​​​​​,http://www.kwacc.or.kr/CertificationSite/WA/636/Detail?page=171,https://upa.or.kr/contents.do?mId=002000000000000000,EXPIRED,2017-12-23,2018-12-22,171,2,http://www.kwacc.or.kr/CertificationSite/WA/List?page=171,5f6413f853872126f5df9497f2f50a17a2f3e90c1d2c065e9e3e5901791c9dbe,2026-08-26T03:26:57.809017+00:00,0,0
635,울산항만공사 국문​​​​​ 대표 홈페이지,울산항만공사​​​​​​​​​,http://www.kwacc.or.kr/CertificationSite/WA/635/Detail?page=171,http://upa.or.kr,EXPIRED,2017-12-23,2018-12-22,171,3,http://www.kwacc.or.kr/CertificationSite/WA/List?page=171,5f6413f853872126f5df9497f2f50a17a2f3e90c1d2c065e9e3e5901791c9dbe,2026-08-26T03:26:57.809017+00:00,0,0
616,한국노인인력개발원 대표 홈페이지,한국노인인력개발원,http://www.kwacc.or.kr/CertificationSite/WA/616/Detail?page=171,http://www.kordi.or.kr,EXPIRED,2017-12-22,2018-12-21,171,4,http://www.kwacc.or.kr/CertificationSite/WA/List?page=171,5f6413f853872126f5df9497f2f50a17a2f3e90c1d2c065e9e3e5901791c9dbe,2026-08-26T03:26:57.809017+00:00,0,0
612,한국장애인고용공단 모바일 홈페이지,한국장애인고용공단,http://www.kwacc.or.kr/CertificationSite/WA/612/Detail?page=171,https://m.kead.or.kr,EXPIRED,2017-12-21,2018-12-20,171,5,http://www.kwacc.or.kr/CertificationSite/WA/List?page=171,5f6413f853872126f5df9497f2f50a17a2f3e90c1d2c065e9e3e5901791c9dbe,2026-08-26T03:26:57.809017+00:00,0,0
610,국립축산과학원 대표 홈페이지,국립축산과학원,http://www.kwacc.or.kr/CertificationSite/WA/610/Detail?page=171,http://www.nias.go.kr,EXPIRED,2017-12-21,2018-12-20,171,6,http://www.kwacc.or.kr/CertificationSite/WA/List?page=171,5f6413f853872126f5df9497f2f50a17a2f3e90c1d2c065e9e3e5901791c9dbe,2026-08-26T03:26:57.809017+00:00,0,0
629,국립중앙도서관 대표 홈페이지,국립중앙도서관,http://www.kwacc.or.kr/CertificationSite/WA/629/Detail?page=171,http://www.nl.go.kr/,EXPIRED,2017-12-30,2018-12-29,171,7,http://www.kwacc.or.kr/CertificationSite/WA/List?page=171,5f6413f853872126f5df9497f2f50a17a2f3e90c1d2c065e9e3e5901791c9dbe,2026-08-26T03:26:57.809017+00:00,0,0
630,한국수출입은행 대표 홈페이지,한국수출입은행,http://www.kwacc.or.kr/CertificationSite/WA/630/Detail?page=171,http://www.koreaexim.go.kr,EXPIRED,2017-12-18,2018-12-17,171,8,http://www.kwacc.or.kr/CertificationSite/WA/List?page=171,5f6413f853872126f5df9497f2f50a17a2f3e90c1d2c065e9e3e5901791c9dbe,2026-08-26T03:26:57.809017+00:00,0,0
609,우체국보험 모바일 홈페이지,우정사업정보센터,http://www.kwacc.or.kr/CertificationSite/WA/609/Detail?page=171,https://m.postinsu.kr:20433,EXPIRED,2017-12-18,2018-12-17,171,9,http://www.kwacc.or.kr/CertificationSite/WA/List?page=171,5f6413f853872126f5df9497f2f50a17a2f3e90c1d2c065e9e3e5901791c9dbe,2026-08-26T03:26:57.809017+00:00,0,0
607,법제처 대표 홈페이지,법제처,http://www.kwacc.or.kr/CertificationSite/WA/607/Detail?page=171,http://www.moleg.go.kr,EXPIRED,2017-12-18,2018-12-17,171,10,http://www.kwacc.or.kr/CertificationSite/WA/List?page=171,5f6413f853872126f5df9497f2f50a17a2f3e90c1d2c065e9e3e5901791c9dbe,2026-08-26T03:26:57.809017+00:00,0,0
613,한전KPS 대표 홈페이지,한전케이피에스 주식회사,http://www.kwacc.or.kr/CertificationSite/WA/613/Detail?page=172,http://www.kps.co.kr,EXPIRED,2017-12-16,2018-12-15,172,1,http://www.kwacc.or.kr/CertificationSite/WA/List?page=172,41deff8824fdae1a4bb6005b69b4cde128601a46111d836b9f8f27a668b41902,2026-08-26T03:26:58.594559+00:00,0,0
608,서울수중재활센터 대표 홈페이지,서울수중재활센터,http://www.kwacc.or.kr/CertificationSite/WA/608/Detail?page=172,http://aqua.seoulrehab.or.kr,EXPIRED,2017-12-15,2018-12-14,172,2,http://www.kwacc.or.kr/CertificationSite/WA/List?page=172,41deff8824fdae1a4bb6005b69b4cde128601a46111d836b9f8f27a668b41902,2026-08-26T03:26:58.594559+00:00,0,0
631,평택북부장애인복지관 대표 홈페이지,평택북부장애인복지관,http://www.kwacc.or.kr/CertificationSite/WA/631/Detail?page=172,https://www.bbjb.or.kr,EXPIRED,2017-12-14,2018-12-13,172,3,http://www.kwacc.or.kr/CertificationSite/WA/List?page=172,41deff8824fdae1a4bb6005b69b4cde128601a46111d836b9f8f27a668b41902,2026-08-26T03:26:58.594559+00:00,0,0
614,주택관리공단 대표 홈페이지,주택관리공단,http://www.kwacc.or.kr/CertificationSite/WA/614/Detail?page=172,http://www.kohom.co.kr,EXPIRED,2017-12-12,2018-12-11,172,4,http://www.kwacc.or.kr/CertificationSite/WA/List?page=172,41deff8824fdae1a4bb6005b69b4cde128601a46111d836b9f8f27a668b41902,2026-08-26T03:26:58.594559+00:00,0,0
623,한국해운조합 대표 홈페이지,한국해운조합,http://www.kwacc.or.kr/CertificationSite/WA/623/Detail?page=172,http://www.haewoon.or.kr,EXPIRED,2017-12-11,2018-12-10,172,5,http://www.kwacc.or.kr/CertificationSite/WA/List?page=172,41deff8824fdae1a4bb6005b69b4cde128601a46111d836b9f8f27a668b41902,2026-08-26T03:26:58.594559+00:00,0,0
605,사회보험 통합징수포털 대표 사이트,국민건강보험공단,http://www.kwacc.or.kr/CertificationSite/WA/605/Detail?page=172,https://si4n.nhis.or.kr,EXPIRED,2017-12-12,2018-12-11,172,6,http://www.kwacc.or.kr/CertificationSite/WA/List?page=172,41deff8824fdae1a4bb6005b69b4cde128601a46111d836b9f8f27a668b41902,2026-08-26T03:26:58.594559+00:00,0,0
624,장애인영화제 대표 홈페이지,(사)한국농아인협회,http://www.kwacc.or.kr/CertificationSite/WA/624/Detail?page=172,http://www.pdff.or.kr,EXPIRED,2017-12-09,2018-12-08,172,7,http://www.kwacc.or.kr/CertificationSite/WA/List?page=172,41deff8824fdae1a4bb6005b69b4cde128601a46111d836b9f8f27a668b41902,2026-08-26T03:26:58.594559+00:00,0,0
603,서대문구 대표 홈페이지,서대문구청,http://www.kwacc.or.kr/CertificationSite/WA/603/Detail?page=172,http://www.sdm.go.kr,EXPIRED,2017-12-08,2018-12-07,172,8,http://www.kwacc.or.kr/CertificationSite/WA/List?page=172,41deff8824fdae1a4bb6005b69b4cde128601a46111d836b9f8f27a668b41902,2026-08-26T03:26:58.594559+00:00,0,0
602,나이스 ​교직원 온라인 채용,한국교육학술정보원,http://www.kwacc.or.kr/CertificationSite/WA/602/Detail?page=172,http://edurecruit.sen.go.kr,EXPIRED,2017-12-06,2018-12-05,172,9,http://www.kwacc.or.kr/CertificationSite/WA/List?page=172,41deff8824fdae1a4bb6005b69b4cde128601a46111d836b9f8f27a668b41902,2026-08-26T03:26:58.594559+00:00,0,0
601,나이스 ​학부모서비스​,한국교육학술정보원,http://www.kwacc.or.kr/CertificationSite/WA/601/Detail?page=172,http://par.sen.go.kr,EXPIRED,2017-12-06,2018-12-05,172,10,http://www.kwacc.or.kr/CertificationSite/WA/List?page=172,41deff8824fdae1a4bb6005b69b4cde128601a46111d836b9f8f27a668b41902,2026-08-26T03:26:58.594559+00:00,0,0
600,나이스 ​홈에듀 민원서비스​,한국교육학술정보원,http://www.kwacc.or.kr/CertificationSite/WA/600/Detail?page=173,http://hdu.sen.go.kr,EXPIRED,2017-12-06,2018-12-05,173,1,http://www.kwacc.or.kr/CertificationSite/WA/List?page=173,6a4deac2f0ba5ca1e6a67cd72d25d20b7c87d4cac7930a624110fbeab867fad6,2026-08-26T03:26:59.383186+00:00,0,0
599,나이스 ​학생서비스,한국교육학술정보원,http://www.kwacc.or.kr/CertificationSite/WA/599/Detail?page=173,http://stu.sen.go.kr,EXPIRED,2017-12-06,2018-12-05,173,2,http://www.kwacc.or.kr/CertificationSite/WA/List?page=173,6a4deac2f0ba5ca1e6a67cd72d25d20b7c87d4cac7930a624110fbeab867fad6,2026-08-26T03:26:59.383186+00:00,0,0
598,나이스 대국민서비스,한국교육학술정보원,http://www.kwacc.or.kr/CertificationSite/WA/598/Detail?page=173,http://www.neis.go.kr,EXPIRED,2017-12-06,2018-12-05,173,3,http://www.kwacc.or.kr/CertificationSite/WA/List?page=173,6a4deac2f0ba5ca1e6a67cd72d25d20b7c87d4cac7930a624110fbeab867fad6,2026-08-26T03:26:59.383186+00:00,0,0
597,나이스 ​학원 민원서비스,한국교육학술정보원,http://www.kwacc.or.kr/CertificationSite/WA/597/Detail?page=173,http://hakwon.sen.go.kr,EXPIRED,2017-12-06,2018-12-05,173,4,http://www.kwacc.or.kr/CertificationSite/WA/List?page=173,6a4deac2f0ba5ca1e6a67cd72d25d20b7c87d4cac7930a624110fbeab867fad6,2026-08-26T03:26:59.383186+00:00,0,0
596,나이스 ​검정고시​​서비스,한국교육학술정보원,http://www.kwacc.or.kr/CertificationSite/WA/596/Detail?page=173,http://kged.sen.go.kr,EXPIRED,2017-12-06,2018-12-05,173,5,http://www.kwacc.or.kr/CertificationSite/WA/List?page=173,6a4deac2f0ba5ca1e6a67cd72d25d20b7c87d4cac7930a624110fbeab867fad6,2026-08-26T03:26:59.383186+00:00,0,0
632,김포시청소년육성재단​​​​​​​​​​ 대표 홈페이지,김포시청소년육성재단​​,http://www.kwacc.or.kr/CertificationSite/WA/632/Detail?page=173,http://?www.fgy.or.kr,EXPIRED,2017-12-05,2018-12-04,173,6,http://www.kwacc.or.kr/CertificationSite/WA/List?page=173,6a4deac2f0ba5ca1e6a67cd72d25d20b7c87d4cac7930a624110fbeab867fad6,2026-08-26T03:26:59.383186+00:00,0,0
593,유화증권 대표 홈페이지,유화증권,http://www.kwacc.or.kr/CertificationSite/WA/593/Detail?page=173,http://www.yhs.co.kr,EXPIRED,2017-12-05,2018-12-04,173,7,http://www.kwacc.or.kr/CertificationSite/WA/List?page=173,6a4deac2f0ba5ca1e6a67cd72d25d20b7c87d4cac7930a624110fbeab867fad6,2026-08-26T03:26:59.383186+00:00,0,0
620,CJ도너스캠프 대표 홈페이지​​​​,CJ나눔재단,http://www.kwacc.or.kr/CertificationSite/WA/620/Detail?page=173,https://www.donorscamp.org,EXPIRED,2017-11-28,2018-11-27,173,8,http://www.kwacc.or.kr/CertificationSite/WA/List?page=173,6a4deac2f0ba5ca1e6a67cd72d25d20b7c87d4cac7930a624110fbeab867fad6,2026-08-26T03:26:59.383186+00:00,0,0
589,국립부곡병원 대표 홈페이지,국립부곡병원,http://www.kwacc.or.kr/CertificationSite/WA/589/Detail?page=173,http://www.bgnmh.go.kr/,EXPIRED,2017-11-28,2018-11-27,173,9,http://www.kwacc.or.kr/CertificationSite/WA/List?page=173,6a4deac2f0ba5ca1e6a67cd72d25d20b7c87d4cac7930a624110fbeab867fad6,2026-08-26T03:26:59.383186+00:00,0,0
588,국립공주병원 대표 홈페이지,국립공주병원,http://www.kwacc.or.kr/CertificationSite/WA/588/Detail?page=173,http://www.knmh.go.kr,EXPIRED,2017-11-28,2018-11-27,173,10,http://www.kwacc.or.kr/CertificationSite/WA/List?page=173,6a4deac2f0ba5ca1e6a67cd72d25d20b7c87d4cac7930a624110fbeab867fad6,2026-08-26T03:26:59.383186+00:00,0,0
587,국립춘천병원 대표 홈페이지,국립춘천병원,http://www.kwacc.or.kr/CertificationSite/WA/587/Detail?page=174,http://www.cnmh.go.kr/,EXPIRED,2017-11-28,2018-11-27,174,1,http://www.kwacc.or.kr/CertificationSite/WA/List?page=174,63e1729121c5c311b77150675df52907c9e176b02e2ff56332a68b85a6ff23e4,2026-08-26T03:27:00.173044+00:00,0,0
586,세상 대표 홈페이지,행복나눔재단,http://www.kwacc.or.kr/CertificationSite/WA/586/Detail?page=174,https://www.se-sang.com,EXPIRED,2017-11-27,2018-11-26,174,2,http://www.kwacc.or.kr/CertificationSite/WA/List?page=174,63e1729121c5c311b77150675df52907c9e176b02e2ff56332a68b85a6ff23e4,2026-08-26T03:27:00.173044+00:00,0,0
584,현대 하이라이프 손해사정 대표 홈페이지,현대하이라이프손해사정㈜,http://www.kwacc.or.kr/CertificationSite/WA/584/Detail?page=174,http://www.hi-life.co.kr,EXPIRED,2017-11-26,2018-11-25,174,3,http://www.kwacc.or.kr/CertificationSite/WA/List?page=174,63e1729121c5c311b77150675df52907c9e176b02e2ff56332a68b85a6ff23e4,2026-08-26T03:27:00.173044+00:00,0,0
583,보건복지부 대표 홈페이지,보건복지부,http://www.kwacc.or.kr/CertificationSite/WA/583/Detail?page=174,http://www.mohw.go.kr,EXPIRED,2017-11-21,2018-11-20,174,4,http://www.kwacc.or.kr/CertificationSite/WA/List?page=174,63e1729121c5c311b77150675df52907c9e176b02e2ff56332a68b85a6ff23e4,2026-08-26T03:27:00.173044+00:00,0,0
627,국립보건연구원 대표 홈페이지,국립보건연구원,http://www.kwacc.or.kr/CertificationSite/WA/627/Detail?page=174,http://www.nih.go.kr/NIH_NEW/main.jsp,EXPIRED,2017-11-20,2018-11-19,174,5,http://www.kwacc.or.kr/CertificationSite/WA/List?page=174,63e1729121c5c311b77150675df52907c9e176b02e2ff56332a68b85a6ff23e4,2026-08-26T03:27:00.173044+00:00,0,0
626,질병관리본부 대표 홈페이지,질병관리본부,http://www.kwacc.or.kr/CertificationSite/WA/626/Detail?page=174,http://cdc.go.kr/CDC/main.jsp,EXPIRED,2017-11-20,2018-11-19,174,6,http://www.kwacc.or.kr/CertificationSite/WA/List?page=174,63e1729121c5c311b77150675df52907c9e176b02e2ff56332a68b85a6ff23e4,2026-08-26T03:27:00.173044+00:00,0,0
591,이노비즈 대표 홈페이지,(사)중소기업기술혁신협회,http://www.kwacc.or.kr/CertificationSite/WA/591/Detail?page=174,http://www.innobiz.net,EXPIRED,2017-11-20,2018-11-19,174,7,http://www.kwacc.or.kr/CertificationSite/WA/List?page=174,63e1729121c5c311b77150675df52907c9e176b02e2ff56332a68b85a6ff23e4,2026-08-26T03:27:00.173044+00:00,0,0
619,삼성전자종합기술원​​​ 대표 홈페이지,삼성전자(주)​ ​​​​​​,http://www.kwacc.or.kr/CertificationSite/WA/619/Detail?page=174,http://www.sait.samsung.co.kr,EXPIRED,2017-11-19,2018-11-18,174,8,http://www.kwacc.or.kr/CertificationSite/WA/List?page=174,63e1729121c5c311b77150675df52907c9e176b02e2ff56332a68b85a6ff23e4,2026-08-26T03:27:00.173044+00:00,0,0
581,B2B Market 대표 홈페이지,(주)오픈시스넷,http://www.kwacc.or.kr/CertificationSite/WA/581/Detail?page=174,http://www.bmpmall.com,EXPIRED,2017-11-14,2018-11-13,174,9,http://www.kwacc.or.kr/CertificationSite/WA/List?page=174,63e1729121c5c311b77150675df52907c9e176b02e2ff56332a68b85a6ff23e4,2026-08-26T03:27:00.173044+00:00,0,0
580,오송생명과학단지지원센터 대표 홈페이지,오송생명과학단지지원센터,http://www.kwacc.or.kr/CertificationSite/WA/580/Detail?page=174,http://osong.mohw.go.kr,EXPIRED,2017-11-14,2018-11-13,174,10,http://www.kwacc.or.kr/CertificationSite/WA/List?page=174,63e1729121c5c311b77150675df52907c9e176b02e2ff56332a68b85a6ff23e4,2026-08-26T03:27:00.173044+00:00,0,0
579,한국장애인고용공단 대표 홈페이지,한국장애인고용공단,http://www.kwacc.or.kr/CertificationSite/WA/579/Detail?page=175,http://www.kead.or.kr,EXPIRED,2017-11-10,2018-11-09,175,1,http://www.kwacc.or.kr/CertificationSite/WA/List?page=175,e902e8f1150fa390cbdba92e58aa5e1a69b87a9a2bca6fde910150c64f49f8f1,2026-08-26T03:27:00.959966+00:00,0,0
606,학생.학부모 인증서 발급 서비스 홈페이지,한국정보인증주식회사​​​,http://www.kwacc.or.kr/CertificationSite/WA/606/Detail?page=175,http://keris.signgate.com,EXPIRED,2017-11-09,2018-11-08,175,2,http://www.kwacc.or.kr/CertificationSite/WA/List?page=175,e902e8f1150fa390cbdba92e58aa5e1a69b87a9a2bca6fde910150c64f49f8f1,2026-08-26T03:27:00.959966+00:00,0,0
576,대구시설공단 이동지원센터 대표 홈페이지,대구시설공단,http://www.kwacc.or.kr/CertificationSite/WA/576/Detail?page=175,http://nadricall.dgsisul.or.kr,EXPIRED,2017-11-09,2018-11-08,175,3,http://www.kwacc.or.kr/CertificationSite/WA/List?page=175,e902e8f1150fa390cbdba92e58aa5e1a69b87a9a2bca6fde910150c64f49f8f1,2026-08-26T03:27:00.959966+00:00,0,0
592,보건복지부 콜센터 대표 홈페이지,보건복지부,http://www.kwacc.or.kr/CertificationSite/WA/592/Detail?page=175,https://www.129.go.kr,EXPIRED,2017-11-07,2018-11-06,175,4,http://www.kwacc.or.kr/CertificationSite/WA/List?page=175,e902e8f1150fa390cbdba92e58aa5e1a69b87a9a2bca6fde910150c64f49f8f1,2026-08-26T03:27:00.959966+00:00,0,0
573,SK대학생 자원봉사단 SUNNY 대표 홈페이지,행복나눔재단,http://www.kwacc.or.kr/CertificationSite/WA/573/Detail?page=175,http://www.besunny.com,EXPIRED,2017-11-06,2018-11-05,175,5,http://www.kwacc.or.kr/CertificationSite/WA/List?page=175,e902e8f1150fa390cbdba92e58aa5e1a69b87a9a2bca6fde910150c64f49f8f1,2026-08-26T03:27:00.959966+00:00,0,0
574,Social Innovators Table 대표 홈페이지,행복나눔재단,http://www.kwacc.or.kr/CertificationSite/WA/574/Detail?page=175,http://sit.skhappiness.org,EXPIRED,2017-11-04,2018-11-03,175,6,http://www.kwacc.or.kr/CertificationSite/WA/List?page=175,e902e8f1150fa390cbdba92e58aa5e1a69b87a9a2bca6fde910150c64f49f8f1,2026-08-26T03:27:00.959966+00:00,0,0
590,티투게더 대표 홈페이지,SK텔레콤,http://www.kwacc.or.kr/CertificationSite/WA/590/Detail?page=175,http://ttogether.sktelecom.com,EXPIRED,2017-11-02,2018-11-01,175,7,http://www.kwacc.or.kr/CertificationSite/WA/List?page=175,e902e8f1150fa390cbdba92e58aa5e1a69b87a9a2bca6fde910150c64f49f8f1,2026-08-26T03:27:00.959966+00:00,0,0
582,벡스코 대표 홈페이지,벡스코,http://www.kwacc.or.kr/CertificationSite/WA/582/Detail?page=175,http://www.bexco.co.kr?,EXPIRED,2017-10-26,2018-10-25,175,8,http://www.kwacc.or.kr/CertificationSite/WA/List?page=175,e902e8f1150fa390cbdba92e58aa5e1a69b87a9a2bca6fde910150c64f49f8f1,2026-08-26T03:27:00.959966+00:00,0,0
578,한국조세재정연구원 대표 홈페이지,한국조세재정연구원,http://www.kwacc.or.kr/CertificationSite/WA/578/Detail?page=175,http://www.kipf.re.kr,EXPIRED,2017-10-23,2018-10-22,175,9,http://www.kwacc.or.kr/CertificationSite/WA/List?page=175,e902e8f1150fa390cbdba92e58aa5e1a69b87a9a2bca6fde910150c64f49f8f1,2026-08-26T03:27:00.959966+00:00,0,0
577,수원문화재단 대표 홈페이지,수원문화재단,http://www.kwacc.or.kr/CertificationSite/WA/577/Detail?page=175,http://www.swcf.or.kr,EXPIRED,2017-10-18,2018-10-17,175,10,http://www.kwacc.or.kr/CertificationSite/WA/List?page=175,e902e8f1150fa390cbdba92e58aa5e1a69b87a9a2bca6fde910150c64f49f8f1,2026-08-26T03:27:00.959966+00:00,0,0
564,국립나주병원 대표 홈페이지,국립나주병원,http://www.kwacc.or.kr/CertificationSite/WA/564/Detail?page=176,http://www.najumh.go.kr,EXPIRED,2017-10-14,2018-10-13,176,1,http://www.kwacc.or.kr/CertificationSite/WA/List?page=176,30b41f94e610714d491c84fd80346000647cced9028c412c418d043e3961edaa,2026-08-26T03:27:02.716873+00:00,0,0
585,마몽드 대표 홈페이지,아모레퍼시픽,http://www.kwacc.or.kr/CertificationSite/WA/585/Detail?page=176,http://www.mamonde.com,EXPIRED,2017-10-10,2018-10-09,176,2,http://www.kwacc.or.kr/CertificationSite/WA/List?page=176,30b41f94e610714d491c84fd80346000647cced9028c412c418d043e3961edaa,2026-08-26T03:27:02.716873+00:00,0,0
571,현대HDS 대표 홈페이지,현대HDS,http://www.kwacc.or.kr/CertificationSite/WA/571/Detail?page=176,http://www.hyundaihds.com,EXPIRED,2017-10-10,2018-10-09,176,3,http://www.kwacc.or.kr/CertificationSite/WA/List?page=176,30b41f94e610714d491c84fd80346000647cced9028c412c418d043e3961edaa,2026-08-26T03:27:02.716873+00:00,0,0
604,대한제강 대표 홈페이지,대한제강 (주),http://www.kwacc.or.kr/CertificationSite/WA/604/Detail?page=176,http://www.idaehan.com,EXPIRED,2017-10-08,2018-10-07,176,4,http://www.kwacc.or.kr/CertificationSite/WA/List?page=176,30b41f94e610714d491c84fd80346000647cced9028c412c418d043e3961edaa,2026-08-26T03:27:02.716873+00:00,0,0
562,인사혁신처 대표 홈페이지,인사혁신처,http://www.kwacc.or.kr/CertificationSite/WA/562/Detail?page=176,http://www.mpm.go.kr,EXPIRED,2017-09-29,2018-09-28,176,5,http://www.kwacc.or.kr/CertificationSite/WA/List?page=176,30b41f94e610714d491c84fd80346000647cced9028c412c418d043e3961edaa,2026-08-26T03:27:02.716873+00:00,0,0
558,제주특별자치도개발공사 대표 홈페이지,제주특별자치도개발공사,http://www.kwacc.or.kr/CertificationSite/WA/558/Detail?page=176,http://www.jpdc.co.kr,EXPIRED,2017-09-29,2018-09-28,176,6,http://www.kwacc.or.kr/CertificationSite/WA/List?page=176,30b41f94e610714d491c84fd80346000647cced9028c412c418d043e3961edaa,2026-08-26T03:27:02.716873+00:00,0,0
569,티브로드 대표 홈페이지,(주)티브로드,http://www.kwacc.or.kr/CertificationSite/WA/569/Detail?page=176,https://www.tbroad.com,EXPIRED,2017-09-28,2018-09-27,176,7,http://www.kwacc.or.kr/CertificationSite/WA/List?page=176,30b41f94e610714d491c84fd80346000647cced9028c412c418d043e3961edaa,2026-08-26T03:27:02.716873+00:00,0,0
559,행복나눔재단 대표 홈페이지,행복나눔재단,http://www.kwacc.or.kr/CertificationSite/WA/559/Detail?page=176,http://www.skhappiness.org,EXPIRED,2017-09-26,2018-09-25,176,8,http://www.kwacc.or.kr/CertificationSite/WA/List?page=176,30b41f94e610714d491c84fd80346000647cced9028c412c418d043e3961edaa,2026-08-26T03:27:02.716873+00:00,0,0
575,성북학습포털 대표 홈페이지,성북구청,http://www.kwacc.or.kr/CertificationSite/WA/575/Detail?page=176,http://www.seongbuk.go.kr/edu,EXPIRED,2017-09-20,2018-09-19,176,9,http://www.kwacc.or.kr/CertificationSite/WA/List?page=176,30b41f94e610714d491c84fd80346000647cced9028c412c418d043e3961edaa,2026-08-26T03:27:02.716873+00:00,0,0
551,국립마산병원 대표 홈페이지,국립마산병원,http://www.kwacc.or.kr/CertificationSite/WA/551/Detail?page=176,http://www.mnth.go.kr,EXPIRED,2017-09-19,2018-09-18,176,10,http://www.kwacc.or.kr/CertificationSite/WA/List?page=176,30b41f94e610714d491c84fd80346000647cced9028c412c418d043e3961edaa,2026-08-26T03:27:02.716873+00:00,0,0
570,광주광역시도시공사 대표 홈페이지,광주광역시도시공사,http://www.kwacc.or.kr/CertificationSite/WA/570/Detail?page=177,http://www.gmcc.co.kr/new,EXPIRED,2017-09-15,2018-09-14,177,1,http://www.kwacc.or.kr/CertificationSite/WA/List?page=177,640f9bb240462f0a15cf1d60475cd4169cc8ef61178f2d0058fa01f7572fdf9a,2026-08-26T03:27:03.513228+00:00,0,0
557,누텔라 코리아 홈페이지,페레로아시아리미티드 한국지점,http://www.kwacc.or.kr/CertificationSite/WA/557/Detail?page=177,http://www.nutella.com,EXPIRED,2017-09-13,2018-09-12,177,2,http://www.kwacc.or.kr/CertificationSite/WA/List?page=177,640f9bb240462f0a15cf1d60475cd4169cc8ef61178f2d0058fa01f7572fdf9a,2026-08-26T03:27:03.513228+00:00,0,0
563,제주항공우주박물관 대표 홈페이지,제주항공우주박물관,http://www.kwacc.or.kr/CertificationSite/WA/563/Detail?page=177,http://www.jdc-jam.com,EXPIRED,2017-09-12,2018-09-11,177,3,http://www.kwacc.or.kr/CertificationSite/WA/List?page=177,640f9bb240462f0a15cf1d60475cd4169cc8ef61178f2d0058fa01f7572fdf9a,2026-08-26T03:27:03.513228+00:00,0,0
561,삼성전자 승마단 대표 홈페이지,삼성전자 (주),http://www.kwacc.or.kr/CertificationSite/WA/561/Detail?page=177,https://horse.samsung.com,EXPIRED,2017-09-12,2018-09-11,177,4,http://www.kwacc.or.kr/CertificationSite/WA/List?page=177,640f9bb240462f0a15cf1d60475cd4169cc8ef61178f2d0058fa01f7572fdf9a,2026-08-26T03:27:03.513228+00:00,0,0
556,청소년기업가체험프로그램 대표 홈페이지,한국직업능력개발원,http://www.kwacc.or.kr/CertificationSite/WA/556/Detail?page=177,http://www.yeep.kr,EXPIRED,2017-09-12,2018-09-11,177,5,http://www.kwacc.or.kr/CertificationSite/WA/List?page=177,640f9bb240462f0a15cf1d60475cd4169cc8ef61178f2d0058fa01f7572fdf9a,2026-08-26T03:27:03.513228+00:00,0,0
572,휴먼테크논문대상 대표 홈페이지,삼성전자(주),http://www.kwacc.or.kr/CertificationSite/WA/572/Detail?page=177,https://humantech.samsung.com,EXPIRED,2017-09-04,2018-09-03,177,6,http://www.kwacc.or.kr/CertificationSite/WA/List?page=177,640f9bb240462f0a15cf1d60475cd4169cc8ef61178f2d0058fa01f7572fdf9a,2026-08-26T03:27:03.513228+00:00,0,0
560,우체국 택배 홈페이지,인터넷우체국,http://www.kwacc.or.kr/CertificationSite/WA/560/Detail?page=177,http://parcel.epost.go.kr,EXPIRED,2017-09-01,2018-08-31,177,7,http://www.kwacc.or.kr/CertificationSite/WA/List?page=177,640f9bb240462f0a15cf1d60475cd4169cc8ef61178f2d0058fa01f7572fdf9a,2026-08-26T03:27:03.513228+00:00,0,0
548,장기이식관리센터 홈페이지,질병관리본부,http://www.kwacc.or.kr/CertificationSite/WA/548/Detail?page=177,http://konos.go.kr/konosis/index.jsp,EXPIRED,2017-08-29,2018-08-28,177,8,http://www.kwacc.or.kr/CertificationSite/WA/List?page=177,640f9bb240462f0a15cf1d60475cd4169cc8ef61178f2d0058fa01f7572fdf9a,2026-08-26T03:27:03.513228+00:00,0,0
553,kt M mobile 대표 홈페이지,(주)케이티 엠모바일,http://www.kwacc.or.kr/CertificationSite/WA/553/Detail?page=177,https://www.ktmmobile.com,EXPIRED,2017-08-24,2018-08-23,177,9,http://www.kwacc.or.kr/CertificationSite/WA/List?page=177,640f9bb240462f0a15cf1d60475cd4169cc8ef61178f2d0058fa01f7572fdf9a,2026-08-26T03:27:03.513228+00:00,0,0
543,교보문고 전자도서관 홈페이지,(주)교보문고,http://www.kwacc.or.kr/CertificationSite/WA/543/Detail?page=177,http://ebook.dkyobobook.co.kr,EXPIRED,2017-08-20,2018-08-19,177,10,http://www.kwacc.or.kr/CertificationSite/WA/List?page=177,640f9bb240462f0a15cf1d60475cd4169cc8ef61178f2d0058fa01f7572fdf9a,2026-08-26T03:27:03.513228+00:00,0,0
539,국립재활원 대표 홈페이지,국립재활원,http://www.kwacc.or.kr/CertificationSite/WA/539/Detail?page=178,http://www.nrc.go.kr,EXPIRED,2017-08-14,2018-08-13,178,1,http://www.kwacc.or.kr/CertificationSite/WA/List?page=178,4844b685d47bcdbeeb50086e43a5b300400e2c2e04c1b7e4d43c4dd75bb10484,2026-08-26T03:27:04.304105+00:00,0,0
538,국립소록도병원 대표 홈페이지,국립소록도병원,http://www.kwacc.or.kr/CertificationSite/WA/538/Detail?page=178,http://www.sorokdo.go.kr,EXPIRED,2017-08-14,2018-08-13,178,2,http://www.kwacc.or.kr/CertificationSite/WA/List?page=178,4844b685d47bcdbeeb50086e43a5b300400e2c2e04c1b7e4d43c4dd75bb10484,2026-08-26T03:27:04.304105+00:00,0,0
567,사회보장위원회 국문홈페이지,사회보장위원회,http://www.kwacc.or.kr/CertificationSite/WA/567/Detail?page=178,http://www.ssc.go.kr/main.tiles,EXPIRED,2017-08-12,2018-08-11,178,3,http://www.kwacc.or.kr/CertificationSite/WA/List?page=178,4844b685d47bcdbeeb50086e43a5b300400e2c2e04c1b7e4d43c4dd75bb10484,2026-08-26T03:27:04.304105+00:00,0,0
566,사회보장위원회 영문홈페이지,사회보장위원회,http://www.kwacc.or.kr/CertificationSite/WA/566/Detail?page=178,http://ssc.go.kr/menuEn/Commi/Commi110100.tiles,EXPIRED,2017-08-12,2018-08-11,178,4,http://www.kwacc.or.kr/CertificationSite/WA/List?page=178,4844b685d47bcdbeeb50086e43a5b300400e2c2e04c1b7e4d43c4dd75bb10484,2026-08-26T03:27:04.304105+00:00,0,0
549,문화체육관광부 업무포털시스템,문화체육관광부,http://www.kwacc.or.kr/CertificationSite/WA/549/Detail?page=178,,EXPIRED,2017-08-11,2018-08-10,178,5,http://www.kwacc.or.kr/CertificationSite/WA/List?page=178,4844b685d47bcdbeeb50086e43a5b300400e2c2e04c1b7e4d43c4dd75bb10484,2026-08-26T03:27:04.304105+00:00,0,0
537,대한결핵협회 대표 홈페이지,대한결핵협회,http://www.kwacc.or.kr/CertificationSite/WA/537/Detail?page=178,http://www.knta.or.kr,EXPIRED,2017-08-06,2018-08-05,178,6,http://www.kwacc.or.kr/CertificationSite/WA/List?page=178,4844b685d47bcdbeeb50086e43a5b300400e2c2e04c1b7e4d43c4dd75bb10484,2026-08-26T03:27:04.304105+00:00,0,0
540,국립정신건강센터 대표 홈페이지,국립정신건강센터,http://www.kwacc.or.kr/CertificationSite/WA/540/Detail?page=178,http://www.ncmh.go.kr/index.jsp,EXPIRED,2017-07-28,2018-07-27,178,7,http://www.kwacc.or.kr/CertificationSite/WA/List?page=178,4844b685d47bcdbeeb50086e43a5b300400e2c2e04c1b7e4d43c4dd75bb10484,2026-08-26T03:27:04.304105+00:00,0,0
534,에스원 모바일카드 홈페이지,(주)에스원,http://www.kwacc.or.kr/CertificationSite/WA/534/Detail?page=178,http://www.s1mobilecard.co.kr,EXPIRED,2017-07-28,2018-07-27,178,8,http://www.kwacc.or.kr/CertificationSite/WA/List?page=178,4844b685d47bcdbeeb50086e43a5b300400e2c2e04c1b7e4d43c4dd75bb10484,2026-08-26T03:27:04.304105+00:00,0,0
547,수원시 시설관리공단 대표 홈페이지,수원시 시설관리공단,http://www.kwacc.or.kr/CertificationSite/WA/547/Detail?page=178,http://www.suwonfmc.or.kr,EXPIRED,2017-07-25,2018-07-24,178,9,http://www.kwacc.or.kr/CertificationSite/WA/List?page=178,4844b685d47bcdbeeb50086e43a5b300400e2c2e04c1b7e4d43c4dd75bb10484,2026-08-26T03:27:04.304105+00:00,0,0
533,영양군청 대표 홈페이지,영양군청,http://www.kwacc.or.kr/CertificationSite/WA/533/Detail?page=178,http://www.yyg.go.kr,EXPIRED,2017-07-21,2018-07-20,178,10,http://www.kwacc.or.kr/CertificationSite/WA/List?page=178,4844b685d47bcdbeeb50086e43a5b300400e2c2e04c1b7e4d43c4dd75bb10484,2026-08-26T03:27:04.304105+00:00,0,0
542,성북장애인복지관,성북장애인복지관,http://www.kwacc.or.kr/CertificationSite/WA/542/Detail?page=179,http://sb.sgwon.or.kr,EXPIRED,2017-07-17,2018-07-16,179,1,http://www.kwacc.or.kr/CertificationSite/WA/List?page=179,bf00b1cd9f3962bed774d288013dcef628ce9b3f42646e1042cf42714e87fdbf,2026-08-26T03:27:05.099561+00:00,0,0
544,성북구청 대표 홈페이지,성북구청,http://www.kwacc.or.kr/CertificationSite/WA/544/Detail?page=179,http://www.seongbuk.go.kr,EXPIRED,2017-07-14,2018-07-13,179,2,http://www.kwacc.or.kr/CertificationSite/WA/List?page=179,bf00b1cd9f3962bed774d288013dcef628ce9b3f42646e1042cf42714e87fdbf,2026-08-26T03:27:05.099561+00:00,0,0
546,LG계정 대표 홈페이지,엘지전자 (주),http://www.kwacc.or.kr/CertificationSite/WA/546/Detail?page=179,https://kr.lgaccount.com/login/sign_in?svcCode=SVC401,EXPIRED,2017-07-13,2018-07-12,179,3,http://www.kwacc.or.kr/CertificationSite/WA/List?page=179,bf00b1cd9f3962bed774d288013dcef628ce9b3f42646e1042cf42714e87fdbf,2026-08-26T03:27:05.099561+00:00,0,0
532,충남도시가스 대표 홈페이지,(주)충남도시가스,http://www.kwacc.or.kr/CertificationSite/WA/532/Detail?page=179,http://www.choongnamcitygas.co.kr,EXPIRED,2017-07-10,2018-07-09,179,4,http://www.kwacc.or.kr/CertificationSite/WA/List?page=179,bf00b1cd9f3962bed774d288013dcef628ce9b3f42646e1042cf42714e87fdbf,2026-08-26T03:27:05.099561+00:00,0,0
552,카디프손해보험 대표 홈페이지,BNP파리바 카디프손해보험,http://www.kwacc.or.kr/CertificationSite/WA/552/Detail?page=179,http://www.cardifcare.co.kr,EXPIRED,2017-07-08,2018-07-07,179,5,http://www.kwacc.or.kr/CertificationSite/WA/List?page=179,bf00b1cd9f3962bed774d288013dcef628ce9b3f42646e1042cf42714e87fdbf,2026-08-26T03:27:05.099561+00:00,0,0
545,한국방송광고진흥공사 대표 홈페이지,한국방송광고진흥공사,http://www.kwacc.or.kr/CertificationSite/WA/545/Detail?page=179,https://www.kobaco.co.kr,EXPIRED,2017-07-08,2018-07-07,179,6,http://www.kwacc.or.kr/CertificationSite/WA/List?page=179,bf00b1cd9f3962bed774d288013dcef628ce9b3f42646e1042cf42714e87fdbf,2026-08-26T03:27:05.099561+00:00,0,0
554,금융민원센터 대표 홈페이지,금융민원센터,http://www.kwacc.or.kr/CertificationSite/WA/554/Detail?page=179,http://www.fcsc.kr,EXPIRED,2017-07-04,2018-07-03,179,7,http://www.kwacc.or.kr/CertificationSite/WA/List?page=179,bf00b1cd9f3962bed774d288013dcef628ce9b3f42646e1042cf42714e87fdbf,2026-08-26T03:27:05.099561+00:00,0,0
535,한전산업개발 대표 홈페이지,한전산업개발주식회사,http://www.kwacc.or.kr/CertificationSite/WA/535/Detail?page=179,http://www.kepid.co.kr,EXPIRED,2017-07-03,2018-07-02,179,8,http://www.kwacc.or.kr/CertificationSite/WA/List?page=179,bf00b1cd9f3962bed774d288013dcef628ce9b3f42646e1042cf42714e87fdbf,2026-08-26T03:27:05.099561+00:00,0,0
531,의성군청 대표 홈페이지,의성군청,http://www.kwacc.or.kr/CertificationSite/WA/531/Detail?page=179,http://www.usc.go.kr,EXPIRED,2017-06-30,2018-06-29,179,9,http://www.kwacc.or.kr/CertificationSite/WA/List?page=179,bf00b1cd9f3962bed774d288013dcef628ce9b3f42646e1042cf42714e87fdbf,2026-08-26T03:27:05.099561+00:00,0,0
527,무안군청 대표 홈페이지,무안군청,http://www.kwacc.or.kr/CertificationSite/WA/527/Detail?page=179,http://www.muan.go.kr,EXPIRED,2017-06-30,2018-06-29,179,10,http://www.kwacc.or.kr/CertificationSite/WA/List?page=179,bf00b1cd9f3962bed774d288013dcef628ce9b3f42646e1042cf42714e87fdbf,2026-08-26T03:27:05.099561+00:00,0,0
526,대구시설공단 대표 홈페이지,대구시설공단,http://www.kwacc.or.kr/CertificationSite/WA/526/Detail?page=180,http://main.dgsisul.or.kr,EXPIRED,2017-06-28,2018-06-27,180,1,http://www.kwacc.or.kr/CertificationSite/WA/List?page=180,bf7e1b2238190671ef6cb7cf4d65800a074ba5c5a300975e73b3456fbdf89ba8,2026-08-26T03:27:05.895905+00:00,0,0
519,얼티메이드 홈페이지,빈트라이,http://www.kwacc.or.kr/CertificationSite/WA/519/Detail?page=180,http://www.ultimade.kr,EXPIRED,2017-06-23,2018-06-22,180,2,http://www.kwacc.or.kr/CertificationSite/WA/List?page=180,bf7e1b2238190671ef6cb7cf4d65800a074ba5c5a300975e73b3456fbdf89ba8,2026-08-26T03:27:05.895905+00:00,0,0
512,KDB캐피탈 신용카드(기업) 홈페이지,KDB캐피탈,http://www.kwacc.or.kr/CertificationSite/WA/512/Detail?page=180,https://www.kdbcard.co.kr,EXPIRED,2017-06-22,2018-06-21,180,3,http://www.kwacc.or.kr/CertificationSite/WA/List?page=180,bf7e1b2238190671ef6cb7cf4d65800a074ba5c5a300975e73b3456fbdf89ba8,2026-08-26T03:27:05.895905+00:00,0,0
520,LG Lifegram 홈페이지,LG전자,http://www.kwacc.or.kr/CertificationSite/WA/520/Detail?page=180,http://www.lglifegram.com,EXPIRED,2017-06-19,2018-06-18,180,4,http://www.kwacc.or.kr/CertificationSite/WA/List?page=180,bf7e1b2238190671ef6cb7cf4d65800a074ba5c5a300975e73b3456fbdf89ba8,2026-08-26T03:27:05.895905+00:00,0,0
541,국립검역소 대표 홈페이지,질병관리본부,http://www.kwacc.or.kr/CertificationSite/WA/541/Detail?page=180,http://nqs.cdc.go.kr/nqs,EXPIRED,2017-06-16,2018-06-15,180,5,http://www.kwacc.or.kr/CertificationSite/WA/List?page=180,bf7e1b2238190671ef6cb7cf4d65800a074ba5c5a300975e73b3456fbdf89ba8,2026-08-26T03:27:05.895905+00:00,0,0
518,국립목포병원 대표 홈페이지,국립목포병원,http://www.kwacc.or.kr/CertificationSite/WA/518/Detail?page=180,http://www.tbmokpo.go.kr,EXPIRED,2017-06-13,2018-06-12,180,6,http://www.kwacc.or.kr/CertificationSite/WA/List?page=180,bf7e1b2238190671ef6cb7cf4d65800a074ba5c5a300975e73b3456fbdf89ba8,2026-08-26T03:27:05.895905+00:00,0,0
528,롯데캐피탈 대표 홈페이지,롯데캐피탈 (주),http://www.kwacc.or.kr/CertificationSite/WA/528/Detail?page=180,http://www.lottecap.com,EXPIRED,2017-06-02,2018-06-01,180,7,http://www.kwacc.or.kr/CertificationSite/WA/List?page=180,bf7e1b2238190671ef6cb7cf4d65800a074ba5c5a300975e73b3456fbdf89ba8,2026-08-26T03:27:05.895905+00:00,0,0
523,경찰청 유실물 통합포털 홈페이지,경찰청,http://www.kwacc.or.kr/CertificationSite/WA/523/Detail?page=180,https://www.lost112.go.kr,EXPIRED,2017-05-31,2018-05-30,180,8,http://www.kwacc.or.kr/CertificationSite/WA/List?page=180,bf7e1b2238190671ef6cb7cf4d65800a074ba5c5a300975e73b3456fbdf89ba8,2026-08-26T03:27:05.895905+00:00,0,0
511,KDB캐피탈(국문) 홈페이지,KDB캐피탈,http://www.kwacc.or.kr/CertificationSite/WA/511/Detail?page=180,http://www.kdbc.co.kr,EXPIRED,2017-05-29,2018-05-28,180,9,http://www.kwacc.or.kr/CertificationSite/WA/List?page=180,bf7e1b2238190671ef6cb7cf4d65800a074ba5c5a300975e73b3456fbdf89ba8,2026-08-26T03:27:05.895905+00:00,0,0
536,서울시보조기기센터 대표 홈페이지,서울시보조기기센터,http://www.kwacc.or.kr/CertificationSite/WA/536/Detail?page=180,http://www.seoulats.or.kr,EXPIRED,2017-05-22,2018-05-21,180,10,http://www.kwacc.or.kr/CertificationSite/WA/List?page=180,bf7e1b2238190671ef6cb7cf4d65800a074ba5c5a300975e73b3456fbdf89ba8,2026-08-26T03:27:05.895905+00:00,0,0
525,신나는 방과후학교 홈페이지,광주광역시 교육청,http://www.kwacc.or.kr/CertificationSite/WA/525/Detail?page=181,http://after.gen.go.kr,EXPIRED,2017-05-19,2018-05-18,181,1,http://www.kwacc.or.kr/CertificationSite/WA/List?page=181,e8796cd9de620494bd8d54105ad182f960513e714775b5ec04a17ab9c1080f4d,2026-08-26T03:27:06.673063+00:00,0,0
524,광주광역시 서구청 대표 홈페이지,광주광역시 서구청,http://www.kwacc.or.kr/CertificationSite/WA/524/Detail?page=181,http://www.seogu.gwangju.kr,EXPIRED,2017-05-17,2018-05-16,181,2,http://www.kwacc.or.kr/CertificationSite/WA/List?page=181,e8796cd9de620494bd8d54105ad182f960513e714775b5ec04a17ab9c1080f4d,2026-08-26T03:27:06.673063+00:00,0,0
510,보건복지부 대표 홈페이지,보건복지부,http://www.kwacc.or.kr/CertificationSite/WA/510/Detail?page=181,http://www.mohw.go.kr,EXPIRED,2017-05-16,2018-05-15,181,3,http://www.kwacc.or.kr/CertificationSite/WA/List?page=181,e8796cd9de620494bd8d54105ad182f960513e714775b5ec04a17ab9c1080f4d,2026-08-26T03:27:06.673063+00:00,0,0
516,여수시청 대표 홈페이지,여수시청,http://www.kwacc.or.kr/CertificationSite/WA/516/Detail?page=181,http://www.yeosu.go.kr,EXPIRED,2017-05-12,2018-05-11,181,4,http://www.kwacc.or.kr/CertificationSite/WA/List?page=181,e8796cd9de620494bd8d54105ad182f960513e714775b5ec04a17ab9c1080f4d,2026-08-26T03:27:06.673063+00:00,0,0
521,중앙입양원 대표 홈페이지,(재)중앙입양원,http://www.kwacc.or.kr/CertificationSite/WA/521/Detail?page=181,https://www.kadoption.or.kr,EXPIRED,2017-05-09,2018-05-08,181,5,http://www.kwacc.or.kr/CertificationSite/WA/List?page=181,e8796cd9de620494bd8d54105ad182f960513e714775b5ec04a17ab9c1080f4d,2026-08-26T03:27:06.673063+00:00,0,0
507,국립창원대학교 대표 홈페이지,국립창원대학교,http://www.kwacc.or.kr/CertificationSite/WA/507/Detail?page=181,http://www.changwon.ac.kr,EXPIRED,2017-05-08,2018-05-07,181,6,http://www.kwacc.or.kr/CertificationSite/WA/List?page=181,e8796cd9de620494bd8d54105ad182f960513e714775b5ec04a17ab9c1080f4d,2026-08-26T03:27:06.673063+00:00,0,0
522,산들바람 진로멘토링 홈페이지,한국직업능력개발원,http://www.kwacc.or.kr/CertificationSite/WA/522/Detail?page=181,http://mentoring.career.go.kr,EXPIRED,2017-05-04,2018-05-03,181,7,http://www.kwacc.or.kr/CertificationSite/WA/List?page=181,e8796cd9de620494bd8d54105ad182f960513e714775b5ec04a17ab9c1080f4d,2026-08-26T03:27:06.673063+00:00,0,0
517,시립서울장애인종합복지관 대표 홈페이지,시립서울장애인종합복지관,http://www.kwacc.or.kr/CertificationSite/WA/517/Detail?page=181,http://www.seoulrehab.or.kr,EXPIRED,2017-05-02,2018-05-01,181,8,http://www.kwacc.or.kr/CertificationSite/WA/List?page=181,e8796cd9de620494bd8d54105ad182f960513e714775b5ec04a17ab9c1080f4d,2026-08-26T03:27:06.673063+00:00,0,0
504,BYC 대표 홈페이지,BYC,http://www.kwacc.or.kr/CertificationSite/WA/504/Detail?page=181,http://www.byc.co.kr,EXPIRED,2017-04-29,2018-04-28,181,9,http://www.kwacc.or.kr/CertificationSite/WA/List?page=181,e8796cd9de620494bd8d54105ad182f960513e714775b5ec04a17ab9c1080f4d,2026-08-26T03:27:06.673063+00:00,0,0
506,EBS 장애인서비스 홈페이지,한국교육방송공사,http://www.kwacc.or.kr/CertificationSite/WA/506/Detail?page=181,http://www.ebs.co.kr/free,EXPIRED,2017-04-28,2018-04-27,181,10,http://www.kwacc.or.kr/CertificationSite/WA/List?page=181,e8796cd9de620494bd8d54105ad182f960513e714775b5ec04a17ab9c1080f4d,2026-08-26T03:27:06.673063+00:00,0,0
503,The-K저축은행 대표 홈페이지,The-K저축은행(주),http://www.kwacc.or.kr/CertificationSite/WA/503/Detail?page=182,http://www.thekbank.co.kr,EXPIRED,2017-04-28,2018-04-27,182,1,http://www.kwacc.or.kr/CertificationSite/WA/List?page=182,7e68bb0cc4e96d208a1469a562596ac23ff39a8ab230905329dfd313542fdd76,2026-08-26T03:27:07.458986+00:00,0,0
500,경상남도특수교육원 대표 홈페이지,경상남도특수교육원,http://www.kwacc.or.kr/CertificationSite/WA/500/Detail?page=182,http://www.gnise.kr,EXPIRED,2017-04-25,2018-04-24,182,2,http://www.kwacc.or.kr/CertificationSite/WA/List?page=182,7e68bb0cc4e96d208a1469a562596ac23ff39a8ab230905329dfd313542fdd76,2026-08-26T03:27:07.458986+00:00,0,0
513,CJ제일제당 모바일웹,씨제이제일제당 (주),http://www.kwacc.or.kr/CertificationSite/WA/513/Detail?page=182,http://m.cj.co.kr/cjm-kr,EXPIRED,2017-04-22,2018-04-21,182,3,http://www.kwacc.or.kr/CertificationSite/WA/List?page=182,7e68bb0cc4e96d208a1469a562596ac23ff39a8ab230905329dfd313542fdd76,2026-08-26T03:27:07.458986+00:00,0,0
501,모비스피버스 농구단 대표 홈페이지,모비스피버스 농구단,http://www.kwacc.or.kr/CertificationSite/WA/501/Detail?page=182,http://www.mobisphoebus.co.kr,EXPIRED,2017-04-21,2018-04-20,182,4,http://www.kwacc.or.kr/CertificationSite/WA/List?page=182,7e68bb0cc4e96d208a1469a562596ac23ff39a8ab230905329dfd313542fdd76,2026-08-26T03:27:07.458986+00:00,0,0
514,광진구청 대표 홈페이지,광진구청,http://www.kwacc.or.kr/CertificationSite/WA/514/Detail?page=182,http://www.gwangjin.go.kr,EXPIRED,2017-04-15,2018-04-14,182,5,http://www.kwacc.or.kr/CertificationSite/WA/List?page=182,7e68bb0cc4e96d208a1469a562596ac23ff39a8ab230905329dfd313542fdd76,2026-08-26T03:27:07.458986+00:00,0,0
497,SRT 티켓예매 홈페이지,주식회사 에스알,http://www.kwacc.or.kr/CertificationSite/WA/497/Detail?page=182,https://etk.srail.co.kr,EXPIRED,2017-04-13,2018-04-12,182,6,http://www.kwacc.or.kr/CertificationSite/WA/List?page=182,7e68bb0cc4e96d208a1469a562596ac23ff39a8ab230905329dfd313542fdd76,2026-08-26T03:27:07.458986+00:00,0,0
644,은평구 보건소 홈페이지,은평구 보건소,http://www.kwacc.or.kr/CertificationSite/WA/644/Detail?page=182,http://health.ep.go.kr,EXPIRED,2017-03-31,2018-03-30,182,7,http://www.kwacc.or.kr/CertificationSite/WA/List?page=182,7e68bb0cc4e96d208a1469a562596ac23ff39a8ab230905329dfd313542fdd76,2026-08-26T03:27:07.458986+00:00,0,0
643,은평구청 홈페이지,은평구청,http://www.kwacc.or.kr/CertificationSite/WA/643/Detail?page=182,http://www.ep.go.kr,EXPIRED,2017-03-31,2018-03-30,182,8,http://www.kwacc.or.kr/CertificationSite/WA/List?page=182,7e68bb0cc4e96d208a1469a562596ac23ff39a8ab230905329dfd313542fdd76,2026-08-26T03:27:07.458986+00:00,0,0
555,남도학숙 대표 홈페이지,남도학숙,http://www.kwacc.or.kr/CertificationSite/WA/555/Detail?page=182,http://www.ndhs.or.kr,EXPIRED,2017-03-30,2018-03-29,182,9,http://www.kwacc.or.kr/CertificationSite/WA/List?page=182,7e68bb0cc4e96d208a1469a562596ac23ff39a8ab230905329dfd313542fdd76,2026-08-26T03:27:07.458986+00:00,0,0
550,연암대학교 홈페이지,연암대학교,http://www.kwacc.or.kr/CertificationSite/WA/550/Detail?page=182,http://www.yonam.ac.kr,EXPIRED,2017-03-21,2018-03-20,182,10,http://www.kwacc.or.kr/CertificationSite/WA/List?page=182,7e68bb0cc4e96d208a1469a562596ac23ff39a8ab230905329dfd313542fdd76,2026-08-26T03:27:07.458986+00:00,0,0
494,국립망향의동산관리원 대표 홈페이지,국립망향의동산관리원,http://www.kwacc.or.kr/CertificationSite/WA/494/Detail?page=183,http://nmhc.go.kr/,EXPIRED,2017-03-21,2018-03-20,183,1,http://www.kwacc.or.kr/CertificationSite/WA/List?page=183,972c6f079346b16a5468286123bca61b688a022b40700e1d86df0c0724dc7db0,2026-08-26T03:27:08.270288+00:00,0,0
505,광주광역시 북구청 대표 홈페이지,광주광역시 북구청,http://www.kwacc.or.kr/CertificationSite/WA/505/Detail?page=183,http://www.bukgu.gwangju.kr,EXPIRED,2017-03-20,2018-03-19,183,2,http://www.kwacc.or.kr/CertificationSite/WA/List?page=183,972c6f079346b16a5468286123bca61b688a022b40700e1d86df0c0724dc7db0,2026-08-26T03:27:08.270288+00:00,0,0
502,동양생명 대표 홈페이지,동양생명보험 (주),http://www.kwacc.or.kr/CertificationSite/WA/502/Detail?page=183,https://www.myangel.co.kr,EXPIRED,2017-03-17,2018-03-16,183,3,http://www.kwacc.or.kr/CertificationSite/WA/List?page=183,972c6f079346b16a5468286123bca61b688a022b40700e1d86df0c0724dc7db0,2026-08-26T03:27:08.270288+00:00,0,0
493,GⅡR 대표 홈페이지,주식회사 지투알,http://www.kwacc.or.kr/CertificationSite/WA/493/Detail?page=183,http://www.g2rgroup.com,EXPIRED,2017-03-16,2018-03-15,183,4,http://www.kwacc.or.kr/CertificationSite/WA/List?page=183,972c6f079346b16a5468286123bca61b688a022b40700e1d86df0c0724dc7db0,2026-08-26T03:27:08.270288+00:00,0,0
492,HS애드 대표 홈페이지,HS애드,http://www.kwacc.or.kr/CertificationSite/WA/492/Detail?page=183,http://www.hsad.co.kr,EXPIRED,2017-03-16,2018-03-15,183,5,http://www.kwacc.or.kr/CertificationSite/WA/List?page=183,972c6f079346b16a5468286123bca61b688a022b40700e1d86df0c0724dc7db0,2026-08-26T03:27:08.270288+00:00,0,0
496,HK저축은행 대표 홈페이지,HK저축은행,http://www.kwacc.or.kr/CertificationSite/WA/496/Detail?page=183,https://www.hksb.co.kr,EXPIRED,2017-03-11,2018-03-10,183,6,http://www.kwacc.or.kr/CertificationSite/WA/List?page=183,972c6f079346b16a5468286123bca61b688a022b40700e1d86df0c0724dc7db0,2026-08-26T03:27:08.270288+00:00,0,0
508,CJ제일제당 홈페이지,씨제이제일제당(주),http://www.kwacc.or.kr/CertificationSite/WA/508/Detail?page=183,http://www.cj.co.kr/cj-kr/,EXPIRED,2017-03-06,2018-03-05,183,7,http://www.kwacc.or.kr/CertificationSite/WA/List?page=183,972c6f079346b16a5468286123bca61b688a022b40700e1d86df0c0724dc7db0,2026-08-26T03:27:08.270288+00:00,0,0
488,NH저축은행 홈페이지,엔에이치저축은행 주식회사,http://www.kwacc.or.kr/CertificationSite/WA/488/Detail?page=183,https://www.nhsavingsbank.co.kr,EXPIRED,2017-03-02,2018-03-01,183,8,http://www.kwacc.or.kr/CertificationSite/WA/List?page=183,972c6f079346b16a5468286123bca61b688a022b40700e1d86df0c0724dc7db0,2026-08-26T03:27:08.270288+00:00,0,0
487,가락몰 홈페이지,서울시농수산식품공사​,http://www.kwacc.or.kr/CertificationSite/WA/487/Detail?page=183,http://garakmall.garak.co.kr,EXPIRED,2017-02-27,2018-02-26,183,9,http://www.kwacc.or.kr/CertificationSite/WA/List?page=183,972c6f079346b16a5468286123bca61b688a022b40700e1d86df0c0724dc7db0,2026-08-26T03:27:08.270288+00:00,0,0
491,꿈드래 홈페이지,한국장애인개발원,http://www.kwacc.or.kr/CertificationSite/WA/491/Detail?page=183,https://www.goods.go.kr,EXPIRED,2017-02-19,2018-02-18,183,10,http://www.kwacc.or.kr/CertificationSite/WA/List?page=183,972c6f079346b16a5468286123bca61b688a022b40700e1d86df0c0724dc7db0,2026-08-26T03:27:08.270288+00:00,0,0
489,LG SmartWorld(TV) 홈페이지,엘지전자 (주),http://www.kwacc.or.kr/CertificationSite/WA/489/Detail?page=184,http://kr.lgappstv.com,EXPIRED,2017-02-19,2018-02-18,184,1,http://www.kwacc.or.kr/CertificationSite/WA/List?page=184,6b530d00104ad67af4c4c75312d66f85cf96704875acecbff984930ac3b2fe27,2026-08-26T03:27:09.079024+00:00,0,0
485,광양시 백운산자연휴양림 홈페이지,광양시청,http://www.kwacc.or.kr/CertificationSite/WA/485/Detail?page=184,http://bwmt.gwangyang.go.kr,EXPIRED,2017-02-16,2018-02-15,184,2,http://www.kwacc.or.kr/CertificationSite/WA/List?page=184,6b530d00104ad67af4c4c75312d66f85cf96704875acecbff984930ac3b2fe27,2026-08-26T03:27:09.079024+00:00,0,0
484,중원구청 대표 홈페이지,중원구청,http://www.kwacc.or.kr/CertificationSite/WA/484/Detail?page=184,http://www.jungwongu.go.kr,EXPIRED,2017-02-14,2018-02-13,184,3,http://www.kwacc.or.kr/CertificationSite/WA/List?page=184,6b530d00104ad67af4c4c75312d66f85cf96704875acecbff984930ac3b2fe27,2026-08-26T03:27:09.079024+00:00,0,0
483,국립한글박물관 대표 홈페이지,국립한글박물관,http://www.kwacc.or.kr/CertificationSite/WA/483/Detail?page=184,http://www.hangeul.go.kr,EXPIRED,2017-02-14,2018-02-13,184,4,http://www.kwacc.or.kr/CertificationSite/WA/List?page=184,6b530d00104ad67af4c4c75312d66f85cf96704875acecbff984930ac3b2fe27,2026-08-26T03:27:09.079024+00:00,0,0
486,경기도장애인복지종합지원센터 대표 홈페이지,경기도장애인복지종합지원센터,http://www.kwacc.or.kr/CertificationSite/WA/486/Detail?page=184,http://nurim.gg.go.kr,EXPIRED,2017-02-09,2018-02-08,184,5,http://www.kwacc.or.kr/CertificationSite/WA/List?page=184,6b530d00104ad67af4c4c75312d66f85cf96704875acecbff984930ac3b2fe27,2026-08-26T03:27:09.079024+00:00,0,0
498,성남아트센터 홈페이지,성남문화재단,http://www.kwacc.or.kr/CertificationSite/WA/498/Detail?page=184,http://www.snart.or.kr,EXPIRED,2017-02-02,2018-02-01,184,6,http://www.kwacc.or.kr/CertificationSite/WA/List?page=184,6b530d00104ad67af4c4c75312d66f85cf96704875acecbff984930ac3b2fe27,2026-08-26T03:27:09.079024+00:00,0,0
481,국립광주과학관 대표 홈페이지,국립광주과학관,http://www.kwacc.or.kr/CertificationSite/WA/481/Detail?page=184,http://www.sciencecenter.or.kr,EXPIRED,2017-02-02,2018-02-01,184,7,http://www.kwacc.or.kr/CertificationSite/WA/List?page=184,6b530d00104ad67af4c4c75312d66f85cf96704875acecbff984930ac3b2fe27,2026-08-26T03:27:09.079024+00:00,0,0
475,서울시 도시철도9호선 홈페이지,서울시메트로9호선(주)​,http://www.kwacc.or.kr/CertificationSite/WA/475/Detail?page=184,http://www.metro9.co.kr,EXPIRED,2017-01-23,2018-01-22,184,8,http://www.kwacc.or.kr/CertificationSite/WA/List?page=184,6b530d00104ad67af4c4c75312d66f85cf96704875acecbff984930ac3b2fe27,2026-08-26T03:27:09.079024+00:00,0,0
477,부산광역시시각장애인복지관 대표 홈페이지,부산광역시시각장애인복지관,http://www.kwacc.or.kr/CertificationSite/WA/477/Detail?page=184,http://www.newwhite.or.kr,EXPIRED,2017-01-20,2018-01-19,184,9,http://www.kwacc.or.kr/CertificationSite/WA/List?page=184,6b530d00104ad67af4c4c75312d66f85cf96704875acecbff984930ac3b2fe27,2026-08-26T03:27:09.079024+00:00,0,0
474,동국대학교 대표 홈페이지,동국대학교,http://www.kwacc.or.kr/CertificationSite/WA/474/Detail?page=184,http://www.dongguk.edu,EXPIRED,2017-01-18,2018-01-17,184,10,http://www.kwacc.or.kr/CertificationSite/WA/List?page=184,6b530d00104ad67af4c4c75312d66f85cf96704875acecbff984930ac3b2fe27,2026-08-26T03:27:09.079024+00:00,0,0
471,방송문화진흥회 대표 홈페이지,방송문화진흥회,http://www.kwacc.or.kr/CertificationSite/WA/471/Detail?page=185,http://www.fbc.or.kr,EXPIRED,2017-01-16,2018-01-15,185,1,http://www.kwacc.or.kr/CertificationSite/WA/List?page=185,42dd78ab1892ef6d4f48997b2260e0fd5ca92be30d9d3c4b56fd63bea7623608,2026-08-26T03:27:09.873826+00:00,0,0
478,김포시청소년수련원 홈페이지,김포시청소년육성재단 김포시청소년수련원,http://www.kwacc.or.kr/CertificationSite/WA/478/Detail?page=185,http://gpyc.fgy.or.kr,EXPIRED,2017-01-09,2018-01-08,185,2,http://www.kwacc.or.kr/CertificationSite/WA/List?page=185,42dd78ab1892ef6d4f48997b2260e0fd5ca92be30d9d3c4b56fd63bea7623608,2026-08-26T03:27:09.873826+00:00,0,0
468,김포중봉청소년수련관 홈페이지,김포시청소년육성재단 중봉청소년수련관,http://www.kwacc.or.kr/CertificationSite/WA/468/Detail?page=185,http://www.jbyouth.or.kr,EXPIRED,2017-01-09,2018-01-08,185,3,http://www.kwacc.or.kr/CertificationSite/WA/List?page=185,42dd78ab1892ef6d4f48997b2260e0fd5ca92be30d9d3c4b56fd63bea7623608,2026-08-26T03:27:09.873826+00:00,0,0
467,수정구청 대표 홈페이지,수정구청,http://www.kwacc.or.kr/CertificationSite/WA/467/Detail?page=185,http://www.sujeong-gu.go.kr,EXPIRED,2017-01-06,2018-01-05,185,4,http://www.kwacc.or.kr/CertificationSite/WA/List?page=185,42dd78ab1892ef6d4f48997b2260e0fd5ca92be30d9d3c4b56fd63bea7623608,2026-08-26T03:27:09.873826+00:00,0,0
469,나주시청 대표 홈페이지,나주시청,http://www.kwacc.or.kr/CertificationSite/WA/469/Detail?page=185,http://www.naju.go.kr,EXPIRED,2017-01-04,2018-01-03,185,5,http://www.kwacc.or.kr/CertificationSite/WA/List?page=185,42dd78ab1892ef6d4f48997b2260e0fd5ca92be30d9d3c4b56fd63bea7623608,2026-08-26T03:27:09.873826+00:00,0,0
470,국회예산정책처 대표 홈페이지,국회예산정책처,http://www.kwacc.or.kr/CertificationSite/WA/470/Detail?page=185,http://www.nabo.go.kr,EXPIRED,2016-12-31,2017-12-30,185,6,http://www.kwacc.or.kr/CertificationSite/WA/List?page=185,42dd78ab1892ef6d4f48997b2260e0fd5ca92be30d9d3c4b56fd63bea7623608,2026-08-26T03:27:09.873826+00:00,0,0
490,부산스토리텔링원형정보관리시스템 홈페이지,부산광역시청,http://www.kwacc.or.kr/CertificationSite/WA/490/Detail?page=185,http://story.busan.go.kr,EXPIRED,2016-12-30,2017-12-29,185,7,http://www.kwacc.or.kr/CertificationSite/WA/List?page=185,42dd78ab1892ef6d4f48997b2260e0fd5ca92be30d9d3c4b56fd63bea7623608,2026-08-26T03:27:09.873826+00:00,0,0
464,국립중앙도서관 대표 홈페이지,국립중앙도서관,http://www.kwacc.or.kr/CertificationSite/WA/464/Detail?page=185,http://www.nl.go.kr,EXPIRED,2016-12-30,2017-12-29,185,8,http://www.kwacc.or.kr/CertificationSite/WA/List?page=185,42dd78ab1892ef6d4f48997b2260e0fd5ca92be30d9d3c4b56fd63bea7623608,2026-08-26T03:27:09.873826+00:00,0,0
456,지구촌 스마트 여행 홈페이지,한국관광공사,http://www.kwacc.or.kr/CertificationSite/WA/456/Detail?page=185,http://smartoutbound.or.kr,EXPIRED,2016-12-30,2017-12-29,185,9,http://www.kwacc.or.kr/CertificationSite/WA/List?page=185,42dd78ab1892ef6d4f48997b2260e0fd5ca92be30d9d3c4b56fd63bea7623608,2026-08-26T03:27:09.873826+00:00,0,0
473,서울시 에코마일리지 홈페이지,서울특별시청,http://www.kwacc.or.kr/CertificationSite/WA/473/Detail?page=185,http://ecomileage.seoul.go.kr,EXPIRED,2016-12-29,2017-12-28,185,10,http://www.kwacc.or.kr/CertificationSite/WA/List?page=185,42dd78ab1892ef6d4f48997b2260e0fd5ca92be30d9d3c4b56fd63bea7623608,2026-08-26T03:27:09.873826+00:00,0,0
458,한국노인인력개발원 대표 홈페이지,한국노인인력개발원,http://www.kwacc.or.kr/CertificationSite/WA/458/Detail?page=186,https://kordi.go.kr,EXPIRED,2016-12-29,2017-12-28,186,1,http://www.kwacc.or.kr/CertificationSite/WA/List?page=186,f8c0b9aba684768e43a4fa5f57da787f16fb09d2a3ba0b06c8c821a7c0f7002c,2026-08-26T03:27:10.651198+00:00,0,0
457,국립대구과학관 대표 홈페이지,국립대구과학관,http://www.kwacc.or.kr/CertificationSite/WA/457/Detail?page=186,https://www.dnsm.or.kr,EXPIRED,2016-12-29,2017-12-28,186,2,http://www.kwacc.or.kr/CertificationSite/WA/List?page=186,f8c0b9aba684768e43a4fa5f57da787f16fb09d2a3ba0b06c8c821a7c0f7002c,2026-08-26T03:27:10.651198+00:00,0,0
466,울산항만공사 영문 홈페이지,울산항만공사,http://www.kwacc.or.kr/CertificationSite/WA/466/Detail?page=186,http://www.upa.or.kr/index/IndexAction.do?cmd=EngIndex,EXPIRED,2016-12-23,2017-12-22,186,3,http://www.kwacc.or.kr/CertificationSite/WA/List?page=186,f8c0b9aba684768e43a4fa5f57da787f16fb09d2a3ba0b06c8c821a7c0f7002c,2026-08-26T03:27:10.651198+00:00,0,0
465,울산항만공사 대표 홈페이지,울산항만공사,http://www.kwacc.or.kr/CertificationSite/WA/465/Detail?page=186,http://www.upa.or.kr,EXPIRED,2016-12-23,2017-12-22,186,4,http://www.kwacc.or.kr/CertificationSite/WA/List?page=186,f8c0b9aba684768e43a4fa5f57da787f16fb09d2a3ba0b06c8c821a7c0f7002c,2026-08-26T03:27:10.651198+00:00,0,0
482,인천 장애인콜택시 홈페이지,인천교통공사,http://www.kwacc.or.kr/CertificationSite/WA/482/Detail?page=186,http://www.intis.or.kr,EXPIRED,2016-12-22,2017-12-21,186,5,http://www.kwacc.or.kr/CertificationSite/WA/List?page=186,f8c0b9aba684768e43a4fa5f57da787f16fb09d2a3ba0b06c8c821a7c0f7002c,2026-08-26T03:27:10.651198+00:00,0,0
472,한국수출입은행 대표 홈페이지,한국수출입은행,http://www.kwacc.or.kr/CertificationSite/WA/472/Detail?page=186,http://www.koreaexim.go.kr,EXPIRED,2016-12-18,2017-12-17,186,6,http://www.kwacc.or.kr/CertificationSite/WA/List?page=186,f8c0b9aba684768e43a4fa5f57da787f16fb09d2a3ba0b06c8c821a7c0f7002c,2026-08-26T03:27:10.651198+00:00,0,0
447,법제처 대표 홈페이지,법제처,http://www.kwacc.or.kr/CertificationSite/WA/447/Detail?page=186,http://www.moleg.go.kr,EXPIRED,2016-12-18,2017-12-17,186,7,http://www.kwacc.or.kr/CertificationSite/WA/List?page=186,f8c0b9aba684768e43a4fa5f57da787f16fb09d2a3ba0b06c8c821a7c0f7002c,2026-08-26T03:27:10.651198+00:00,0,0
463,한전KPS 대표 홈페이지,한전케이피에스 주식회사,http://www.kwacc.or.kr/CertificationSite/WA/463/Detail?page=186,http://www.kps.co.kr,EXPIRED,2016-12-16,2017-12-15,186,8,http://www.kwacc.or.kr/CertificationSite/WA/List?page=186,f8c0b9aba684768e43a4fa5f57da787f16fb09d2a3ba0b06c8c821a7c0f7002c,2026-08-26T03:27:10.651198+00:00,0,0
480,서울수중재활센터 대표 홈페이지,서울수중재활센터,http://www.kwacc.or.kr/CertificationSite/WA/480/Detail?page=186,http://aqua.seoulrehab.or.kr,EXPIRED,2016-12-15,2017-12-14,186,9,http://www.kwacc.or.kr/CertificationSite/WA/List?page=186,f8c0b9aba684768e43a4fa5f57da787f16fb09d2a3ba0b06c8c821a7c0f7002c,2026-08-26T03:27:10.651198+00:00,0,0
449,포천시의회 대표 홈페이지,포천시의회,http://www.kwacc.or.kr/CertificationSite/WA/449/Detail?page=186,http://council.pocheon.go.kr,EXPIRED,2016-12-14,2017-12-13,186,10,http://www.kwacc.or.kr/CertificationSite/WA/List?page=186,f8c0b9aba684768e43a4fa5f57da787f16fb09d2a3ba0b06c8c821a7c0f7002c,2026-08-26T03:27:10.651198+00:00,0,0
446,평택북부장애인복지관 대표 홈페이지,평택북부장애인복지관,http://www.kwacc.or.kr/CertificationSite/WA/446/Detail?page=187,http://www.bbjb.or.kr,EXPIRED,2016-12-14,2017-12-13,187,1,http://www.kwacc.or.kr/CertificationSite/WA/List?page=187,547f3b7878c7e84187f3dc69af76f2c2e149c822008d68996fb721b0094c1470,2026-08-26T03:27:11.436894+00:00,0,0
445,주택관리공단 대표 홈페이지,주택관리공단,http://www.kwacc.or.kr/CertificationSite/WA/445/Detail?page=187,http://www.kohom.co.kr,EXPIRED,2016-12-12,2017-12-11,187,2,http://www.kwacc.or.kr/CertificationSite/WA/List?page=187,547f3b7878c7e84187f3dc69af76f2c2e149c822008d68996fb721b0094c1470,2026-08-26T03:27:11.436894+00:00,0,0
455,장애인영화제 홈페이지,(사)한국농아인협회,http://www.kwacc.or.kr/CertificationSite/WA/455/Detail?page=187,http://www.pdff.or.kr,EXPIRED,2016-12-09,2017-12-08,187,3,http://www.kwacc.or.kr/CertificationSite/WA/List?page=187,547f3b7878c7e84187f3dc69af76f2c2e149c822008d68996fb721b0094c1470,2026-08-26T03:27:11.436894+00:00,0,0
479,김포시청소년육성재단 대표 홈페이지,김포시청소년육성재단,http://www.kwacc.or.kr/CertificationSite/WA/479/Detail?page=187,http://www.fgy.or.kr,EXPIRED,2016-12-05,2017-12-04,187,4,http://www.kwacc.or.kr/CertificationSite/WA/List?page=187,547f3b7878c7e84187f3dc69af76f2c2e149c822008d68996fb721b0094c1470,2026-08-26T03:27:11.436894+00:00,0,0
441,경상남도거제교육지원청 대표 홈페이지,경상남도거제교육지원청,http://www.kwacc.or.kr/CertificationSite/WA/441/Detail?page=187,http://www.gngje.go.kr,EXPIRED,2016-12-02,2017-12-01,187,5,http://www.kwacc.or.kr/CertificationSite/WA/List?page=187,547f3b7878c7e84187f3dc69af76f2c2e149c822008d68996fb721b0094c1470,2026-08-26T03:27:11.436894+00:00,0,0
444,국립축산과학원 대표 홈페이지,국립축산과학원,http://www.kwacc.or.kr/CertificationSite/WA/444/Detail?page=187,http://www.nias.go.kr,EXPIRED,2016-12-01,2017-11-30,187,6,http://www.kwacc.or.kr/CertificationSite/WA/List?page=187,547f3b7878c7e84187f3dc69af76f2c2e149c822008d68996fb721b0094c1470,2026-08-26T03:27:11.436894+00:00,0,0
515,CJ도너스캠프 홈페이지,씨제이나눔재단,http://www.kwacc.or.kr/CertificationSite/WA/515/Detail?page=187,https://www.donorscamp.org,EXPIRED,2016-11-28,2017-11-27,187,7,http://www.kwacc.or.kr/CertificationSite/WA/List?page=187,547f3b7878c7e84187f3dc69af76f2c2e149c822008d68996fb721b0094c1470,2026-08-26T03:27:11.436894+00:00,0,0
442,국립공주병원 대표 홈페이지,국립공주병원,http://www.kwacc.or.kr/CertificationSite/WA/442/Detail?page=187,http://www.knmh.go.kr,EXPIRED,2016-11-28,2017-11-27,187,8,http://www.kwacc.or.kr/CertificationSite/WA/List?page=187,547f3b7878c7e84187f3dc69af76f2c2e149c822008d68996fb721b0094c1470,2026-08-26T03:27:11.436894+00:00,0,0
440,국립춘천병원 대표 홈페이지,국립춘천병원,http://www.kwacc.or.kr/CertificationSite/WA/440/Detail?page=187,http://www.cnmh.go.kr,EXPIRED,2016-11-28,2017-11-27,187,9,http://www.kwacc.or.kr/CertificationSite/WA/List?page=187,547f3b7878c7e84187f3dc69af76f2c2e149c822008d68996fb721b0094c1470,2026-08-26T03:27:11.436894+00:00,0,0
434,국립부곡병원 대표 홈페이지,국립부곡병원,http://www.kwacc.or.kr/CertificationSite/WA/434/Detail?page=187,http://www.bgnmh.go.kr,EXPIRED,2016-11-28,2017-11-27,187,10,http://www.kwacc.or.kr/CertificationSite/WA/List?page=187,547f3b7878c7e84187f3dc69af76f2c2e149c822008d68996fb721b0094c1470,2026-08-26T03:27:11.436894+00:00,0,0
452,세상 SK프로보노 홈페이지,행복ICT,http://www.kwacc.or.kr/CertificationSite/WA/452/Detail?page=188,http://probono.se-sang.com,EXPIRED,2016-11-27,2017-11-26,188,1,http://www.kwacc.or.kr/CertificationSite/WA/List?page=188,3a710278f53852a2aa04627dcbf56d11de3804c87d801e13be59d2b3d8d53925,2026-08-26T03:27:12.220580+00:00,0,0
451,세상 홈페이지,행복ICT,http://www.kwacc.or.kr/CertificationSite/WA/451/Detail?page=188,http://www.se-sang.com,EXPIRED,2016-11-27,2017-11-26,188,2,http://www.kwacc.or.kr/CertificationSite/WA/List?page=188,3a710278f53852a2aa04627dcbf56d11de3804c87d801e13be59d2b3d8d53925,2026-08-26T03:27:12.220580+00:00,0,0
495,현대 하이라이프 손해사정 홈페이지,현대하이라이프손해사정㈜,http://www.kwacc.or.kr/CertificationSite/WA/495/Detail?page=188,http://www.hi-life.co.kr,EXPIRED,2016-11-26,2017-11-25,188,3,http://www.kwacc.or.kr/CertificationSite/WA/List?page=188,3a710278f53852a2aa04627dcbf56d11de3804c87d801e13be59d2b3d8d53925,2026-08-26T03:27:12.220580+00:00,0,0
438,서대문구 대표 홈페이지,서대문구청,http://www.kwacc.or.kr/CertificationSite/WA/438/Detail?page=188,http://www.sdm.go.kr,EXPIRED,2016-11-26,2017-11-25,188,4,http://www.kwacc.or.kr/CertificationSite/WA/List?page=188,3a710278f53852a2aa04627dcbf56d11de3804c87d801e13be59d2b3d8d53925,2026-08-26T03:27:12.220580+00:00,0,0
450,혈액관리본부 대표 홈페이지,대한적십자사 혈액관리본부,http://www.kwacc.or.kr/CertificationSite/WA/450/Detail?page=188,http://www.bloodinfo.net,EXPIRED,2016-11-21,2017-11-20,188,5,http://www.kwacc.or.kr/CertificationSite/WA/List?page=188,3a710278f53852a2aa04627dcbf56d11de3804c87d801e13be59d2b3d8d53925,2026-08-26T03:27:12.220580+00:00,0,0
454,국립보건연구원 대표 홈페이지,국립보건연구원,http://www.kwacc.or.kr/CertificationSite/WA/454/Detail?page=188,http://www.nih.go.kr,EXPIRED,2016-11-20,2017-11-19,188,6,http://www.kwacc.or.kr/CertificationSite/WA/List?page=188,3a710278f53852a2aa04627dcbf56d11de3804c87d801e13be59d2b3d8d53925,2026-08-26T03:27:12.220580+00:00,0,0
453,질병관리본부 대표 홈페이지,질병관리본부,http://www.kwacc.or.kr/CertificationSite/WA/453/Detail?page=188,http://cdc.go.kr/CDC/main.jsp,EXPIRED,2016-11-20,2017-11-19,188,7,http://www.kwacc.or.kr/CertificationSite/WA/List?page=188,3a710278f53852a2aa04627dcbf56d11de3804c87d801e13be59d2b3d8d53925,2026-08-26T03:27:12.220580+00:00,0,0
443,이노비즈 홈페이지,(사)중소기업기술혁신협회,http://www.kwacc.or.kr/CertificationSite/WA/443/Detail?page=188,http://www.innobiz.net,EXPIRED,2016-11-20,2017-11-19,188,8,http://www.kwacc.or.kr/CertificationSite/WA/List?page=188,3a710278f53852a2aa04627dcbf56d11de3804c87d801e13be59d2b3d8d53925,2026-08-26T03:27:12.220580+00:00,0,0
439,삼성전자종합기술원 대표 홈페이지,삼성전자종합기술원,http://www.kwacc.or.kr/CertificationSite/WA/439/Detail?page=188,http://www.sait.samsung.co.kr,EXPIRED,2016-11-19,2017-11-18,188,9,http://www.kwacc.or.kr/CertificationSite/WA/List?page=188,3a710278f53852a2aa04627dcbf56d11de3804c87d801e13be59d2b3d8d53925,2026-08-26T03:27:12.220580+00:00,0,0
433,오송생명과학단지지원센터 대표 홈페이지,오송생명과학단지지원센터,http://www.kwacc.or.kr/CertificationSite/WA/433/Detail?page=188,http://osong.mohw.go.kr,EXPIRED,2016-11-14,2017-11-13,188,10,http://www.kwacc.or.kr/CertificationSite/WA/List?page=188,3a710278f53852a2aa04627dcbf56d11de3804c87d801e13be59d2b3d8d53925,2026-08-26T03:27:12.220580+00:00,0,0
430,분당구청 대표 홈페이지,분당구청,http://www.kwacc.or.kr/CertificationSite/WA/430/Detail?page=189,http://www.bundang-gu.go.kr,EXPIRED,2016-11-10,2017-11-09,189,1,http://www.kwacc.or.kr/CertificationSite/WA/List?page=189,027ee013cc732a698c61ccdb4f1a543d9190fe12017a9860daaa75156ea638ee,2026-08-26T03:27:13.009384+00:00,0,0
448,학생.학부모 인증서 발급 서비스,한국정보인증주식회사,http://www.kwacc.or.kr/CertificationSite/WA/448/Detail?page=189,https://keris.signgate.com,EXPIRED,2016-11-09,2017-11-08,189,2,http://www.kwacc.or.kr/CertificationSite/WA/List?page=189,027ee013cc732a698c61ccdb4f1a543d9190fe12017a9860daaa75156ea638ee,2026-08-26T03:27:13.009384+00:00,0,0
435,삼진제약 대표 홈페이지,삼진제약,http://www.kwacc.or.kr/CertificationSite/WA/435/Detail?page=189,http://www.samjinpharm.co.kr,EXPIRED,2016-11-09,2017-11-08,189,3,http://www.kwacc.or.kr/CertificationSite/WA/List?page=189,027ee013cc732a698c61ccdb4f1a543d9190fe12017a9860daaa75156ea638ee,2026-08-26T03:27:13.009384+00:00,0,0
428,보건복지부 콜센터 대표 홈페이지,보건복지부 콜센터,http://www.kwacc.or.kr/CertificationSite/WA/428/Detail?page=189,http://www.129.go.kr,EXPIRED,2016-11-07,2017-11-06,189,4,http://www.kwacc.or.kr/CertificationSite/WA/List?page=189,027ee013cc732a698c61ccdb4f1a543d9190fe12017a9860daaa75156ea638ee,2026-08-26T03:27:13.009384+00:00,0,0
427,T-together 홈페이지,SK텔레콤(주),http://www.kwacc.or.kr/CertificationSite/WA/427/Detail?page=189,http://ttogether.sktelecom.com,EXPIRED,2016-11-02,2017-11-01,189,5,http://www.kwacc.or.kr/CertificationSite/WA/List?page=189,027ee013cc732a698c61ccdb4f1a543d9190fe12017a9860daaa75156ea638ee,2026-08-26T03:27:13.009384+00:00,0,0
436,하상장애인복지관 대표 홈페이지,하상장애인복지관,http://www.kwacc.or.kr/CertificationSite/WA/436/Detail?page=189,http://www.hasang.org,EXPIRED,2016-10-28,2017-10-27,189,6,http://www.kwacc.or.kr/CertificationSite/WA/List?page=189,027ee013cc732a698c61ccdb4f1a543d9190fe12017a9860daaa75156ea638ee,2026-08-26T03:27:13.009384+00:00,0,0
426,성북구청 문화관광 홈페이지,성북구청,http://www.kwacc.or.kr/CertificationSite/WA/426/Detail?page=189,http://www.seongbuk.go.kr/tour,EXPIRED,2016-10-21,2017-10-20,189,7,http://www.kwacc.or.kr/CertificationSite/WA/List?page=189,027ee013cc732a698c61ccdb4f1a543d9190fe12017a9860daaa75156ea638ee,2026-08-26T03:27:13.009384+00:00,0,0
422,수원문화재단 대표 홈페이지,수원문화재단,http://www.kwacc.or.kr/CertificationSite/WA/422/Detail?page=189,http://www.swcf.or.kr,EXPIRED,2016-10-18,2017-10-17,189,8,http://www.kwacc.or.kr/CertificationSite/WA/List?page=189,027ee013cc732a698c61ccdb4f1a543d9190fe12017a9860daaa75156ea638ee,2026-08-26T03:27:13.009384+00:00,0,0
423,국립나주병원 대표 홈페이지,국립나주병원,http://www.kwacc.or.kr/CertificationSite/WA/423/Detail?page=189,http://www.najumh.go.kr,EXPIRED,2016-10-14,2017-10-13,189,9,http://www.kwacc.or.kr/CertificationSite/WA/List?page=189,027ee013cc732a698c61ccdb4f1a543d9190fe12017a9860daaa75156ea638ee,2026-08-26T03:27:13.009384+00:00,0,0
421,한국장애인고용공단 대표 홈페이지,한국장애인고용공단,http://www.kwacc.or.kr/CertificationSite/WA/421/Detail?page=189,https://www.kead.or.kr,EXPIRED,2016-10-14,2017-10-13,189,10,http://www.kwacc.or.kr/CertificationSite/WA/List?page=189,027ee013cc732a698c61ccdb4f1a543d9190fe12017a9860daaa75156ea638ee,2026-08-26T03:27:13.009384+00:00,0,0
429,현대HDS 대표 홈페이지,현대HDS,http://www.kwacc.or.kr/CertificationSite/WA/429/Detail?page=190,http://www.hyundaihds.com,EXPIRED,2016-10-10,2017-10-09,190,1,http://www.kwacc.or.kr/CertificationSite/WA/List?page=190,53f4ec4762da1f0fdd88eaf292ea9c37aac61610d07f4c8be063c6bd548d411a,2026-08-26T03:27:13.793380+00:00,0,0
425,SK대학생 자원봉사단 SUNNY 홈페이지,행복나눔재단,http://www.kwacc.or.kr/CertificationSite/WA/425/Detail?page=190,http://www.besunny.com,EXPIRED,2016-10-10,2017-10-09,190,2,http://www.kwacc.or.kr/CertificationSite/WA/List?page=190,53f4ec4762da1f0fdd88eaf292ea9c37aac61610d07f4c8be063c6bd548d411a,2026-08-26T03:27:13.793380+00:00,0,0
420,마몽드 대표 홈페이지,(주)아모레퍼시픽,http://www.kwacc.or.kr/CertificationSite/WA/420/Detail?page=190,http://www.mamonde.co.kr,EXPIRED,2016-10-10,2017-10-09,190,3,http://www.kwacc.or.kr/CertificationSite/WA/List?page=190,53f4ec4762da1f0fdd88eaf292ea9c37aac61610d07f4c8be063c6bd548d411a,2026-08-26T03:27:13.793380+00:00,0,0
431,대한제강 대표 홈페이지,대한제강 (주),http://www.kwacc.or.kr/CertificationSite/WA/431/Detail?page=190,http://www.idaehan.com,EXPIRED,2016-10-08,2017-10-07,190,4,http://www.kwacc.or.kr/CertificationSite/WA/List?page=190,53f4ec4762da1f0fdd88eaf292ea9c37aac61610d07f4c8be063c6bd548d411a,2026-08-26T03:27:13.793380+00:00,0,0
432,국립의과학지식센터 대표 홈페이지,국립의과학지식센터,http://www.kwacc.or.kr/CertificationSite/WA/432/Detail?page=190,http://library.nih.go.kr,EXPIRED,2016-10-02,2017-10-01,190,5,http://www.kwacc.or.kr/CertificationSite/WA/List?page=190,53f4ec4762da1f0fdd88eaf292ea9c37aac61610d07f4c8be063c6bd548d411a,2026-08-26T03:27:13.793380+00:00,0,0
417,제주특별자치도개발공사 대표 홈페이지,제주특별자치도개발공사,http://www.kwacc.or.kr/CertificationSite/WA/417/Detail?page=190,http://www.jpdc.co.kr,EXPIRED,2016-09-29,2017-09-28,190,6,http://www.kwacc.or.kr/CertificationSite/WA/List?page=190,53f4ec4762da1f0fdd88eaf292ea9c37aac61610d07f4c8be063c6bd548d411a,2026-08-26T03:27:13.793380+00:00,0,0
416,티브로드 대표 홈페이지,(주) 티브로드,http://www.kwacc.or.kr/CertificationSite/WA/416/Detail?page=190,https://www.tbroad.com,EXPIRED,2016-09-28,2017-09-27,190,7,http://www.kwacc.or.kr/CertificationSite/WA/List?page=190,53f4ec4762da1f0fdd88eaf292ea9c37aac61610d07f4c8be063c6bd548d411a,2026-08-26T03:27:13.793380+00:00,0,0
418,인사혁신처 대표 홈페이지,인사혁신처,http://www.kwacc.or.kr/CertificationSite/WA/418/Detail?page=190,http://www.mpm.go.kr,EXPIRED,2016-09-21,2017-09-20,190,8,http://www.kwacc.or.kr/CertificationSite/WA/List?page=190,53f4ec4762da1f0fdd88eaf292ea9c37aac61610d07f4c8be063c6bd548d411a,2026-08-26T03:27:13.793380+00:00,0,0
409,시티투어2층버스 대표 홈페이지,대구시 시설관리공단,http://www.kwacc.or.kr/CertificationSite/WA/409/Detail?page=190,http://daegucitytour.dgsisul.or.kr,EXPIRED,2016-09-20,2017-09-19,190,9,http://www.kwacc.or.kr/CertificationSite/WA/List?page=190,53f4ec4762da1f0fdd88eaf292ea9c37aac61610d07f4c8be063c6bd548d411a,2026-08-26T03:27:13.793380+00:00,0,0
407,성북학습포털 대표 홈페이지,성북구청,http://www.kwacc.or.kr/CertificationSite/WA/407/Detail?page=190,http://www.seongbuk.go.kr/edu,EXPIRED,2016-09-20,2017-09-19,190,10,http://www.kwacc.or.kr/CertificationSite/WA/List?page=190,53f4ec4762da1f0fdd88eaf292ea9c37aac61610d07f4c8be063c6bd548d411a,2026-08-26T03:27:13.793380+00:00,0,0
419,행복나눔재단 대표 홈페이지,행복나눔재단,http://www.kwacc.or.kr/CertificationSite/WA/419/Detail?page=191,http://www.skhappiness.org,EXPIRED,2016-09-19,2017-09-18,191,1,http://www.kwacc.or.kr/CertificationSite/WA/List?page=191,25163fe2145c9648a2151f0773fa3fc85fbdf83a6dfb31df1fcbaa72f8a79fa9,2026-08-26T03:27:14.615865+00:00,0,0
413,국립마산병원 대표 홈페이지,국립마산병원,http://www.kwacc.or.kr/CertificationSite/WA/413/Detail?page=191,http://www.mnth.go.kr,EXPIRED,2016-09-19,2017-09-18,191,2,http://www.kwacc.or.kr/CertificationSite/WA/List?page=191,25163fe2145c9648a2151f0773fa3fc85fbdf83a6dfb31df1fcbaa72f8a79fa9,2026-08-26T03:27:14.615865+00:00,0,0
424,광주광역시도시공사 대표 홈페이지,광주광역시도시공사,http://www.kwacc.or.kr/CertificationSite/WA/424/Detail?page=191,http://www.gmcc.co.kr/new,EXPIRED,2016-09-15,2017-09-14,191,3,http://www.kwacc.or.kr/CertificationSite/WA/List?page=191,25163fe2145c9648a2151f0773fa3fc85fbdf83a6dfb31df1fcbaa72f8a79fa9,2026-08-26T03:27:14.615865+00:00,0,0
408,삼성전자 승마단 대표 홈페이지,삼성전자 (주),http://www.kwacc.or.kr/CertificationSite/WA/408/Detail?page=191,https://horse.samsung.com,EXPIRED,2016-09-12,2017-09-11,191,4,http://www.kwacc.or.kr/CertificationSite/WA/List?page=191,25163fe2145c9648a2151f0773fa3fc85fbdf83a6dfb31df1fcbaa72f8a79fa9,2026-08-26T03:27:14.615865+00:00,0,0
406,제주항공우주박물관 대표 홈페이지,제주항공우주박물관,http://www.kwacc.or.kr/CertificationSite/WA/406/Detail?page=191,http://www.jdc-jam.com,EXPIRED,2016-09-12,2017-09-11,191,5,http://www.kwacc.or.kr/CertificationSite/WA/List?page=191,25163fe2145c9648a2151f0773fa3fc85fbdf83a6dfb31df1fcbaa72f8a79fa9,2026-08-26T03:27:14.615865+00:00,0,0
405,국립중앙청소년수련원 대표 홈페이지,국립중앙청소년수련원,http://www.kwacc.or.kr/CertificationSite/WA/405/Detail?page=191,https://nyc.kywa.or.kr,EXPIRED,2016-09-07,2017-09-06,191,6,http://www.kwacc.or.kr/CertificationSite/WA/List?page=191,25163fe2145c9648a2151f0773fa3fc85fbdf83a6dfb31df1fcbaa72f8a79fa9,2026-08-26T03:27:14.615865+00:00,0,0
411,휴먼테크논문대상 대표 홈페이지,삼성전자 (주),http://www.kwacc.or.kr/CertificationSite/WA/411/Detail?page=191,https://humantech.samsung.com,EXPIRED,2016-09-04,2017-09-03,191,7,http://www.kwacc.or.kr/CertificationSite/WA/List?page=191,25163fe2145c9648a2151f0773fa3fc85fbdf83a6dfb31df1fcbaa72f8a79fa9,2026-08-26T03:27:14.615865+00:00,0,0
403,우체국 택배 홈페이지,인터넷우체국,http://www.kwacc.or.kr/CertificationSite/WA/403/Detail?page=191,http://parcel.epost.go.kr,EXPIRED,2016-09-01,2017-08-31,191,8,http://www.kwacc.or.kr/CertificationSite/WA/List?page=191,25163fe2145c9648a2151f0773fa3fc85fbdf83a6dfb31df1fcbaa72f8a79fa9,2026-08-26T03:27:14.615865+00:00,0,0
398,kt M mobile 대표 홈페이지,(주)케이티 엠모바일,http://www.kwacc.or.kr/CertificationSite/WA/398/Detail?page=191,https://www.ktmmobile.com,EXPIRED,2016-08-24,2017-08-23,191,9,http://www.kwacc.or.kr/CertificationSite/WA/List?page=191,25163fe2145c9648a2151f0773fa3fc85fbdf83a6dfb31df1fcbaa72f8a79fa9,2026-08-26T03:27:14.615865+00:00,0,0
412,교보문고 전자도서관 홈페이지,(주) 교보문고,http://www.kwacc.or.kr/CertificationSite/WA/412/Detail?page=191,http://ebook.dkyobobook.co.kr,EXPIRED,2016-08-20,2017-08-19,191,10,http://www.kwacc.or.kr/CertificationSite/WA/List?page=191,25163fe2145c9648a2151f0773fa3fc85fbdf83a6dfb31df1fcbaa72f8a79fa9,2026-08-26T03:27:14.615865+00:00,0,0
402,국립재활원 대표 홈페이지,국립재활원,http://www.kwacc.or.kr/CertificationSite/WA/402/Detail?page=192,http://www.nrc.go.kr/index.jsp,EXPIRED,2016-08-14,2017-08-13,192,1,http://www.kwacc.or.kr/CertificationSite/WA/List?page=192,fef08d67b8e514f0e3cf5f0d41e7a3e5769db961b8d60266af8ebef64ff0412b,2026-08-26T03:27:15.408857+00:00,0,0
397,국립소록도병원 대표 홈페이지,국립소록도병원,http://www.kwacc.or.kr/CertificationSite/WA/397/Detail?page=192,http://www.sorokdo.go.kr,EXPIRED,2016-08-14,2017-08-13,192,2,http://www.kwacc.or.kr/CertificationSite/WA/List?page=192,fef08d67b8e514f0e3cf5f0d41e7a3e5769db961b8d60266af8ebef64ff0412b,2026-08-26T03:27:15.408857+00:00,0,0
415,사회보장위원회 영문 홈페이지,사회보장위원회,http://www.kwacc.or.kr/CertificationSite/WA/415/Detail?page=192,http://www.ssc.go.kr/menuEn/Commi/Commi110100.tiles,EXPIRED,2016-08-12,2017-08-11,192,3,http://www.kwacc.or.kr/CertificationSite/WA/List?page=192,fef08d67b8e514f0e3cf5f0d41e7a3e5769db961b8d60266af8ebef64ff0412b,2026-08-26T03:27:15.408857+00:00,0,0
414,사회보장위원회 국문 홈페이지,사회보장위원회,http://www.kwacc.or.kr/CertificationSite/WA/414/Detail?page=192,http://www.ssc.go.kr,EXPIRED,2016-08-12,2017-08-11,192,4,http://www.kwacc.or.kr/CertificationSite/WA/List?page=192,fef08d67b8e514f0e3cf5f0d41e7a3e5769db961b8d60266af8ebef64ff0412b,2026-08-26T03:27:15.408857+00:00,0,0
399,대한결핵협회 대표 홈페이지,대한결핵협회,http://www.kwacc.or.kr/CertificationSite/WA/399/Detail?page=192,http://www.knta.or.kr,EXPIRED,2016-08-06,2017-08-05,192,5,http://www.kwacc.or.kr/CertificationSite/WA/List?page=192,fef08d67b8e514f0e3cf5f0d41e7a3e5769db961b8d60266af8ebef64ff0412b,2026-08-26T03:27:15.408857+00:00,0,0
394,건강정보 모바일웹,건강보험심사평가원,http://www.kwacc.or.kr/CertificationSite/WA/394/Detail?page=192,http://m.hira.or.kr/mobile/index.do,EXPIRED,2016-08-05,2017-08-04,192,6,http://www.kwacc.or.kr/CertificationSite/WA/List?page=192,fef08d67b8e514f0e3cf5f0d41e7a3e5769db961b8d60266af8ebef64ff0412b,2026-08-26T03:27:15.408857+00:00,0,0
393,국립정신건강센터 대표 홈페이지,국립정신건강센터,http://www.kwacc.or.kr/CertificationSite/WA/393/Detail?page=192,http://www.ncmh.go.kr,EXPIRED,2016-07-28,2017-07-27,192,7,http://www.kwacc.or.kr/CertificationSite/WA/List?page=192,fef08d67b8e514f0e3cf5f0d41e7a3e5769db961b8d60266af8ebef64ff0412b,2026-08-26T03:27:15.408857+00:00,0,0
386,수원시 시설관리공단 대표 홈페이지,수원시 시설관리공단,http://www.kwacc.or.kr/CertificationSite/WA/386/Detail?page=192,http://www.suwonfmc.or.kr,EXPIRED,2016-07-25,2017-07-24,192,8,http://www.kwacc.or.kr/CertificationSite/WA/List?page=192,fef08d67b8e514f0e3cf5f0d41e7a3e5769db961b8d60266af8ebef64ff0412b,2026-08-26T03:27:15.408857+00:00,0,0
396,경민대학교 대표 홈페이지,경민대학교,http://www.kwacc.or.kr/CertificationSite/WA/396/Detail?page=192,http://www.kyungmin.ac.kr,EXPIRED,2016-07-21,2017-07-20,192,9,http://www.kwacc.or.kr/CertificationSite/WA/List?page=192,fef08d67b8e514f0e3cf5f0d41e7a3e5769db961b8d60266af8ebef64ff0412b,2026-08-26T03:27:15.408857+00:00,0,0
382,부산정보문화센터 대표 홈페이지,부산정보문화센터,http://www.kwacc.or.kr/CertificationSite/WA/382/Detail?page=192,http://busanicc.or.kr,EXPIRED,2016-07-21,2017-07-20,192,10,http://www.kwacc.or.kr/CertificationSite/WA/List?page=192,fef08d67b8e514f0e3cf5f0d41e7a3e5769db961b8d60266af8ebef64ff0412b,2026-08-26T03:27:15.408857+00:00,0,0
385,라자드코리아자산운용 대표 홈페이지,라자드코리아자산운용,http://www.kwacc.or.kr/CertificationSite/WA/385/Detail?page=193,http://www.lkam.co.kr,EXPIRED,2016-07-17,2017-07-16,193,1,http://www.kwacc.or.kr/CertificationSite/WA/List?page=193,4acb947ff4584647456a83966efafa960f1d81eb108c302c2906f257a0a22eb7,2026-08-26T03:27:16.198007+00:00,0,0
384,성북장애인복지관 대표 홈페이지,성북장애인복지관,http://www.kwacc.or.kr/CertificationSite/WA/384/Detail?page=193,http://sb.sgwon.or.kr,EXPIRED,2016-07-17,2017-07-16,193,2,http://www.kwacc.or.kr/CertificationSite/WA/List?page=193,4acb947ff4584647456a83966efafa960f1d81eb108c302c2906f257a0a22eb7,2026-08-26T03:27:16.198007+00:00,0,0
462,신한카드 탑스클럽 홈페이지,신한카드 주식회사,http://www.kwacc.or.kr/CertificationSite/WA/462/Detail?page=193,https://tops.shinhancard.com/conts/TopsClub/main.jsp,EXPIRED,2016-07-15,2017-07-14,193,3,http://www.kwacc.or.kr/CertificationSite/WA/List?page=193,4acb947ff4584647456a83966efafa960f1d81eb108c302c2906f257a0a22eb7,2026-08-26T03:27:16.198007+00:00,0,0
461,신한카드 가맹점 홈페이지,신한카드 주식회사,http://www.kwacc.or.kr/CertificationSite/WA/461/Detail?page=193,https://www.shinhancard.com/conts/store/main.jsp,EXPIRED,2016-07-15,2017-07-14,193,4,http://www.kwacc.or.kr/CertificationSite/WA/List?page=193,4acb947ff4584647456a83966efafa960f1d81eb108c302c2906f257a0a22eb7,2026-08-26T03:27:16.198007+00:00,0,0
460,신한카드 법인 홈페이지,신한카드 주식회사,http://www.kwacc.or.kr/CertificationSite/WA/460/Detail?page=193,https://www.shinhancard.com/conts/corporation/main.jsp,EXPIRED,2016-07-15,2017-07-14,193,5,http://www.kwacc.or.kr/CertificationSite/WA/List?page=193,4acb947ff4584647456a83966efafa960f1d81eb108c302c2906f257a0a22eb7,2026-08-26T03:27:16.198007+00:00,0,0
459,신한카드 개인 홈페이지,신한카드 주식회사,http://www.kwacc.or.kr/CertificationSite/WA/459/Detail?page=193,http://www.shinhancard.com/conts/person/main.jsp,EXPIRED,2016-07-15,2017-07-14,193,6,http://www.kwacc.or.kr/CertificationSite/WA/List?page=193,4acb947ff4584647456a83966efafa960f1d81eb108c302c2906f257a0a22eb7,2026-08-26T03:27:16.198007+00:00,0,0
387,성북구청 대표 홈페이지,성북구청,http://www.kwacc.or.kr/CertificationSite/WA/387/Detail?page=193,http://www.seongbuk.go.kr,EXPIRED,2016-07-14,2017-07-13,193,7,http://www.kwacc.or.kr/CertificationSite/WA/List?page=193,4acb947ff4584647456a83966efafa960f1d81eb108c302c2906f257a0a22eb7,2026-08-26T03:27:16.198007+00:00,0,0
391,LG계정 대표 홈페이지,엘지전자 (주),http://www.kwacc.or.kr/CertificationSite/WA/391/Detail?page=193,https://kr.lgaccount.com/login/sign_in?country=KR&language=ko-KR&svcCode=SVC309,EXPIRED,2016-07-13,2017-07-12,193,8,http://www.kwacc.or.kr/CertificationSite/WA/List?page=193,4acb947ff4584647456a83966efafa960f1d81eb108c302c2906f257a0a22eb7,2026-08-26T03:27:16.198007+00:00,0,0
389,유한킴벌리 통합브랜드 모바일웹,유한킴벌리,http://www.kwacc.or.kr/CertificationSite/WA/389/Detail?page=193,http://m.ykbrand.co.kr,EXPIRED,2016-07-13,2017-07-12,193,9,http://www.kwacc.or.kr/CertificationSite/WA/List?page=193,4acb947ff4584647456a83966efafa960f1d81eb108c302c2906f257a0a22eb7,2026-08-26T03:27:16.198007+00:00,0,0
388,유한킴벌리 통합브랜드 대표 홈페이지,유한킴벌리,http://www.kwacc.or.kr/CertificationSite/WA/388/Detail?page=193,http://www.ykbrand.co.kr,EXPIRED,2016-07-13,2017-07-12,193,10,http://www.kwacc.or.kr/CertificationSite/WA/List?page=193,4acb947ff4584647456a83966efafa960f1d81eb108c302c2906f257a0a22eb7,2026-08-26T03:27:16.198007+00:00,0,0
378,커리어넷 대표 홈페이지,한국직업능력개발원,http://www.kwacc.or.kr/CertificationSite/WA/378/Detail?page=194,http://www.career.go.kr,EXPIRED,2016-07-11,2017-07-10,194,1,http://www.kwacc.or.kr/CertificationSite/WA/List?page=194,c14fc1515001bfdb5a2f7777e3a1384d904835b36fd452e997ea7ba482d492bd,2026-08-26T03:27:16.981439+00:00,0,0
374,한국방송광고진흥공사 대표 홈페이지,한국방송광고진흥공사,http://www.kwacc.or.kr/CertificationSite/WA/374/Detail?page=194,https://www.kobaco.co.kr,EXPIRED,2016-07-08,2017-07-07,194,2,http://www.kwacc.or.kr/CertificationSite/WA/List?page=194,c14fc1515001bfdb5a2f7777e3a1384d904835b36fd452e997ea7ba482d492bd,2026-08-26T03:27:16.981439+00:00,0,0
373,대구시설공단 이동지원센터 대표 홈페이지,대구시설공단,http://www.kwacc.or.kr/CertificationSite/WA/373/Detail?page=194,http://nadricall.dgsisul.or.kr,EXPIRED,2016-07-08,2017-07-07,194,3,http://www.kwacc.or.kr/CertificationSite/WA/List?page=194,c14fc1515001bfdb5a2f7777e3a1384d904835b36fd452e997ea7ba482d492bd,2026-08-26T03:27:16.981439+00:00,0,0
372,카디프손해보험 대표 홈페이지,BNP파리바 카디프손해보험,http://www.kwacc.or.kr/CertificationSite/WA/372/Detail?page=194,http://www.cardifcare.co.kr,EXPIRED,2016-07-08,2017-07-07,194,4,http://www.kwacc.or.kr/CertificationSite/WA/List?page=194,c14fc1515001bfdb5a2f7777e3a1384d904835b36fd452e997ea7ba482d492bd,2026-08-26T03:27:16.981439+00:00,0,0
404,금융민원센터 대표 홈페이지,금융민원센터,http://www.kwacc.or.kr/CertificationSite/WA/404/Detail?page=194,http://www.fcsc.kr,EXPIRED,2016-07-04,2017-07-03,194,5,http://www.kwacc.or.kr/CertificationSite/WA/List?page=194,c14fc1515001bfdb5a2f7777e3a1384d904835b36fd452e997ea7ba482d492bd,2026-08-26T03:27:16.981439+00:00,0,0
390,한전산업개발 대표 홈페이지,한전산업개발(주),http://www.kwacc.or.kr/CertificationSite/WA/390/Detail?page=194,http://www.kepid.co.kr,EXPIRED,2016-07-03,2017-07-02,194,6,http://www.kwacc.or.kr/CertificationSite/WA/List?page=194,c14fc1515001bfdb5a2f7777e3a1384d904835b36fd452e997ea7ba482d492bd,2026-08-26T03:27:16.981439+00:00,0,0
410,의약품관리종합정보센터 대표 홈페이지,건강보험심사평가원,http://www.kwacc.or.kr/CertificationSite/WA/410/Detail?page=194,http://www.kpis.or.kr,EXPIRED,2016-07-02,2017-07-01,194,7,http://www.kwacc.or.kr/CertificationSite/WA/List?page=194,c14fc1515001bfdb5a2f7777e3a1384d904835b36fd452e997ea7ba482d492bd,2026-08-26T03:27:16.981439+00:00,0,0
375,무안군청 대표 홈페이지,무안군청,http://www.kwacc.or.kr/CertificationSite/WA/375/Detail?page=194,http://www.muan.go.kr,EXPIRED,2016-06-30,2017-06-29,194,8,http://www.kwacc.or.kr/CertificationSite/WA/List?page=194,c14fc1515001bfdb5a2f7777e3a1384d904835b36fd452e997ea7ba482d492bd,2026-08-26T03:27:16.981439+00:00,0,0
356,의성군청 대표 홈페이지,의성군청,http://www.kwacc.or.kr/CertificationSite/WA/356/Detail?page=194,http://www.usc.go.kr,EXPIRED,2016-06-30,2017-06-29,194,9,http://www.kwacc.or.kr/CertificationSite/WA/List?page=194,c14fc1515001bfdb5a2f7777e3a1384d904835b36fd452e997ea7ba482d492bd,2026-08-26T03:27:16.981439+00:00,0,0
376,이천시청 대표 홈페이지,이천시청,http://www.kwacc.or.kr/CertificationSite/WA/376/Detail?page=194,http://www.icheon.go.kr,EXPIRED,2016-06-24,2017-06-23,194,10,http://www.kwacc.or.kr/CertificationSite/WA/List?page=194,c14fc1515001bfdb5a2f7777e3a1384d904835b36fd452e997ea7ba482d492bd,2026-08-26T03:27:16.981439+00:00,0,0
377,동두천시청 대표 홈페이지,동두천시청,http://www.kwacc.or.kr/CertificationSite/WA/377/Detail?page=195,http://www.ddc.go.kr/ddc,EXPIRED,2016-06-23,2017-06-22,195,1,http://www.kwacc.or.kr/CertificationSite/WA/List?page=195,8c98565fb73be1b6bc1f9323f8c90c4ec42b64d011a828784f380b531f1a42f9,2026-08-26T03:27:17.765185+00:00,0,0
383,100세누리 대표 홈페이지,한국노인인력개발원,http://www.kwacc.or.kr/CertificationSite/WA/383/Detail?page=195,http://www.100senuri.go.kr,EXPIRED,2016-06-22,2017-06-21,195,2,http://www.kwacc.or.kr/CertificationSite/WA/List?page=195,8c98565fb73be1b6bc1f9323f8c90c4ec42b64d011a828784f380b531f1a42f9,2026-08-26T03:27:17.765185+00:00,0,0
350,KDB캐피탈 신용카드(기업) 대표 홈페이지,KDB캐피탈,http://www.kwacc.or.kr/CertificationSite/WA/350/Detail?page=195,https://www.kdbcard.co.kr,EXPIRED,2016-06-22,2017-06-21,195,3,http://www.kwacc.or.kr/CertificationSite/WA/List?page=195,8c98565fb73be1b6bc1f9323f8c90c4ec42b64d011a828784f380b531f1a42f9,2026-08-26T03:27:17.765185+00:00,0,0
392,중소기업청 대표 홈페이지,중소기업청,http://www.kwacc.or.kr/CertificationSite/WA/392/Detail?page=195,http://www.smba.go.kr,EXPIRED,2016-06-20,2017-06-19,195,4,http://www.kwacc.or.kr/CertificationSite/WA/List?page=195,8c98565fb73be1b6bc1f9323f8c90c4ec42b64d011a828784f380b531f1a42f9,2026-08-26T03:27:17.765185+00:00,0,0
381,LG Lifegram 대표 홈페이지,LG전자,http://www.kwacc.or.kr/CertificationSite/WA/381/Detail?page=195,http://www.lglifegram.com,EXPIRED,2016-06-19,2017-06-18,195,5,http://www.kwacc.or.kr/CertificationSite/WA/List?page=195,8c98565fb73be1b6bc1f9323f8c90c4ec42b64d011a828784f380b531f1a42f9,2026-08-26T03:27:17.765185+00:00,0,0
357,원자력안전정보공개시스템 대표 홈페이지,한국원자력안전기술원,http://www.kwacc.or.kr/CertificationSite/WA/357/Detail?page=195,http://nsic.nssc.go.kr,EXPIRED,2016-06-17,2017-06-16,195,6,http://www.kwacc.or.kr/CertificationSite/WA/List?page=195,8c98565fb73be1b6bc1f9323f8c90c4ec42b64d011a828784f380b531f1a42f9,2026-08-26T03:27:17.765185+00:00,0,0
355,한국한의학연구원 통합정보은행,한국한의학연구원,http://www.kwacc.or.kr/CertificationSite/WA/355/Detail?page=195,http://kdc.kiom.re.kr?,EXPIRED,2016-06-17,2017-06-16,195,7,http://www.kwacc.or.kr/CertificationSite/WA/List?page=195,8c98565fb73be1b6bc1f9323f8c90c4ec42b64d011a828784f380b531f1a42f9,2026-08-26T03:27:17.765185+00:00,0,0
354,해외여행질병정보센터 대표 홈페이지,질병관리본부,http://www.kwacc.or.kr/CertificationSite/WA/354/Detail?page=195,http://travelinfo.cdc.go.kr,EXPIRED,2016-06-16,2017-06-15,195,8,http://www.kwacc.or.kr/CertificationSite/WA/List?page=195,8c98565fb73be1b6bc1f9323f8c90c4ec42b64d011a828784f380b531f1a42f9,2026-08-26T03:27:17.765185+00:00,0,0
353,국립검역소 대표 홈페이지,질병관리본부,http://www.kwacc.or.kr/CertificationSite/WA/353/Detail?page=195,http://nqs.cdc.go.kr,EXPIRED,2016-06-16,2017-06-15,195,9,http://www.kwacc.or.kr/CertificationSite/WA/List?page=195,8c98565fb73be1b6bc1f9323f8c90c4ec42b64d011a828784f380b531f1a42f9,2026-08-26T03:27:17.765185+00:00,0,0
369,국립목포병원 대표 홈페이지,국립목포병원,http://www.kwacc.or.kr/CertificationSite/WA/369/Detail?page=195,http://www.tbmokpo.go.kr,EXPIRED,2016-06-13,2017-06-12,195,10,http://www.kwacc.or.kr/CertificationSite/WA/List?page=195,8c98565fb73be1b6bc1f9323f8c90c4ec42b64d011a828784f380b531f1a42f9,2026-08-26T03:27:17.765185+00:00,0,0
371,경기중소기업종합지원센터 대표 홈페이지,경기중소기업종합지원센터,http://www.kwacc.or.kr/CertificationSite/WA/371/Detail?page=196,http://www.gsbc.or.kr,EXPIRED,2016-06-09,2017-06-08,196,1,http://www.kwacc.or.kr/CertificationSite/WA/List?page=196,e6b72d97121d306a0c43c318e26c803c59b4a1eceb459bdf687766416458f984,2026-08-26T03:27:18.549033+00:00,0,0
379,롯데캐피탈 대표 홈페이지,롯데캐피탈,http://www.kwacc.or.kr/CertificationSite/WA/379/Detail?page=196,http://www.lottecap.com,EXPIRED,2016-06-02,2017-06-01,196,2,http://www.kwacc.or.kr/CertificationSite/WA/List?page=196,e6b72d97121d306a0c43c318e26c803c59b4a1eceb459bdf687766416458f984,2026-08-26T03:27:18.549033+00:00,0,0
345,KDB캐피탈(국문) 대표 홈페이지,KDB캐피탈,http://www.kwacc.or.kr/CertificationSite/WA/345/Detail?page=196,http://www.kdbc.co.kr,EXPIRED,2016-05-29,2017-05-28,196,3,http://www.kwacc.or.kr/CertificationSite/WA/List?page=196,e6b72d97121d306a0c43c318e26c803c59b4a1eceb459bdf687766416458f984,2026-08-26T03:27:18.549033+00:00,0,0
343,산청군청 대표 홈페이지,산청군청,http://www.kwacc.or.kr/CertificationSite/WA/343/Detail?page=196,https://www.sancheong.go.kr,EXPIRED,2016-05-23,2017-05-22,196,4,http://www.kwacc.or.kr/CertificationSite/WA/List?page=196,e6b72d97121d306a0c43c318e26c803c59b4a1eceb459bdf687766416458f984,2026-08-26T03:27:18.549033+00:00,0,0
349,서울시보조공학서비스센터 대표 홈페이지,서울시보조공학서비스센터,http://www.kwacc.or.kr/CertificationSite/WA/349/Detail?page=196,http://www.seoulats.or.kr,EXPIRED,2016-05-22,2017-05-21,196,5,http://www.kwacc.or.kr/CertificationSite/WA/List?page=196,e6b72d97121d306a0c43c318e26c803c59b4a1eceb459bdf687766416458f984,2026-08-26T03:27:18.549033+00:00,0,0
342,승강기교육센터 대표 홈페이지,한국승강기안전관리원,http://www.kwacc.or.kr/CertificationSite/WA/342/Detail?page=196,http://edu.kesafe.or.kr,EXPIRED,2016-05-20,2017-05-19,196,6,http://www.kwacc.or.kr/CertificationSite/WA/List?page=196,e6b72d97121d306a0c43c318e26c803c59b4a1eceb459bdf687766416458f984,2026-08-26T03:27:18.549033+00:00,0,0
344,전라남도환경산업진흥원 대표 홈페이지,(재)전라남도환경산업진흥원,http://www.kwacc.or.kr/CertificationSite/WA/344/Detail?page=196,http://jeipi.or.kr,EXPIRED,2016-05-18,2017-05-17,196,7,http://www.kwacc.or.kr/CertificationSite/WA/List?page=196,e6b72d97121d306a0c43c318e26c803c59b4a1eceb459bdf687766416458f984,2026-08-26T03:27:18.549033+00:00,0,0
348,보건복지부 대표 홈페이지,보건복지부,http://www.kwacc.or.kr/CertificationSite/WA/348/Detail?page=196,http://www.mohw.go.kr,EXPIRED,2016-05-16,2017-05-15,196,8,http://www.kwacc.or.kr/CertificationSite/WA/List?page=196,e6b72d97121d306a0c43c318e26c803c59b4a1eceb459bdf687766416458f984,2026-08-26T03:27:18.549033+00:00,0,0
351,Social LG전자 대표 홈페이지,LG전자,http://www.kwacc.or.kr/CertificationSite/WA/351/Detail?page=196,http://social.lge.co.kr,EXPIRED,2016-05-12,2017-05-11,196,9,http://www.kwacc.or.kr/CertificationSite/WA/List?page=196,e6b72d97121d306a0c43c318e26c803c59b4a1eceb459bdf687766416458f984,2026-08-26T03:27:18.549033+00:00,0,0
352,중앙입양원 대표 홈페이지,중앙입양원,http://www.kwacc.or.kr/CertificationSite/WA/352/Detail?page=196,https://www.kadoption.or.kr,EXPIRED,2016-05-09,2017-05-08,196,10,http://www.kwacc.or.kr/CertificationSite/WA/List?page=196,e6b72d97121d306a0c43c318e26c803c59b4a1eceb459bdf687766416458f984,2026-08-26T03:27:18.549033+00:00,0,0
347,공동주택관리 지원센터 대표 홈페이지,주택관리공단(주),http://www.kwacc.or.kr/CertificationSite/WA/347/Detail?page=197,http://happyapt.molit.go.kr,EXPIRED,2016-05-06,2017-05-05,197,1,http://www.kwacc.or.kr/CertificationSite/WA/List?page=197,f4a5332060387a0a933ae2be85820eec04530091ff3d1d47036a3eb365e441c2,2026-08-26T03:27:19.342702+00:00,0,0
340,부천시청 대표 홈페이지,부천시청,http://www.kwacc.or.kr/CertificationSite/WA/340/Detail?page=197,http://www.bucheon.go.kr,EXPIRED,2016-05-04,2017-05-03,197,2,http://www.kwacc.or.kr/CertificationSite/WA/List?page=197,f4a5332060387a0a933ae2be85820eec04530091ff3d1d47036a3eb365e441c2,2026-08-26T03:27:19.342702+00:00,0,0
346,체육지도자 자격검정 연수원 대표 홈페이지,국민체육진흥공단,http://www.kwacc.or.kr/CertificationSite/WA/346/Detail?page=197,https://www.insports.or.kr,EXPIRED,2016-05-02,2017-05-01,197,3,http://www.kwacc.or.kr/CertificationSite/WA/List?page=197,f4a5332060387a0a933ae2be85820eec04530091ff3d1d47036a3eb365e441c2,2026-08-26T03:27:19.342702+00:00,0,0
341,서울장애인종합복지관 대표 홈페이지,서울장애인종합복지관,http://www.kwacc.or.kr/CertificationSite/WA/341/Detail?page=197,http://www.seoulrehab.or.kr,EXPIRED,2016-05-02,2017-05-01,197,4,http://www.kwacc.or.kr/CertificationSite/WA/List?page=197,f4a5332060387a0a933ae2be85820eec04530091ff3d1d47036a3eb365e441c2,2026-08-26T03:27:19.342702+00:00,0,0
332,BYC 대표 홈페이지,BYC,http://www.kwacc.or.kr/CertificationSite/WA/332/Detail?page=197,http://www.byc.co.kr,EXPIRED,2016-04-29,2017-04-28,197,5,http://www.kwacc.or.kr/CertificationSite/WA/List?page=197,f4a5332060387a0a933ae2be85820eec04530091ff3d1d47036a3eb365e441c2,2026-08-26T03:27:19.342702+00:00,0,0
335,부산광역시 대표 홈페이지,부산광역시,http://www.kwacc.or.kr/CertificationSite/WA/335/Detail?page=197,http://www.busan.go.kr,EXPIRED,2016-04-28,2017-04-27,197,6,http://www.kwacc.or.kr/CertificationSite/WA/List?page=197,f4a5332060387a0a933ae2be85820eec04530091ff3d1d47036a3eb365e441c2,2026-08-26T03:27:19.342702+00:00,0,0
331,인천전략기금 운영사무국 영문 홈페이지,한국장애인개발원,http://www.kwacc.or.kr/CertificationSite/WA/331/Detail?page=197,http://mrr.koddi.or.kr/page/index_eng.jsp,EXPIRED,2016-04-24,2017-04-23,197,7,http://www.kwacc.or.kr/CertificationSite/WA/List?page=197,f4a5332060387a0a933ae2be85820eec04530091ff3d1d47036a3eb365e441c2,2026-08-26T03:27:19.342702+00:00,0,0
322,인천전략기금 운영사무국 홈페이지,한국장애인개발원,http://www.kwacc.or.kr/CertificationSite/WA/322/Detail?page=197,http://mrr.koddi.or.kr/page/index_kor.jsp,EXPIRED,2016-04-24,2017-04-23,197,8,http://www.kwacc.or.kr/CertificationSite/WA/List?page=197,f4a5332060387a0a933ae2be85820eec04530091ff3d1d47036a3eb365e441c2,2026-08-26T03:27:19.342702+00:00,0,0
334,CJ제일제당 모바일웹 홈페이지,씨제이제일제당(주),http://www.kwacc.or.kr/CertificationSite/WA/334/Detail?page=197,http://m.cj.co.kr/cjm-kr,EXPIRED,2016-04-22,2017-04-21,197,9,http://www.kwacc.or.kr/CertificationSite/WA/List?page=197,f4a5332060387a0a933ae2be85820eec04530091ff3d1d47036a3eb365e441c2,2026-08-26T03:27:19.342702+00:00,0,0
339,국회도서관 대표 홈페이지,국회도서관,http://www.kwacc.or.kr/CertificationSite/WA/339/Detail?page=197,http://www.nanet.go.kr,EXPIRED,2016-04-21,2017-04-20,197,10,http://www.kwacc.or.kr/CertificationSite/WA/List?page=197,f4a5332060387a0a933ae2be85820eec04530091ff3d1d47036a3eb365e441c2,2026-08-26T03:27:19.342702+00:00,0,0
336,EBS 장애인서비스 대표 홈페이지,한국교육방송공사,http://www.kwacc.or.kr/CertificationSite/WA/336/Detail?page=198,http://www.ebs.co.kr/free,EXPIRED,2016-04-10,2017-04-09,198,1,http://www.kwacc.or.kr/CertificationSite/WA/List?page=198,7dbaf8c653f86ded867a137005093194c7e57ac723bd7811f09f3343dc4010ae,2026-08-26T03:27:20.127071+00:00,0,0
321,송파구 시설관리공단 홈페이지,송파구 시설관리공단,http://www.kwacc.or.kr/CertificationSite/WA/321/Detail?page=198,http://www.songpagongdan.or.kr,EXPIRED,2016-04-10,2017-04-09,198,2,http://www.kwacc.or.kr/CertificationSite/WA/List?page=198,7dbaf8c653f86ded867a137005093194c7e57ac723bd7811f09f3343dc4010ae,2026-08-26T03:27:20.127071+00:00,0,0
324,웹접근성연구소 홈페이지,한국정보화진흥원,http://www.kwacc.or.kr/CertificationSite/WA/324/Detail?page=198,http://www.wah.or.kr,EXPIRED,2016-04-09,2017-04-08,198,3,http://www.kwacc.or.kr/CertificationSite/WA/List?page=198,7dbaf8c653f86ded867a137005093194c7e57ac723bd7811f09f3343dc4010ae,2026-08-26T03:27:20.127071+00:00,0,0
338,삼성전자 비즈니스 가이드라인 대표 홈페이지,삼성전자㈜,http://www.kwacc.or.kr/CertificationSite/WA/338/Detail?page=198,http://sec-bizguide.com,EXPIRED,2016-04-08,2017-04-07,198,4,http://www.kwacc.or.kr/CertificationSite/WA/List?page=198,7dbaf8c653f86ded867a137005093194c7e57ac723bd7811f09f3343dc4010ae,2026-08-26T03:27:20.127071+00:00,0,0
337,삼성전자 윤리경영 대표 홈페이지,삼성전자㈜,http://www.kwacc.or.kr/CertificationSite/WA/337/Detail?page=198,http://sec-audit.com,EXPIRED,2016-04-08,2017-04-07,198,5,http://www.kwacc.or.kr/CertificationSite/WA/List?page=198,7dbaf8c653f86ded867a137005093194c7e57ac723bd7811f09f3343dc4010ae,2026-08-26T03:27:20.127071+00:00,0,0
316,은평구 보건소 홈페이지,은평구 보건소,http://www.kwacc.or.kr/CertificationSite/WA/316/Detail?page=198,http://health.ep.go.kr,EXPIRED,2016-03-31,2017-03-30,198,6,http://www.kwacc.or.kr/CertificationSite/WA/List?page=198,7dbaf8c653f86ded867a137005093194c7e57ac723bd7811f09f3343dc4010ae,2026-08-26T03:27:20.127071+00:00,0,0
315,은평구청 홈페이지,은평구청,http://www.kwacc.or.kr/CertificationSite/WA/315/Detail?page=198,http://www.ep.go.kr,EXPIRED,2016-03-31,2017-03-30,198,7,http://www.kwacc.or.kr/CertificationSite/WA/List?page=198,7dbaf8c653f86ded867a137005093194c7e57ac723bd7811f09f3343dc4010ae,2026-08-26T03:27:20.127071+00:00,0,0
314,리리코스 마린에너지 홈페이지,(주) 아모레퍼시픽,http://www.kwacc.or.kr/CertificationSite/WA/314/Detail?page=198,http://www.lirikosmarine.com,EXPIRED,2016-03-31,2017-03-30,198,8,http://www.kwacc.or.kr/CertificationSite/WA/List?page=198,7dbaf8c653f86ded867a137005093194c7e57ac723bd7811f09f3343dc4010ae,2026-08-26T03:27:20.127071+00:00,0,0
313,라네즈 홈페이지,(주) 아모레퍼시픽,http://www.kwacc.or.kr/CertificationSite/WA/313/Detail?page=198,http://www.laneige.com,EXPIRED,2016-03-31,2017-03-30,198,9,http://www.kwacc.or.kr/CertificationSite/WA/List?page=198,7dbaf8c653f86ded867a137005093194c7e57ac723bd7811f09f3343dc4010ae,2026-08-26T03:27:20.127071+00:00,0,0
328,남도학숙 대표 홈페이지,(재) 남도학숙,http://www.kwacc.or.kr/CertificationSite/WA/328/Detail?page=198,http://www.ndhs.or.kr,EXPIRED,2016-03-30,2017-03-29,198,10,http://www.kwacc.or.kr/CertificationSite/WA/List?page=198,7dbaf8c653f86ded867a137005093194c7e57ac723bd7811f09f3343dc4010ae,2026-08-26T03:27:20.127071+00:00,0,0
320,한국투자공사 홈페이지,한국투자공사,http://www.kwacc.or.kr/CertificationSite/WA/320/Detail?page=199,http://www.kic.kr,EXPIRED,2016-03-21,2017-03-20,199,1,http://www.kwacc.or.kr/CertificationSite/WA/List?page=199,9a1f16220ff8fb9488e20fbf7bd3bad8e311f0061d82e17e55cc4fc93e692637,2026-08-26T03:27:20.898799+00:00,0,0
312,국립망향의동산관리원홈페이지,국립망향의동산관리원,http://www.kwacc.or.kr/CertificationSite/WA/312/Detail?page=199,http://www.nmhc.go.kr,EXPIRED,2016-03-21,2017-03-20,199,2,http://www.kwacc.or.kr/CertificationSite/WA/List?page=199,9a1f16220ff8fb9488e20fbf7bd3bad8e311f0061d82e17e55cc4fc93e692637,2026-08-26T03:27:20.898799+00:00,0,0
311,연암대학교 홈페이지,연암대학교,http://www.kwacc.or.kr/CertificationSite/WA/311/Detail?page=199,http://www.yonam.ac.kr,EXPIRED,2016-03-21,2017-03-20,199,3,http://www.kwacc.or.kr/CertificationSite/WA/List?page=199,9a1f16220ff8fb9488e20fbf7bd3bad8e311f0061d82e17e55cc4fc93e692637,2026-08-26T03:27:20.898799+00:00,0,0
310,보성녹차관 홈페이지,보성군청,http://www.kwacc.or.kr/CertificationSite/WA/310/Detail?page=199,http://www.greenbs.kr,EXPIRED,2016-03-21,2017-03-20,199,4,http://www.kwacc.or.kr/CertificationSite/WA/List?page=199,9a1f16220ff8fb9488e20fbf7bd3bad8e311f0061d82e17e55cc4fc93e692637,2026-08-26T03:27:20.898799+00:00,0,0
325,광주광역시 북구청 대표 홈페이지,광주광역시 북구,http://www.kwacc.or.kr/CertificationSite/WA/325/Detail?page=199,http://www.bukgu.gwangju.kr,EXPIRED,2016-03-20,2017-03-19,199,5,http://www.kwacc.or.kr/CertificationSite/WA/List?page=199,9a1f16220ff8fb9488e20fbf7bd3bad8e311f0061d82e17e55cc4fc93e692637,2026-08-26T03:27:20.898799+00:00,0,0
326,동양생명 대표 홈페이지,주식회사 동양생명,http://www.kwacc.or.kr/CertificationSite/WA/326/Detail?page=199,https://www.myangel.co.kr,EXPIRED,2016-03-17,2017-03-16,199,6,http://www.kwacc.or.kr/CertificationSite/WA/List?page=199,9a1f16220ff8fb9488e20fbf7bd3bad8e311f0061d82e17e55cc4fc93e692637,2026-08-26T03:27:20.898799+00:00,0,0
327,HK저축은행 대표 홈페이지,HK저축은행,http://www.kwacc.or.kr/CertificationSite/WA/327/Detail?page=199,https://www.hksb.co.kr,EXPIRED,2016-03-11,2017-03-10,199,7,http://www.kwacc.or.kr/CertificationSite/WA/List?page=199,9a1f16220ff8fb9488e20fbf7bd3bad8e311f0061d82e17e55cc4fc93e692637,2026-08-26T03:27:20.898799+00:00,0,0
309,안산시 공공데이터 홈페이지,안산시청,http://www.kwacc.or.kr/CertificationSite/WA/309/Detail?page=199,http://data.iansan.net,EXPIRED,2016-03-08,2017-03-07,199,8,http://www.kwacc.or.kr/CertificationSite/WA/List?page=199,9a1f16220ff8fb9488e20fbf7bd3bad8e311f0061d82e17e55cc4fc93e692637,2026-08-26T03:27:20.898799+00:00,0,0
308,청소년기업가체험프로그램 홈페이지,한국직업능력개발원,http://www.kwacc.or.kr/CertificationSite/WA/308/Detail?page=199,http://www.yeep.kr,EXPIRED,2016-03-07,2017-03-06,199,9,http://www.kwacc.or.kr/CertificationSite/WA/List?page=199,9a1f16220ff8fb9488e20fbf7bd3bad8e311f0061d82e17e55cc4fc93e692637,2026-08-26T03:27:20.898799+00:00,0,0
317,CJ제일제당 홈페이지,씨제이제일제당(주),http://www.kwacc.or.kr/CertificationSite/WA/317/Detail?page=199,http://www.cj.co.kr/cj-kr,EXPIRED,2016-03-06,2017-03-05,199,10,http://www.kwacc.or.kr/CertificationSite/WA/List?page=199,9a1f16220ff8fb9488e20fbf7bd3bad8e311f0061d82e17e55cc4fc93e692637,2026-08-26T03:27:20.898799+00:00,0,0
307,강원도강릉의료원 홈페이지,강원도강릉의료원,http://www.kwacc.or.kr/CertificationSite/WA/307/Detail?page=200,http://gnmc.or.kr,EXPIRED,2016-02-29,2017-02-28,200,1,http://www.kwacc.or.kr/CertificationSite/WA/List?page=200,266ee36e9dfdb2800cfd652d67e4540dbe056d95e68f05b75303d8db2617a4ab,2026-08-26T03:27:21.682955+00:00,0,0
305,레인보우영동도서관 홈페이지,영동군청,http://www.kwacc.or.kr/CertificationSite/WA/305/Detail?page=200,https://www.rainbowlib.go.kr,EXPIRED,2016-02-26,2017-02-25,200,2,http://www.kwacc.or.kr/CertificationSite/WA/List?page=200,266ee36e9dfdb2800cfd652d67e4540dbe056d95e68f05b75303d8db2617a4ab,2026-08-26T03:27:21.682955+00:00,0,0
306,미병연구단 홈페이지,미병연구단,http://www.kwacc.or.kr/CertificationSite/WA/306/Detail?page=200,http://mibyeong.kiom.re.kr,EXPIRED,2016-02-24,2017-02-23,200,3,http://www.kwacc.or.kr/CertificationSite/WA/List?page=200,266ee36e9dfdb2800cfd652d67e4540dbe056d95e68f05b75303d8db2617a4ab,2026-08-26T03:27:21.682955+00:00,0,0
302,꿈드래 쇼핑몰 홈페이지,한국장애인개발원,http://www.kwacc.or.kr/CertificationSite/WA/302/Detail?page=200,http://www.goods.go.kr,EXPIRED,2016-02-19,2017-02-18,200,4,http://www.kwacc.or.kr/CertificationSite/WA/List?page=200,266ee36e9dfdb2800cfd652d67e4540dbe056d95e68f05b75303d8db2617a4ab,2026-08-26T03:27:21.682955+00:00,0,0
301,LG SmartWorld(TV) 홈페이지,엘지전자 (주),http://www.kwacc.or.kr/CertificationSite/WA/301/Detail?page=200,http://kr.lgappstv.com,EXPIRED,2016-02-19,2017-02-18,200,5,http://www.kwacc.or.kr/CertificationSite/WA/List?page=200,266ee36e9dfdb2800cfd652d67e4540dbe056d95e68f05b75303d8db2617a4ab,2026-08-26T03:27:21.682955+00:00,0,0
304,건강보험심사평가원 홈페이지,건강보험심사평가원,http://www.kwacc.or.kr/CertificationSite/WA/304/Detail?page=200,http://www.hira.or.kr,EXPIRED,2016-02-05,2017-02-04,200,6,http://www.kwacc.or.kr/CertificationSite/WA/List?page=200,266ee36e9dfdb2800cfd652d67e4540dbe056d95e68f05b75303d8db2617a4ab,2026-08-26T03:27:21.682955+00:00,0,0
298,금융감독원 금융상품 통합 비교공시 홈페이지,금융감독원,http://www.kwacc.or.kr/CertificationSite/WA/298/Detail?page=200,http://finlife.fss.or.kr,EXPIRED,2016-01-27,2017-01-26,200,7,http://www.kwacc.or.kr/CertificationSite/WA/List?page=200,266ee36e9dfdb2800cfd652d67e4540dbe056d95e68f05b75303d8db2617a4ab,2026-08-26T03:27:21.682955+00:00,0,0
297,유화증권 홈페이지,유화증권,http://www.kwacc.or.kr/CertificationSite/WA/297/Detail?page=200,http://www.yhs.co.kr,EXPIRED,2016-01-26,2017-01-25,200,8,http://www.kwacc.or.kr/CertificationSite/WA/List?page=200,266ee36e9dfdb2800cfd652d67e4540dbe056d95e68f05b75303d8db2617a4ab,2026-08-26T03:27:21.682955+00:00,0,0
300,피코크키친(모바일웹) 홈페이지,(주)이마트,http://www.kwacc.or.kr/CertificationSite/WA/300/Detail?page=200,http://m.thelifekorea.com/thelife.do,EXPIRED,2016-01-19,2017-01-18,200,9,http://www.kwacc.or.kr/CertificationSite/WA/List?page=200,266ee36e9dfdb2800cfd652d67e4540dbe056d95e68f05b75303d8db2617a4ab,2026-08-26T03:27:21.682955+00:00,0,0
299,더라이프(모바일웹) 홈페이지,(주)이마트,http://www.kwacc.or.kr/CertificationSite/WA/299/Detail?page=200,http://m.thelifekorea.com/thelife.do,EXPIRED,2016-01-19,2017-01-18,200,10,http://www.kwacc.or.kr/CertificationSite/WA/List?page=200,266ee36e9dfdb2800cfd652d67e4540dbe056d95e68f05b75303d8db2617a4ab,2026-08-26T03:27:21.682955+00:00,0,0
296,완도군청 홈페이지,완도군청,http://www.kwacc.or.kr/CertificationSite/WA/296/Detail?page=201,http://www.wando.go.kr,EXPIRED,2016-01-18,2017-01-17,201,1,http://www.kwacc.or.kr/CertificationSite/WA/List?page=201,9d3b6dda54e57e5e1f534cf95a74954fe60da5dfbf414a45c914becfffe57c5c,2026-08-26T03:27:22.473481+00:00,0,0
295,일렉트로마트(모바일웹) 홈페이지,(주)이마트,http://www.kwacc.or.kr/CertificationSite/WA/295/Detail?page=201,http://m.electromart.kr/electromart.do,EXPIRED,2016-01-08,2017-01-07,201,2,http://www.kwacc.or.kr/CertificationSite/WA/List?page=201,9d3b6dda54e57e5e1f534cf95a74954fe60da5dfbf414a45c914becfffe57c5c,2026-08-26T03:27:22.473481+00:00,0,0
294,이마트타운(모바일웹) 홈페이지,(주)이마트,http://www.kwacc.or.kr/CertificationSite/WA/294/Detail?page=201,http://m.emarttown.kr/townMobile.do,EXPIRED,2016-01-08,2017-01-07,201,3,http://www.kwacc.or.kr/CertificationSite/WA/List?page=201,9d3b6dda54e57e5e1f534cf95a74954fe60da5dfbf414a45c914becfffe57c5c,2026-08-26T03:27:22.473481+00:00,0,0
293,메르스 홈페이지,질병관리본부,http://www.kwacc.or.kr/CertificationSite/WA/293/Detail?page=201,http://www.mers.go.kr,EXPIRED,2016-01-08,2017-01-07,201,4,http://www.kwacc.or.kr/CertificationSite/WA/List?page=201,9d3b6dda54e57e5e1f534cf95a74954fe60da5dfbf414a45c914becfffe57c5c,2026-08-26T03:27:22.473481+00:00,0,0
292,한식세계화공식포털 홈페이지,한식재단,http://www.kwacc.or.kr/CertificationSite/WA/292/Detail?page=201,http://www.hansik.org?,EXPIRED,2016-01-08,2017-01-07,201,5,http://www.kwacc.or.kr/CertificationSite/WA/List?page=201,9d3b6dda54e57e5e1f534cf95a74954fe60da5dfbf414a45c914becfffe57c5c,2026-08-26T03:27:22.473481+00:00,0,0
288,나주시청 홈페이지,나주시청,http://www.kwacc.or.kr/CertificationSite/WA/288/Detail?page=201,http://www.naju.go.kr,EXPIRED,2016-01-04,2017-01-03,201,6,http://www.kwacc.or.kr/CertificationSite/WA/List?page=201,9d3b6dda54e57e5e1f534cf95a74954fe60da5dfbf414a45c914becfffe57c5c,2026-08-26T03:27:22.473481+00:00,0,0
289,국회예산정책처 홈페이지,국회예산정책처,http://www.kwacc.or.kr/CertificationSite/WA/289/Detail?page=201,http://www.nabo.go.kr,EXPIRED,2015-12-31,2016-12-30,201,7,http://www.kwacc.or.kr/CertificationSite/WA/List?page=201,9d3b6dda54e57e5e1f534cf95a74954fe60da5dfbf414a45c914becfffe57c5c,2026-08-26T03:27:22.473481+00:00,0,0
287,유실물관리시스템(모바일웹) 홈페이지,경찰청,http://www.kwacc.or.kr/CertificationSite/WA/287/Detail?page=201,https://m.lost112.go.kr,EXPIRED,2015-12-31,2016-12-30,201,8,http://www.kwacc.or.kr/CertificationSite/WA/List?page=201,9d3b6dda54e57e5e1f534cf95a74954fe60da5dfbf414a45c914becfffe57c5c,2026-08-26T03:27:22.473481+00:00,0,0
285,부산정보산업진흥원 홈페이지,부산정보산업진흥원,http://www.kwacc.or.kr/CertificationSite/WA/285/Detail?page=201,http://busanit.or.kr,EXPIRED,2015-12-30,2016-12-29,201,9,http://www.kwacc.or.kr/CertificationSite/WA/List?page=201,9d3b6dda54e57e5e1f534cf95a74954fe60da5dfbf414a45c914becfffe57c5c,2026-08-26T03:27:22.473481+00:00,0,0
284,부산스토리텔링원형정보관리시스템 홈페이지,부산광역시,http://www.kwacc.or.kr/CertificationSite/WA/284/Detail?page=201,http://story.busan.go.kr,EXPIRED,2015-12-30,2016-12-29,201,10,http://www.kwacc.or.kr/CertificationSite/WA/List?page=201,9d3b6dda54e57e5e1f534cf95a74954fe60da5dfbf414a45c914becfffe57c5c,2026-08-26T03:27:22.473481+00:00,0,0
283,지구촌 스마트 여행 홈페이지,한국관광공사,http://www.kwacc.or.kr/CertificationSite/WA/283/Detail?page=202,http://www.smartoutbound.or.kr,EXPIRED,2015-12-30,2016-12-29,202,1,http://www.kwacc.or.kr/CertificationSite/WA/List?page=202,6f0c9d3d2da11d0b696e463fcc782d0ab1ef34ef26c3a653a2d2fca7676cb4ed,2026-08-26T03:27:23.268991+00:00,0,0
282,국립중앙도서관 홈페이지,국립중앙도서관,http://www.kwacc.or.kr/CertificationSite/WA/282/Detail?page=202,http://www.nl.go.kr,EXPIRED,2015-12-30,2016-12-29,202,2,http://www.kwacc.or.kr/CertificationSite/WA/List?page=202,6f0c9d3d2da11d0b696e463fcc782d0ab1ef34ef26c3a653a2d2fca7676cb4ed,2026-08-26T03:27:23.268991+00:00,0,0
278,울산교통관리센터 홈페이지,울산교통관리센터,http://www.kwacc.or.kr/CertificationSite/WA/278/Detail?page=202,http://www.its.ulsan.kr,EXPIRED,2015-12-23,2016-12-22,202,3,http://www.kwacc.or.kr/CertificationSite/WA/List?page=202,6f0c9d3d2da11d0b696e463fcc782d0ab1ef34ef26c3a653a2d2fca7676cb4ed,2026-08-26T03:27:23.268991+00:00,0,0
280,울산항만공사 영문 홈페이지,울산항만공사,http://www.kwacc.or.kr/CertificationSite/WA/280/Detail?page=202,https://www.upa.or.kr/index/IndexAction.do?cmd=EngIndex,EXPIRED,2015-12-22,2016-12-21,202,4,http://www.kwacc.or.kr/CertificationSite/WA/List?page=202,6f0c9d3d2da11d0b696e463fcc782d0ab1ef34ef26c3a653a2d2fca7676cb4ed,2026-08-26T03:27:23.268991+00:00,0,0
279,울산항만공사 홈페이지,울산항만공사,http://www.kwacc.or.kr/CertificationSite/WA/279/Detail?page=202,https://www.upa.or.kr,EXPIRED,2015-12-22,2016-12-21,202,5,http://www.kwacc.or.kr/CertificationSite/WA/List?page=202,6f0c9d3d2da11d0b696e463fcc782d0ab1ef34ef26c3a653a2d2fca7676cb4ed,2026-08-26T03:27:23.268991+00:00,0,0
276,문화체육관광부 모바일웹 홈페이지,문화체육관광부,http://www.kwacc.or.kr/CertificationSite/WA/276/Detail?page=202,http://m.mcst.go.kr,EXPIRED,2015-12-22,2016-12-21,202,6,http://www.kwacc.or.kr/CertificationSite/WA/List?page=202,6f0c9d3d2da11d0b696e463fcc782d0ab1ef34ef26c3a653a2d2fca7676cb4ed,2026-08-26T03:27:23.268991+00:00,0,0
277,한국수출입은행 홈페이지,한국수출입은행,http://www.kwacc.or.kr/CertificationSite/WA/277/Detail?page=202,http://www.koreaexim.go.kr,EXPIRED,2015-12-18,2016-12-17,202,7,http://www.kwacc.or.kr/CertificationSite/WA/List?page=202,6f0c9d3d2da11d0b696e463fcc782d0ab1ef34ef26c3a653a2d2fca7676cb4ed,2026-08-26T03:27:23.268991+00:00,0,0
266,법제처 대표 홈페이지,법제처,http://www.kwacc.or.kr/CertificationSite/WA/266/Detail?page=202,http://www.moleg.go.kr,EXPIRED,2015-12-18,2016-12-17,202,8,http://www.kwacc.or.kr/CertificationSite/WA/List?page=202,6f0c9d3d2da11d0b696e463fcc782d0ab1ef34ef26c3a653a2d2fca7676cb4ed,2026-08-26T03:27:23.268991+00:00,0,0
273,한전KPS 홈페이지,한전KPS(주),http://www.kwacc.or.kr/CertificationSite/WA/273/Detail?page=202,http://www.kps.co.kr,EXPIRED,2015-12-16,2016-12-15,202,9,http://www.kwacc.or.kr/CertificationSite/WA/List?page=202,6f0c9d3d2da11d0b696e463fcc782d0ab1ef34ef26c3a653a2d2fca7676cb4ed,2026-08-26T03:27:23.268991+00:00,0,0
272,서울수중재활센터 홈페이지,서울수중재활센터,http://www.kwacc.or.kr/CertificationSite/WA/272/Detail?page=202,http://aqua.seoulrehab.or.kr,EXPIRED,2015-12-15,2016-12-14,202,10,http://www.kwacc.or.kr/CertificationSite/WA/List?page=202,6f0c9d3d2da11d0b696e463fcc782d0ab1ef34ef26c3a653a2d2fca7676cb4ed,2026-08-26T03:27:23.268991+00:00,0,0
264,주택관리공단 홈페이지,주택관리공단,http://www.kwacc.or.kr/CertificationSite/WA/264/Detail?page=203,http://www.kohom.co.kr,EXPIRED,2015-12-12,2016-12-11,203,1,http://www.kwacc.or.kr/CertificationSite/WA/List?page=203,2f1ecb919c96ed773884bdf89f41ff13c24b43910195994f6bac5b9226ed8fb5,2026-08-26T03:27:24.053532+00:00,0,0
275,국산의 힘 모바일웹 홈페이지,㈜이마트,http://www.kwacc.or.kr/CertificationSite/WA/275/Detail?page=203,http://m.poweroflocalfoods.com/main.do,EXPIRED,2015-12-11,2016-12-10,203,2,http://www.kwacc.or.kr/CertificationSite/WA/List?page=203,2f1ecb919c96ed773884bdf89f41ff13c24b43910195994f6bac5b9226ed8fb5,2026-08-26T03:27:24.053532+00:00,0,0
274,국산의 힘 홈페이지,㈜이마트,http://www.kwacc.or.kr/CertificationSite/WA/274/Detail?page=203,http://www.poweroflocalfoods.com/main.do,EXPIRED,2015-12-11,2016-12-10,203,3,http://www.kwacc.or.kr/CertificationSite/WA/List?page=203,2f1ecb919c96ed773884bdf89f41ff13c24b43910195994f6bac5b9226ed8fb5,2026-08-26T03:27:24.053532+00:00,0,0
269,청양군청 홈페이지,청양군청,http://www.kwacc.or.kr/CertificationSite/WA/269/Detail?page=203,http://www.cheongyang.go.kr,EXPIRED,2015-12-10,2016-12-09,203,4,http://www.kwacc.or.kr/CertificationSite/WA/List?page=203,2f1ecb919c96ed773884bdf89f41ff13c24b43910195994f6bac5b9226ed8fb5,2026-08-26T03:27:24.053532+00:00,0,0
268,장애인영화제 홈페이지,사단법인 한국농아인협회,http://www.kwacc.or.kr/CertificationSite/WA/268/Detail?page=203,http://www.pdff.or.kr,EXPIRED,2015-12-09,2016-12-08,203,5,http://www.kwacc.or.kr/CertificationSite/WA/List?page=203,2f1ecb919c96ed773884bdf89f41ff13c24b43910195994f6bac5b9226ed8fb5,2026-08-26T03:27:24.053532+00:00,0,0
263,국립축산과학원 홈페이지,국립축산과학원,http://www.kwacc.or.kr/CertificationSite/WA/263/Detail?page=203,http://www.nias.go.kr,EXPIRED,2015-12-01,2016-11-30,203,6,http://www.kwacc.or.kr/CertificationSite/WA/List?page=203,2f1ecb919c96ed773884bdf89f41ff13c24b43910195994f6bac5b9226ed8fb5,2026-08-26T03:27:24.053532+00:00,0,0
437,환경표지 홈페이지,한국환경산업기술원,http://www.kwacc.or.kr/CertificationSite/WA/437/Detail?page=203,http://el.keiti.re.kr,EXPIRED,2015-11-28,2016-11-27,203,7,http://www.kwacc.or.kr/CertificationSite/WA/List?page=203,2f1ecb919c96ed773884bdf89f41ff13c24b43910195994f6bac5b9226ed8fb5,2026-08-26T03:27:24.053532+00:00,0,0
319,국립공주병원 홈페이지,국립공주병원,http://www.kwacc.or.kr/CertificationSite/WA/319/Detail?page=203,http://www.knmh.go.kr,EXPIRED,2015-11-28,2016-11-27,203,8,http://www.kwacc.or.kr/CertificationSite/WA/List?page=203,2f1ecb919c96ed773884bdf89f41ff13c24b43910195994f6bac5b9226ed8fb5,2026-08-26T03:27:24.053532+00:00,0,0
318,국립부곡병원 홈페이지,국립부곡병원,http://www.kwacc.or.kr/CertificationSite/WA/318/Detail?page=203,http://www.bgnmh.go.kr,EXPIRED,2015-11-28,2016-11-27,203,9,http://www.kwacc.or.kr/CertificationSite/WA/List?page=203,2f1ecb919c96ed773884bdf89f41ff13c24b43910195994f6bac5b9226ed8fb5,2026-08-26T03:27:24.053532+00:00,0,0
265,LG전자 smartThinQ 홈페이지,LG전자 (주),http://www.kwacc.or.kr/CertificationSite/WA/265/Detail?page=203,http://kr.smartthinq.com,EXPIRED,2015-11-28,2016-11-27,203,10,http://www.kwacc.or.kr/CertificationSite/WA/List?page=203,2f1ecb919c96ed773884bdf89f41ff13c24b43910195994f6bac5b9226ed8fb5,2026-08-26T03:27:24.053532+00:00,0,0
262,CJ도너스캠프 홈페이지,씨제이나눔재단,http://www.kwacc.or.kr/CertificationSite/WA/262/Detail?page=204,https://www.donorscamp.org,EXPIRED,2015-11-28,2016-11-27,204,1,http://www.kwacc.or.kr/CertificationSite/WA/List?page=204,77396511a64eb3f02ba7e8fe9547f8035e98a1451c08be762bf1d93b08e43c8b,2026-08-26T03:27:24.842635+00:00,0,0
260,국립춘천병원,국립춘천병원,http://www.kwacc.or.kr/CertificationSite/WA/260/Detail?page=204,http://cnmh.go.kr,EXPIRED,2015-11-28,2016-11-27,204,2,http://www.kwacc.or.kr/CertificationSite/WA/List?page=204,77396511a64eb3f02ba7e8fe9547f8035e98a1451c08be762bf1d93b08e43c8b,2026-08-26T03:27:24.842635+00:00,0,0
281,경기도안양과천교육지원청 홈페이지,경기도안양과천교육지원청,http://www.kwacc.or.kr/CertificationSite/WA/281/Detail?page=204,http://goeay.kr,EXPIRED,2015-11-27,2016-11-26,204,3,http://www.kwacc.or.kr/CertificationSite/WA/List?page=204,77396511a64eb3f02ba7e8fe9547f8035e98a1451c08be762bf1d93b08e43c8b,2026-08-26T03:27:24.842635+00:00,0,0
259,롯데재단(영문) 홈페이지,롯데재단,http://www.kwacc.or.kr/CertificationSite/WA/259/Detail?page=204,http://lottefoundation.or.kr/engMain.do,EXPIRED,2015-11-27,2016-11-26,204,4,http://www.kwacc.or.kr/CertificationSite/WA/List?page=204,77396511a64eb3f02ba7e8fe9547f8035e98a1451c08be762bf1d93b08e43c8b,2026-08-26T03:27:24.842635+00:00,0,0
258,롯데재단(국문) 홈페이지,롯데재단,http://www.kwacc.or.kr/CertificationSite/WA/258/Detail?page=204,http://www.lottefoundation.or.kr,EXPIRED,2015-11-27,2016-11-26,204,5,http://www.kwacc.or.kr/CertificationSite/WA/List?page=204,77396511a64eb3f02ba7e8fe9547f8035e98a1451c08be762bf1d93b08e43c8b,2026-08-26T03:27:24.842635+00:00,0,0
249,세상 SK 프로보노 홈페이지,행복ICT,http://www.kwacc.or.kr/CertificationSite/WA/249/Detail?page=204,http://probono.se-sang.com,EXPIRED,2015-11-27,2016-11-26,204,6,http://www.kwacc.or.kr/CertificationSite/WA/List?page=204,77396511a64eb3f02ba7e8fe9547f8035e98a1451c08be762bf1d93b08e43c8b,2026-08-26T03:27:24.842635+00:00,0,0
248,세상 홈페이지,행복ICT,http://www.kwacc.or.kr/CertificationSite/WA/248/Detail?page=204,http://www.se-sang.com,EXPIRED,2015-11-27,2016-11-26,204,7,http://www.kwacc.or.kr/CertificationSite/WA/List?page=204,77396511a64eb3f02ba7e8fe9547f8035e98a1451c08be762bf1d93b08e43c8b,2026-08-26T03:27:24.842635+00:00,0,0
257,현대 하이라이프 손해사정 홈페이지,현대하이라이프손해사정(주),http://www.kwacc.or.kr/CertificationSite/WA/257/Detail?page=204,http://www.hi-life.co.kr,EXPIRED,2015-11-26,2016-11-25,204,8,http://www.kwacc.or.kr/CertificationSite/WA/List?page=204,77396511a64eb3f02ba7e8fe9547f8035e98a1451c08be762bf1d93b08e43c8b,2026-08-26T03:27:24.842635+00:00,0,0
254,대한적십자사 혈액관리본부 홈페이지,대한적십자사 혈액관리본부,http://www.kwacc.or.kr/CertificationSite/WA/254/Detail?page=204,http://www.bloodinfo.net,EXPIRED,2015-11-21,2016-11-20,204,9,http://www.kwacc.or.kr/CertificationSite/WA/List?page=204,77396511a64eb3f02ba7e8fe9547f8035e98a1451c08be762bf1d93b08e43c8b,2026-08-26T03:27:24.842635+00:00,0,0
291,국립보건연구원 홈페이지,국립보건연구원,http://www.kwacc.or.kr/CertificationSite/WA/291/Detail?page=204,http://www.nih.go.kr,EXPIRED,2015-11-20,2016-11-19,204,10,http://www.kwacc.or.kr/CertificationSite/WA/List?page=204,77396511a64eb3f02ba7e8fe9547f8035e98a1451c08be762bf1d93b08e43c8b,2026-08-26T03:27:24.842635+00:00,0,0
290,질병관리본부 홈페이지,질병관리본부,http://www.kwacc.or.kr/CertificationSite/WA/290/Detail?page=205,http://www.cdc.go.kr,EXPIRED,2015-11-20,2016-11-19,205,1,http://www.kwacc.or.kr/CertificationSite/WA/List?page=205,fc085581e950eb6d4409e4cf29884f7c5c945ffe705f76b23dd404bfb3bb46fc,2026-08-26T03:27:25.679438+00:00,0,0
256,이노비즈 홈페이지,(사)중소기업기술혁신협회,http://www.kwacc.or.kr/CertificationSite/WA/256/Detail?page=205,http://www.innobiz.net,EXPIRED,2015-11-20,2016-11-19,205,2,http://www.kwacc.or.kr/CertificationSite/WA/List?page=205,fc085581e950eb6d4409e4cf29884f7c5c945ffe705f76b23dd404bfb3bb46fc,2026-08-26T03:27:25.679438+00:00,0,0
270,삼성전자종합기술원 홈페이지,삼성전자 (주),http://www.kwacc.or.kr/CertificationSite/WA/270/Detail?page=205,http://www.sait.samsung.co.kr,EXPIRED,2015-11-19,2016-11-18,205,3,http://www.kwacc.or.kr/CertificationSite/WA/List?page=205,fc085581e950eb6d4409e4cf29884f7c5c945ffe705f76b23dd404bfb3bb46fc,2026-08-26T03:27:25.679438+00:00,0,0
271,현대캐피탈 홈페이지,현대캐피탈,http://www.kwacc.or.kr/CertificationSite/WA/271/Detail?page=205,http://www.hyundaicapital.com,EXPIRED,2015-11-17,2016-11-16,205,4,http://www.kwacc.or.kr/CertificationSite/WA/List?page=205,fc085581e950eb6d4409e4cf29884f7c5c945ffe705f76b23dd404bfb3bb46fc,2026-08-26T03:27:25.679438+00:00,0,0
255,오송생명과학단지지원센터 홈페이지,오송생명과학단지지원센터,http://www.kwacc.or.kr/CertificationSite/WA/255/Detail?page=205,http://osong.mw.go.kr,EXPIRED,2015-11-14,2016-11-13,205,5,http://www.kwacc.or.kr/CertificationSite/WA/List?page=205,fc085581e950eb6d4409e4cf29884f7c5c945ffe705f76b23dd404bfb3bb46fc,2026-08-26T03:27:25.679438+00:00,0,0
286,유실물관리시스템 홈페이지,경찰청,http://www.kwacc.or.kr/CertificationSite/WA/286/Detail?page=205,https://www.lost112.go.kr,EXPIRED,2015-11-13,2016-11-12,205,6,http://www.kwacc.or.kr/CertificationSite/WA/List?page=205,fc085581e950eb6d4409e4cf29884f7c5c945ffe705f76b23dd404bfb3bb46fc,2026-08-26T03:27:25.679438+00:00,0,0
303,한화생명 모바일웹,한화생명,http://www.kwacc.or.kr/CertificationSite/WA/303/Detail?page=205,http://m.hanwhalife.com,EXPIRED,2015-11-11,2016-11-10,205,7,http://www.kwacc.or.kr/CertificationSite/WA/List?page=205,fc085581e950eb6d4409e4cf29884f7c5c945ffe705f76b23dd404bfb3bb46fc,2026-08-26T03:27:25.679438+00:00,0,0
261,대한민국법원 홈페이지,법원행정처,http://www.kwacc.or.kr/CertificationSite/WA/261/Detail?page=205,http://www.scourt.go.kr,EXPIRED,2015-11-10,2016-11-09,205,8,http://www.kwacc.or.kr/CertificationSite/WA/List?page=205,fc085581e950eb6d4409e4cf29884f7c5c945ffe705f76b23dd404bfb3bb46fc,2026-08-26T03:27:25.679438+00:00,0,0
253,학생.학부모 인증서 발급 서비스 홈페이지,한국정보인증주식회사,http://www.kwacc.or.kr/CertificationSite/WA/253/Detail?page=205,https://keris.signgate.com,EXPIRED,2015-11-09,2016-11-08,205,9,http://www.kwacc.or.kr/CertificationSite/WA/List?page=205,fc085581e950eb6d4409e4cf29884f7c5c945ffe705f76b23dd404bfb3bb46fc,2026-08-26T03:27:25.679438+00:00,0,0
252,경기도과학교육원(북부) 홈페이지,경기도과학교육원,http://www.kwacc.or.kr/CertificationSite/WA/252/Detail?page=205,http://ujb.gise.kr,EXPIRED,2015-11-06,2016-11-05,205,10,http://www.kwacc.or.kr/CertificationSite/WA/List?page=205,fc085581e950eb6d4409e4cf29884f7c5c945ffe705f76b23dd404bfb3bb46fc,2026-08-26T03:27:25.679438+00:00,0,0
251,경기도과학교육원(본원) 홈페이지,경기도과학교육원,http://www.kwacc.or.kr/CertificationSite/WA/251/Detail?page=206,http://www.gise.kr,EXPIRED,2015-11-06,2016-11-05,206,1,http://www.kwacc.or.kr/CertificationSite/WA/List?page=206,be157f978a4b646c874b0c2a220cc062b66d2bfc2b67b9eaa970c18131cad528,2026-08-26T03:27:26.473544+00:00,0,0
250,세상 임팩트 성과시스템 홈페이지,행복ICT,http://www.kwacc.or.kr/CertificationSite/WA/250/Detail?page=206,https://impact.se-sang.com,EXPIRED,2015-11-03,2016-11-02,206,2,http://www.kwacc.or.kr/CertificationSite/WA/List?page=206,be157f978a4b646c874b0c2a220cc062b66d2bfc2b67b9eaa970c18131cad528,2026-08-26T03:27:26.473544+00:00,0,0
242,T-together 홈페이지,SK텔레콤㈜,http://www.kwacc.or.kr/CertificationSite/WA/242/Detail?page=206,http://ttogether.sktelecom.com/,EXPIRED,2015-11-02,2016-11-01,206,3,http://www.kwacc.or.kr/CertificationSite/WA/List?page=206,be157f978a4b646c874b0c2a220cc062b66d2bfc2b67b9eaa970c18131cad528,2026-08-26T03:27:26.473544+00:00,0,0
247,국립나주병원 홈페이지,국립나주병원,http://www.kwacc.or.kr/CertificationSite/WA/247/Detail?page=206,http://www.najumh.go.kr,EXPIRED,2015-10-14,2016-10-13,206,4,http://www.kwacc.or.kr/CertificationSite/WA/List?page=206,be157f978a4b646c874b0c2a220cc062b66d2bfc2b67b9eaa970c18131cad528,2026-08-26T03:27:26.473544+00:00,0,0
241,한국장애인고용공단 홈페이지,한국장애인고용공단,http://www.kwacc.or.kr/CertificationSite/WA/241/Detail?page=206,http://www.kead.or.kr,EXPIRED,2015-10-14,2016-10-13,206,5,http://www.kwacc.or.kr/CertificationSite/WA/List?page=206,be157f978a4b646c874b0c2a220cc062b66d2bfc2b67b9eaa970c18131cad528,2026-08-26T03:27:26.473544+00:00,0,0
245,현대HDS 홈페이지,현대에이치디에스 ㈜,http://www.kwacc.or.kr/CertificationSite/WA/245/Detail?page=206,http://www.hyundaihds.co.kr,EXPIRED,2015-10-10,2016-10-09,206,6,http://www.kwacc.or.kr/CertificationSite/WA/List?page=206,be157f978a4b646c874b0c2a220cc062b66d2bfc2b67b9eaa970c18131cad528,2026-08-26T03:27:26.473544+00:00,0,0
243,SK대학생 자원봉사단 Sunny 홈페이지,행복나눔재단,http://www.kwacc.or.kr/CertificationSite/WA/243/Detail?page=206,http://www.besunny.com,EXPIRED,2015-10-10,2016-10-09,206,7,http://www.kwacc.or.kr/CertificationSite/WA/List?page=206,be157f978a4b646c874b0c2a220cc062b66d2bfc2b67b9eaa970c18131cad528,2026-08-26T03:27:26.473544+00:00,0,0
246,대한제강 홈페이지,대한제강 (주),http://www.kwacc.or.kr/CertificationSite/WA/246/Detail?page=206,http://www.idaehan.com/kr/main,EXPIRED,2015-10-08,2016-10-07,206,8,http://www.kwacc.or.kr/CertificationSite/WA/List?page=206,be157f978a4b646c874b0c2a220cc062b66d2bfc2b67b9eaa970c18131cad528,2026-08-26T03:27:26.473544+00:00,0,0
237,증평군청 홈페이지,증평군청,http://www.kwacc.or.kr/CertificationSite/WA/237/Detail?page=206,http://www.jp.go.kr/html/kr,EXPIRED,2015-10-02,2016-10-01,206,9,http://www.kwacc.or.kr/CertificationSite/WA/List?page=206,be157f978a4b646c874b0c2a220cc062b66d2bfc2b67b9eaa970c18131cad528,2026-08-26T03:27:26.473544+00:00,0,0
236,국립의과학지식센터 홈페이지,국립의과학지식센터,http://www.kwacc.or.kr/CertificationSite/WA/236/Detail?page=206,http://library.nih.go.kr,EXPIRED,2015-10-02,2016-10-01,206,10,http://www.kwacc.or.kr/CertificationSite/WA/List?page=206,be157f978a4b646c874b0c2a220cc062b66d2bfc2b67b9eaa970c18131cad528,2026-08-26T03:27:26.473544+00:00,0,0
235,Msafer 홈페이지,한국정보통신진흥협회,http://www.kwacc.or.kr/CertificationSite/WA/235/Detail?page=207,http://www.msafer.or.kr,EXPIRED,2015-09-25,2016-09-24,207,1,http://www.kwacc.or.kr/CertificationSite/WA/List?page=207,d9f3d4654b736673508d555816d5b419ee369012c7187569f1b69160346902e0,2026-08-26T03:27:27.262048+00:00,0,0
239,장기이식관리센터 홈페이지,질병관리본부,http://www.kwacc.or.kr/CertificationSite/WA/239/Detail?page=207,http://www.konos.go.kr,EXPIRED,2015-09-22,2016-09-21,207,2,http://www.kwacc.or.kr/CertificationSite/WA/List?page=207,d9f3d4654b736673508d555816d5b419ee369012c7187569f1b69160346902e0,2026-08-26T03:27:27.262048+00:00,0,0
232,인사혁신처 홈페이지,인사혁신처,http://www.kwacc.or.kr/CertificationSite/WA/232/Detail?page=207,http://www.mpm.go.kr,EXPIRED,2015-09-21,2016-09-20,207,3,http://www.kwacc.or.kr/CertificationSite/WA/List?page=207,d9f3d4654b736673508d555816d5b419ee369012c7187569f1b69160346902e0,2026-08-26T03:27:27.262048+00:00,0,0
240,행복나눔재단,재단법인 행복나눔재단,http://www.kwacc.or.kr/CertificationSite/WA/240/Detail?page=207,http://www.skhappiness.org,EXPIRED,2015-09-19,2016-09-18,207,4,http://www.kwacc.or.kr/CertificationSite/WA/List?page=207,d9f3d4654b736673508d555816d5b419ee369012c7187569f1b69160346902e0,2026-08-26T03:27:27.262048+00:00,0,0
233,국립마산병원 홈페이지,국립마산병원,http://www.kwacc.or.kr/CertificationSite/WA/233/Detail?page=207,http://www.nmh.go.kr/,EXPIRED,2015-09-19,2016-09-18,207,5,http://www.kwacc.or.kr/CertificationSite/WA/List?page=207,d9f3d4654b736673508d555816d5b419ee369012c7187569f1b69160346902e0,2026-08-26T03:27:27.262048+00:00,0,0
228,광주광역시도시공사 홈페이지,광주광역시도시공사,http://www.kwacc.or.kr/CertificationSite/WA/228/Detail?page=207,http://www.gmcc.co.kr,EXPIRED,2015-09-15,2016-09-14,207,6,http://www.kwacc.or.kr/CertificationSite/WA/List?page=207,d9f3d4654b736673508d555816d5b419ee369012c7187569f1b69160346902e0,2026-08-26T03:27:27.262048+00:00,0,0
238,삼성전자 승마단 홈페이지,삼성전자 승마단,http://www.kwacc.or.kr/CertificationSite/WA/238/Detail?page=207,http://horse.samsung.com,EXPIRED,2015-09-12,2016-09-11,207,7,http://www.kwacc.or.kr/CertificationSite/WA/List?page=207,d9f3d4654b736673508d555816d5b419ee369012c7187569f1b69160346902e0,2026-08-26T03:27:27.262048+00:00,0,0
224,경영혁신플랫폼 홈페이지,중소기업기술정보진흥원,http://www.kwacc.or.kr/CertificationSite/WA/224/Detail?page=207,https://www.smplatform.go.kr,EXPIRED,2015-09-09,2016-09-08,207,8,http://www.kwacc.or.kr/CertificationSite/WA/List?page=207,d9f3d4654b736673508d555816d5b419ee369012c7187569f1b69160346902e0,2026-08-26T03:27:27.262048+00:00,0,0
230,대원대학교 홈페이지,대원대학교,http://www.kwacc.or.kr/CertificationSite/WA/230/Detail?page=207,http://www.daewon.ac.kr,EXPIRED,2015-09-05,2016-09-04,207,9,http://www.kwacc.or.kr/CertificationSite/WA/List?page=207,d9f3d4654b736673508d555816d5b419ee369012c7187569f1b69160346902e0,2026-08-26T03:27:27.262048+00:00,0,0
223,대전광역시시설관리공단 홈페이지,대전광역시시설관리공단,http://www.kwacc.or.kr/CertificationSite/WA/223/Detail?page=207,http://www.djsiseol.or.kr,EXPIRED,2015-09-05,2016-09-04,207,10,http://www.kwacc.or.kr/CertificationSite/WA/List?page=207,d9f3d4654b736673508d555816d5b419ee369012c7187569f1b69160346902e0,2026-08-26T03:27:27.262048+00:00,0,0
229,휴먼테크논문대상 홈페이지,삼성전자 (주),http://www.kwacc.or.kr/CertificationSite/WA/229/Detail?page=208,http://humantech.samsung.com,EXPIRED,2015-09-04,2016-09-03,208,1,http://www.kwacc.or.kr/CertificationSite/WA/List?page=208,25b9d2ec5929b27d4fb2d76c7ada0a283c6860916b32d4b1c74cfd4dafc30e0a,2026-08-26T03:27:28.051330+00:00,0,0
217,LG SmartWorld 홈페이지,엘지전자 (주),http://www.kwacc.or.kr/CertificationSite/WA/217/Detail?page=208,http://kr.lgworld.com,EXPIRED,2015-09-01,2016-08-31,208,2,http://www.kwacc.or.kr/CertificationSite/WA/List?page=208,25b9d2ec5929b27d4fb2d76c7ada0a283c6860916b32d4b1c74cfd4dafc30e0a,2026-08-26T03:27:28.051330+00:00,0,0
234,부산시 문화관광 홈페이지,부산광역시 관광마이스과,http://www.kwacc.or.kr/CertificationSite/WA/234/Detail?page=208,http://tour.busan.go.kr,EXPIRED,2015-08-29,2016-08-28,208,3,http://www.kwacc.or.kr/CertificationSite/WA/List?page=208,25b9d2ec5929b27d4fb2d76c7ada0a283c6860916b32d4b1c74cfd4dafc30e0a,2026-08-26T03:27:28.051330+00:00,0,0
214,롯데그룹(국문) 홈페이지,롯데쇼핑 (주),http://www.kwacc.or.kr/CertificationSite/WA/214/Detail?page=208,http://www.lotte.co.kr,EXPIRED,2015-08-29,2016-08-28,208,4,http://www.kwacc.or.kr/CertificationSite/WA/List?page=208,25b9d2ec5929b27d4fb2d76c7ada0a283c6860916b32d4b1c74cfd4dafc30e0a,2026-08-26T03:27:28.051330+00:00,0,0
213,롯데그룹(영문) 홈페이지,롯데쇼핑 (주),http://www.kwacc.or.kr/CertificationSite/WA/213/Detail?page=208,http://www.lotte.co.kr/eng/index.jsp,EXPIRED,2015-08-29,2016-08-28,208,5,http://www.kwacc.or.kr/CertificationSite/WA/List?page=208,25b9d2ec5929b27d4fb2d76c7ada0a283c6860916b32d4b1c74cfd4dafc30e0a,2026-08-26T03:27:28.051330+00:00,0,0
215,에셋플러스자산운용 홈페이지,에셋플러스자산운용 (주),http://www.kwacc.or.kr/CertificationSite/WA/215/Detail?page=208,http://www.assetplus.co.kr,EXPIRED,2015-08-28,2016-08-27,208,6,http://www.kwacc.or.kr/CertificationSite/WA/List?page=208,25b9d2ec5929b27d4fb2d76c7ada0a283c6860916b32d4b1c74cfd4dafc30e0a,2026-08-26T03:27:28.051330+00:00,0,0
212,생활 속 전자파 홈페이지,국립전파연구원,http://www.kwacc.or.kr/CertificationSite/WA/212/Detail?page=208,http://www.emf.gokr,EXPIRED,2015-08-27,2016-08-26,208,7,http://www.kwacc.or.kr/CertificationSite/WA/List?page=208,25b9d2ec5929b27d4fb2d76c7ada0a283c6860916b32d4b1c74cfd4dafc30e0a,2026-08-26T03:27:28.051330+00:00,0,0
227,교보문고 전자도서관 홈페이지,(주) 교보문고,http://www.kwacc.or.kr/CertificationSite/WA/227/Detail?page=208,http://ebook.dkyobobook.co.kr,EXPIRED,2015-08-20,2016-08-19,208,8,http://www.kwacc.or.kr/CertificationSite/WA/List?page=208,25b9d2ec5929b27d4fb2d76c7ada0a283c6860916b32d4b1c74cfd4dafc30e0a,2026-08-26T03:27:28.051330+00:00,0,0
211,강릉요양병원 홈페이지,강원도립 강릉요양병원,http://www.kwacc.or.kr/CertificationSite/WA/211/Detail?page=208,http://gnmch.or.kr,EXPIRED,2015-08-20,2016-08-19,208,9,http://www.kwacc.or.kr/CertificationSite/WA/List?page=208,25b9d2ec5929b27d4fb2d76c7ada0a283c6860916b32d4b1c74cfd4dafc30e0a,2026-08-26T03:27:28.051330+00:00,0,0
222,국립재활원 홈페이지,국립재활원,http://www.kwacc.or.kr/CertificationSite/WA/222/Detail?page=208,http://nrc.go.kr,EXPIRED,2015-08-14,2016-08-13,208,10,http://www.kwacc.or.kr/CertificationSite/WA/List?page=208,25b9d2ec5929b27d4fb2d76c7ada0a283c6860916b32d4b1c74cfd4dafc30e0a,2026-08-26T03:27:28.051330+00:00,0,0
221,국립소록도병원 홈페이지,국립소록도병원,http://www.kwacc.or.kr/CertificationSite/WA/221/Detail?page=209,http://sorokdo.go.kr,EXPIRED,2015-08-14,2016-08-13,209,1,http://www.kwacc.or.kr/CertificationSite/WA/List?page=209,7bd548a39a96393e45e493e40ad6650286f0c8a18c5dd95b372b3496e6c8534e,2026-08-26T03:27:28.833084+00:00,0,0
218,용산구청 홈페이지,용산구,http://www.kwacc.or.kr/CertificationSite/WA/218/Detail?page=209,http://www.yongsan.go.kr,EXPIRED,2015-08-13,2016-08-12,209,2,http://www.kwacc.or.kr/CertificationSite/WA/List?page=209,7bd548a39a96393e45e493e40ad6650286f0c8a18c5dd95b372b3496e6c8534e,2026-08-26T03:27:28.833084+00:00,0,0
226,사회보장위원회 영문 홈페이지,보건복지부,http://www.kwacc.or.kr/CertificationSite/WA/226/Detail?page=209,http://www.ssc.go.kr/menuEn/Commi/Commi110100.tiles,EXPIRED,2015-08-12,2016-08-11,209,3,http://www.kwacc.or.kr/CertificationSite/WA/List?page=209,7bd548a39a96393e45e493e40ad6650286f0c8a18c5dd95b372b3496e6c8534e,2026-08-26T03:27:28.833084+00:00,0,0
225,사회보장위원회 국문 홈페이지,보건복지부,http://www.kwacc.or.kr/CertificationSite/WA/225/Detail?page=209,http://www.ssc.go.kr,EXPIRED,2015-08-12,2016-08-11,209,4,http://www.kwacc.or.kr/CertificationSite/WA/List?page=209,7bd548a39a96393e45e493e40ad6650286f0c8a18c5dd95b372b3496e6c8534e,2026-08-26T03:27:28.833084+00:00,0,0
208,쏠리드 영문 홈페이지,(주) 쏠리드,http://www.kwacc.or.kr/CertificationSite/WA/208/Detail?page=209,http://www.solid.co.kr/eng,EXPIRED,2015-08-10,2016-08-09,209,5,http://www.kwacc.or.kr/CertificationSite/WA/List?page=209,7bd548a39a96393e45e493e40ad6650286f0c8a18c5dd95b372b3496e6c8534e,2026-08-26T03:27:28.833084+00:00,0,0
231,대구시설관리공단 이동지원센터 홈페이지,대구광역시 시설관리공단,http://www.kwacc.or.kr/CertificationSite/WA/231/Detail?page=209,http://www.nadricall.or.kr,EXPIRED,2015-08-08,2016-08-07,209,6,http://www.kwacc.or.kr/CertificationSite/WA/List?page=209,7bd548a39a96393e45e493e40ad6650286f0c8a18c5dd95b372b3496e6c8534e,2026-08-26T03:27:28.833084+00:00,0,0
202,대한결핵협회 홈페이지,대한결핵협회,http://www.kwacc.or.kr/CertificationSite/WA/202/Detail?page=209,http://www.knta.or.kr,EXPIRED,2015-08-06,2016-08-05,209,7,http://www.kwacc.or.kr/CertificationSite/WA/List?page=209,7bd548a39a96393e45e493e40ad6650286f0c8a18c5dd95b372b3496e6c8534e,2026-08-26T03:27:28.833084+00:00,0,0
216,안양시청소년육성재단 홈페이지,안양시청소년육성재단,http://www.kwacc.or.kr/CertificationSite/WA/216/Detail?page=209,https://www.ayf.or.kr,EXPIRED,2015-08-05,2016-08-04,209,8,http://www.kwacc.or.kr/CertificationSite/WA/List?page=209,7bd548a39a96393e45e493e40ad6650286f0c8a18c5dd95b372b3496e6c8534e,2026-08-26T03:27:28.833084+00:00,0,0
220,수원문화재단 홈페이지,수원문화재단,http://www.kwacc.or.kr/CertificationSite/WA/220/Detail?page=209,http://swcf.or.kr,EXPIRED,2015-08-04,2016-08-03,209,9,http://www.kwacc.or.kr/CertificationSite/WA/List?page=209,7bd548a39a96393e45e493e40ad6650286f0c8a18c5dd95b372b3496e6c8534e,2026-08-26T03:27:28.833084+00:00,0,0
200,서울시 에코마일리지 홈페이지,서울특별시청,http://www.kwacc.or.kr/CertificationSite/WA/200/Detail?page=209,http://ecomileage.seoul.go.kr,EXPIRED,2015-07-31,2016-07-30,209,10,http://www.kwacc.or.kr/CertificationSite/WA/List?page=209,7bd548a39a96393e45e493e40ad6650286f0c8a18c5dd95b372b3496e6c8534e,2026-08-26T03:27:28.833084+00:00,0,0
197,독서교육종합지원시스템 홈페이지,한국교육학술정보원,http://www.kwacc.or.kr/CertificationSite/WA/197/Detail?page=210,http://dlsdev.keris.or.kr/,EXPIRED,2015-07-27,2016-07-26,210,1,http://www.kwacc.or.kr/CertificationSite/WA/List?page=210,0f22d044f034739f58800cebce2a4ce89b6cdbd48a55b1ad82984ce966fcad6f,2026-08-26T03:27:29.625861+00:00,0,0
195,건설알림이 홈페이지,서울특별시 도시기반시설본부,http://www.kwacc.or.kr/CertificationSite/WA/195/Detail?page=210,http://cis.seoul.go.kr,EXPIRED,2015-07-27,2016-07-26,210,2,http://www.kwacc.or.kr/CertificationSite/WA/List?page=210,0f22d044f034739f58800cebce2a4ce89b6cdbd48a55b1ad82984ce966fcad6f,2026-08-26T03:27:29.625861+00:00,0,0
209,제주특별자치도개발공사 홈페이지,제주특별자치도개발공사,http://www.kwacc.or.kr/CertificationSite/WA/209/Detail?page=210,http://www.jpdc.co.kr,EXPIRED,2015-07-23,2016-07-22,210,3,http://www.kwacc.or.kr/CertificationSite/WA/List?page=210,0f22d044f034739f58800cebce2a4ce89b6cdbd48a55b1ad82984ce966fcad6f,2026-08-26T03:27:29.625861+00:00,0,0
206,라자드코리아자산운용 홈페이지,라자드코리아자산운용 (주),http://www.kwacc.or.kr/CertificationSite/WA/206/Detail?page=210,http://www.lkam.co.kr,EXPIRED,2015-07-17,2016-07-16,210,4,http://www.kwacc.or.kr/CertificationSite/WA/List?page=210,0f22d044f034739f58800cebce2a4ce89b6cdbd48a55b1ad82984ce966fcad6f,2026-08-26T03:27:29.625861+00:00,0,0
196,성북장애인복지관 홈페이지,성북장애인복지관,http://www.kwacc.or.kr/CertificationSite/WA/196/Detail?page=210,http://sb.sgwon.or.kr,EXPIRED,2015-07-17,2016-07-16,210,5,http://www.kwacc.or.kr/CertificationSite/WA/List?page=210,0f22d044f034739f58800cebce2a4ce89b6cdbd48a55b1ad82984ce966fcad6f,2026-08-26T03:27:29.625861+00:00,0,0
219,신한카드 개인 홈페이지,신한카드 주식회사,http://www.kwacc.or.kr/CertificationSite/WA/219/Detail?page=210,http://www.shinhancard.com/conts/person/main.jsp,EXPIRED,2015-07-15,2016-07-14,210,6,http://www.kwacc.or.kr/CertificationSite/WA/List?page=210,0f22d044f034739f58800cebce2a4ce89b6cdbd48a55b1ad82984ce966fcad6f,2026-08-26T03:27:29.625861+00:00,0,0
205,신한카드 탑스클럽 홈페이지,신한카드 주식회사,http://www.kwacc.or.kr/CertificationSite/WA/205/Detail?page=210,https://tops.shinhancard.com,EXPIRED,2015-07-15,2016-07-14,210,7,http://www.kwacc.or.kr/CertificationSite/WA/List?page=210,0f22d044f034739f58800cebce2a4ce89b6cdbd48a55b1ad82984ce966fcad6f,2026-08-26T03:27:29.625861+00:00,0,0
204,신한카드 가맹점 홈페이지,신한카드 주식회사,http://www.kwacc.or.kr/CertificationSite/WA/204/Detail?page=210,https://www.shinhancard.com/conts/store/main.jsp,EXPIRED,2015-07-15,2016-07-14,210,8,http://www.kwacc.or.kr/CertificationSite/WA/List?page=210,0f22d044f034739f58800cebce2a4ce89b6cdbd48a55b1ad82984ce966fcad6f,2026-08-26T03:27:29.625861+00:00,0,0
203,신한카드 법인 홈페이지,신한카드 주식회사,http://www.kwacc.or.kr/CertificationSite/WA/203/Detail?page=210,https://www.shinhancard.com/conts/corporation/main.jsp,EXPIRED,2015-07-15,2016-07-14,210,9,http://www.kwacc.or.kr/CertificationSite/WA/List?page=210,0f22d044f034739f58800cebce2a4ce89b6cdbd48a55b1ad82984ce966fcad6f,2026-08-26T03:27:29.625861+00:00,0,0
194,LG계정 홈페이지,엘지전자 (주),http://www.kwacc.or.kr/CertificationSite/WA/194/Detail?page=210,https://kr.lgaccount.com/login/sign_in?country=KR&language=ko-KR&svcCode=SVC309,EXPIRED,2015-07-13,2016-07-12,210,10,http://www.kwacc.or.kr/CertificationSite/WA/List?page=210,0f22d044f034739f58800cebce2a4ce89b6cdbd48a55b1ad82984ce966fcad6f,2026-08-26T03:27:29.625861+00:00,0,0
193,예술나무 포털 홈페이지,한국문화예술위원회,http://www.kwacc.or.kr/CertificationSite/WA/193/Detail?page=211,http://www.artistree.or.kr,EXPIRED,2015-07-13,2016-07-12,211,1,http://www.kwacc.or.kr/CertificationSite/WA/List?page=211,90dab0dc74b75641882b1d29646296a9602cdf5714e8d5003a712a53ba1e8b74,2026-08-26T03:27:30.403901+00:00,0,0
201,LG SmartWorld(TV) 홈페이지,엘지전자 (주),http://www.kwacc.or.kr/CertificationSite/WA/201/Detail?page=211,http://kr.lgappstv.com,EXPIRED,2015-07-09,2016-02-18,211,2,http://www.kwacc.or.kr/CertificationSite/WA/List?page=211,90dab0dc74b75641882b1d29646296a9602cdf5714e8d5003a712a53ba1e8b74,2026-08-26T03:27:30.403901+00:00,0,0
199,금융민원센터 홈페이지,금융민원센터,http://www.kwacc.or.kr/CertificationSite/WA/199/Detail?page=211,http://www.fcsc.kr,EXPIRED,2015-07-04,2016-07-03,211,3,http://www.kwacc.or.kr/CertificationSite/WA/List?page=211,90dab0dc74b75641882b1d29646296a9602cdf5714e8d5003a712a53ba1e8b74,2026-08-26T03:27:30.403901+00:00,0,0
191,한전산업개발 (주) 대표 홈페이지,한전산업개발주식회사,http://www.kwacc.or.kr/CertificationSite/WA/191/Detail?page=211,http://www.kepid.co.kr,EXPIRED,2015-07-03,2016-07-02,211,4,http://www.kwacc.or.kr/CertificationSite/WA/List?page=211,90dab0dc74b75641882b1d29646296a9602cdf5714e8d5003a712a53ba1e8b74,2026-08-26T03:27:30.403901+00:00,0,0
210,의약품종합관리정보센터 홈페이지,의약품종합관리정보센터,http://www.kwacc.or.kr/CertificationSite/WA/210/Detail?page=211,http://www.kpis.or.kr,EXPIRED,2015-07-02,2016-07-01,211,5,http://www.kwacc.or.kr/CertificationSite/WA/List?page=211,90dab0dc74b75641882b1d29646296a9602cdf5714e8d5003a712a53ba1e8b74,2026-08-26T03:27:30.403901+00:00,0,0
189,한국산업기술시험원 홈페이지,한국산업기술시험원,http://www.kwacc.or.kr/CertificationSite/WA/189/Detail?page=211,http://www.ktl.re.kr,EXPIRED,2015-06-30,2016-06-29,211,6,http://www.kwacc.or.kr/CertificationSite/WA/List?page=211,90dab0dc74b75641882b1d29646296a9602cdf5714e8d5003a712a53ba1e8b74,2026-08-26T03:27:30.403901+00:00,0,0
187,메리츠화재 다이렉트몰 홈페이지,메리츠화재해상보험주식회사,http://www.kwacc.or.kr/CertificationSite/WA/187/Detail?page=211,http://www.meritzdirect.com/,EXPIRED,2015-06-30,2016-06-29,211,7,http://www.kwacc.or.kr/CertificationSite/WA/List?page=211,90dab0dc74b75641882b1d29646296a9602cdf5714e8d5003a712a53ba1e8b74,2026-08-26T03:27:30.403901+00:00,0,0
182,의성군청 홈페이지,의성군청,http://www.kwacc.or.kr/CertificationSite/WA/182/Detail?page=211,http://www.usc.go.kr/,EXPIRED,2015-06-30,2016-06-29,211,8,http://www.kwacc.or.kr/CertificationSite/WA/List?page=211,90dab0dc74b75641882b1d29646296a9602cdf5714e8d5003a712a53ba1e8b74,2026-08-26T03:27:30.403901+00:00,0,0
181,무안군청 홈페이지,무안군청,http://www.kwacc.or.kr/CertificationSite/WA/181/Detail?page=211,http://www.muan.go.kr/,EXPIRED,2015-06-30,2016-06-29,211,9,http://www.kwacc.or.kr/CertificationSite/WA/List?page=211,90dab0dc74b75641882b1d29646296a9602cdf5714e8d5003a712a53ba1e8b74,2026-08-26T03:27:30.403901+00:00,0,0
180,인천 장애인콜택시 홈페이지,인천교통공사,http://www.kwacc.or.kr/CertificationSite/WA/180/Detail?page=211,http://www.intis.or.kr,EXPIRED,2015-06-29,2016-06-28,211,10,http://www.kwacc.or.kr/CertificationSite/WA/List?page=211,90dab0dc74b75641882b1d29646296a9602cdf5714e8d5003a712a53ba1e8b74,2026-08-26T03:27:30.403901+00:00,0,0
179,한국전력공사 홈페이지,한국전력공사,http://www.kwacc.or.kr/CertificationSite/WA/179/Detail?page=212,http://home.kepco.co.kr,EXPIRED,2015-06-26,2016-06-25,212,1,http://www.kwacc.or.kr/CertificationSite/WA/List?page=212,b882c3cd6f10ad8fb0f14d180c0712a8cd23f163c685410ecd61754969b826ff,2026-08-26T03:27:31.189293+00:00,0,0
178,풀무원채용 홈페이지,풀무원식품 주식회사,http://www.kwacc.or.kr/CertificationSite/WA/178/Detail?page=212,http://recruit.pulmuone.com/,EXPIRED,2015-06-23,2016-06-22,212,2,http://www.kwacc.or.kr/CertificationSite/WA/List?page=212,b882c3cd6f10ad8fb0f14d180c0712a8cd23f163c685410ecd61754969b826ff,2026-08-26T03:27:31.189293+00:00,0,0
176,KDB캐피탈 신용카드(기업) 홈페이지,KDB캐피탈,http://www.kwacc.or.kr/CertificationSite/WA/176/Detail?page=212,https://www.kdbcard.co.kr/,EXPIRED,2015-06-22,2016-06-21,212,3,http://www.kwacc.or.kr/CertificationSite/WA/List?page=212,b882c3cd6f10ad8fb0f14d180c0712a8cd23f163c685410ecd61754969b826ff,2026-08-26T03:27:31.189293+00:00,0,0
175,100세누리 시니어사회활동포탈 홈페이지,한국노인인력개발원,http://www.kwacc.or.kr/CertificationSite/WA/175/Detail?page=212,http://www.100senuri.go.kr,EXPIRED,2015-06-22,2016-06-21,212,4,http://www.kwacc.or.kr/CertificationSite/WA/List?page=212,b882c3cd6f10ad8fb0f14d180c0712a8cd23f163c685410ecd61754969b826ff,2026-08-26T03:27:31.189293+00:00,0,0
190,중소기업청 홈페이지,중소기업청,http://www.kwacc.or.kr/CertificationSite/WA/190/Detail?page=212,http://www.smba.go.kr,EXPIRED,2015-06-20,2016-06-19,212,5,http://www.kwacc.or.kr/CertificationSite/WA/List?page=212,b882c3cd6f10ad8fb0f14d180c0712a8cd23f163c685410ecd61754969b826ff,2026-08-26T03:27:31.189293+00:00,0,0
380,LG Lifegram 홈페이지,LG전자,http://www.kwacc.or.kr/CertificationSite/WA/380/Detail?page=212,http://www.lglifegram.com,EXPIRED,2015-06-19,2016-06-18,212,6,http://www.kwacc.or.kr/CertificationSite/WA/List?page=212,b882c3cd6f10ad8fb0f14d180c0712a8cd23f163c685410ecd61754969b826ff,2026-08-26T03:27:31.189293+00:00,0,0
207,쏠리드 국문 홈페이지,(주) 쏠리드,http://www.kwacc.or.kr/CertificationSite/WA/207/Detail?page=212,http://www.solid.co.kr,EXPIRED,2015-06-19,2016-06-18,212,7,http://www.kwacc.or.kr/CertificationSite/WA/List?page=212,b882c3cd6f10ad8fb0f14d180c0712a8cd23f163c685410ecd61754969b826ff,2026-08-26T03:27:31.189293+00:00,0,0
188,삼진제약 홈페이지,삼진제약 (주),http://www.kwacc.or.kr/CertificationSite/WA/188/Detail?page=212,http://www.samjinpharm.co.kr,EXPIRED,2015-06-18,2016-06-17,212,8,http://www.kwacc.or.kr/CertificationSite/WA/List?page=212,b882c3cd6f10ad8fb0f14d180c0712a8cd23f163c685410ecd61754969b826ff,2026-08-26T03:27:31.189293+00:00,0,0
185,국립서울병원 홈페이지,국립서울병원,http://www.kwacc.or.kr/CertificationSite/WA/185/Detail?page=212,http://snmh.go.kr,EXPIRED,2015-06-13,2016-06-12,212,9,http://www.kwacc.or.kr/CertificationSite/WA/List?page=212,b882c3cd6f10ad8fb0f14d180c0712a8cd23f163c685410ecd61754969b826ff,2026-08-26T03:27:31.189293+00:00,0,0
184,국립목포병원 홈페이지,국립목포병원,http://www.kwacc.or.kr/CertificationSite/WA/184/Detail?page=212,http://tbmokpo.go.kr,EXPIRED,2015-06-13,2016-06-12,212,10,http://www.kwacc.or.kr/CertificationSite/WA/List?page=212,b882c3cd6f10ad8fb0f14d180c0712a8cd23f163c685410ecd61754969b826ff,2026-08-26T03:27:31.189293+00:00,0,0
173,한화인 채용 홈페이지,한화그룹,http://www.kwacc.or.kr/CertificationSite/WA/173/Detail?page=213,http://www.hanwhain.com/web/index.do,EXPIRED,2015-06-11,2016-06-10,213,1,http://www.kwacc.or.kr/CertificationSite/WA/List?page=213,57ae1a27e6b31672060559c2ca12615cae92cd380ee2fcece80a22e017285b6d,2026-08-26T03:27:31.977346+00:00,0,0
169,NH저축은행 홈페이지,NH저축은행,http://www.kwacc.or.kr/CertificationSite/WA/169/Detail?page=213,http://www.nhsavingsbank.co.kr/,EXPIRED,2015-06-08,2016-06-07,213,2,http://www.kwacc.or.kr/CertificationSite/WA/List?page=213,57ae1a27e6b31672060559c2ca12615cae92cd380ee2fcece80a22e017285b6d,2026-08-26T03:27:31.977346+00:00,0,0
172,광주광역시 교통정보센터 홈페이지,광주광역시,http://www.kwacc.or.kr/CertificationSite/WA/172/Detail?page=213,http://gjtic.go.kr,EXPIRED,2015-06-05,2016-06-04,213,3,http://www.kwacc.or.kr/CertificationSite/WA/List?page=213,57ae1a27e6b31672060559c2ca12615cae92cd380ee2fcece80a22e017285b6d,2026-08-26T03:27:31.977346+00:00,0,0
192,롯데캐피탈 홈페이지,롯데캐피탈 (주),http://www.kwacc.or.kr/CertificationSite/WA/192/Detail?page=213,http://www.lottecap.com,EXPIRED,2015-06-02,2016-06-01,213,4,http://www.kwacc.or.kr/CertificationSite/WA/List?page=213,57ae1a27e6b31672060559c2ca12615cae92cd380ee2fcece80a22e017285b6d,2026-08-26T03:27:31.977346+00:00,0,0
186,메리츠화재 대표 홈페이지,메리츠화재해상보험주식회사,http://www.kwacc.or.kr/CertificationSite/WA/186/Detail?page=213,http://www.meritzfire.com/,EXPIRED,2015-05-29,2016-05-28,213,5,http://www.kwacc.or.kr/CertificationSite/WA/List?page=213,57ae1a27e6b31672060559c2ca12615cae92cd380ee2fcece80a22e017285b6d,2026-08-26T03:27:31.977346+00:00,0,0
168,KDB캐피탈 (국문)홈페이지,KDB캐피탈,http://www.kwacc.or.kr/CertificationSite/WA/168/Detail?page=213,http://www.kdbc.co.kr,EXPIRED,2015-05-29,2016-05-28,213,6,http://www.kwacc.or.kr/CertificationSite/WA/List?page=213,57ae1a27e6b31672060559c2ca12615cae92cd380ee2fcece80a22e017285b6d,2026-08-26T03:27:31.977346+00:00,0,0
198,보건복지콜센터 홈페이지,보건복지콜센터,http://www.kwacc.or.kr/CertificationSite/WA/198/Detail?page=213,http://129.go.kr/,EXPIRED,2015-05-27,2016-05-26,213,7,http://www.kwacc.or.kr/CertificationSite/WA/List?page=213,57ae1a27e6b31672060559c2ca12615cae92cd380ee2fcece80a22e017285b6d,2026-08-26T03:27:31.977346+00:00,0,0
163,서울시보조공학서비스센터 홈페이지,서울시보조공학서비스센터,http://www.kwacc.or.kr/CertificationSite/WA/163/Detail?page=213,http://www.seoulats.or.kr,EXPIRED,2015-05-22,2016-05-21,213,8,http://www.kwacc.or.kr/CertificationSite/WA/List?page=213,57ae1a27e6b31672060559c2ca12615cae92cd380ee2fcece80a22e017285b6d,2026-08-26T03:27:31.977346+00:00,0,0
164,영양군청 홈페이지,영양군청,http://www.kwacc.or.kr/CertificationSite/WA/164/Detail?page=213,http://www.yyg.go.kr,EXPIRED,2015-05-19,2016-05-18,213,9,http://www.kwacc.or.kr/CertificationSite/WA/List?page=213,57ae1a27e6b31672060559c2ca12615cae92cd380ee2fcece80a22e017285b6d,2026-08-26T03:27:31.977346+00:00,0,0
183,보건복지부 홈페이지,보건복지부,http://www.kwacc.or.kr/CertificationSite/WA/183/Detail?page=213,http://mw.go.kr,EXPIRED,2015-05-16,2016-05-15,213,10,http://www.kwacc.or.kr/CertificationSite/WA/List?page=213,57ae1a27e6b31672060559c2ca12615cae92cd380ee2fcece80a22e017285b6d,2026-08-26T03:27:31.977346+00:00,0,0
174,Social LG전자 블로그,엘지전자 (주),http://www.kwacc.or.kr/CertificationSite/WA/174/Detail?page=214,http://social.lge.co.kr,EXPIRED,2015-05-12,2016-05-11,214,1,http://www.kwacc.or.kr/CertificationSite/WA/List?page=214,745d05db313755a9ab75d71cc26c38420e8c33976e1b4cdecd597398687673e6,2026-08-26T03:27:32.773664+00:00,0,0
162,부산시공공조형물정보관리 서비스 홈페이지,부산광역시,http://www.kwacc.or.kr/CertificationSite/WA/162/Detail?page=214,http://publicart.busan.go.kr,EXPIRED,2015-05-12,2016-05-11,214,2,http://www.kwacc.or.kr/CertificationSite/WA/List?page=214,745d05db313755a9ab75d71cc26c38420e8c33976e1b4cdecd597398687673e6,2026-08-26T03:27:32.773664+00:00,0,0
157,중앙입양원 홈페이지,(재) 중앙입양원,http://www.kwacc.or.kr/CertificationSite/WA/157/Detail?page=214,http://www.kadoption.or.kr,EXPIRED,2015-05-09,2016-05-08,214,3,http://www.kwacc.or.kr/CertificationSite/WA/List?page=214,745d05db313755a9ab75d71cc26c38420e8c33976e1b4cdecd597398687673e6,2026-08-26T03:27:32.773664+00:00,0,0
165,서울장애인종합복지관 홈페이지,시립서울장애인종합복지관,http://www.kwacc.or.kr/CertificationSite/WA/165/Detail?page=214,http://www.seoulrehab.or.kr,EXPIRED,2015-05-02,2016-05-01,214,4,http://www.kwacc.or.kr/CertificationSite/WA/List?page=214,745d05db313755a9ab75d71cc26c38420e8c33976e1b4cdecd597398687673e6,2026-08-26T03:27:32.773664+00:00,0,0
161,BYC 홈페이지,BYC,http://www.kwacc.or.kr/CertificationSite/WA/161/Detail?page=214,http://www.byc.co.kr,EXPIRED,2015-04-29,2016-04-28,214,5,http://www.kwacc.or.kr/CertificationSite/WA/List?page=214,745d05db313755a9ab75d71cc26c38420e8c33976e1b4cdecd597398687673e6,2026-08-26T03:27:32.773664+00:00,0,0
153,국립전파연구원 대표 홈페이지(국문),국립전파연구원,http://www.kwacc.or.kr/CertificationSite/WA/153/Detail?page=214,http://rra.go.kr,EXPIRED,2015-04-29,2016-04-28,214,6,http://www.kwacc.or.kr/CertificationSite/WA/List?page=214,745d05db313755a9ab75d71cc26c38420e8c33976e1b4cdecd597398687673e6,2026-08-26T03:27:32.773664+00:00,0,0
159,산업기술R&D 교육센터 홈페이지,한국산업기술평가관리원,http://www.kwacc.or.kr/CertificationSite/WA/159/Detail?page=214,http://academy.keit.re.kr/,EXPIRED,2015-04-28,2016-04-27,214,7,http://www.kwacc.or.kr/CertificationSite/WA/List?page=214,745d05db313755a9ab75d71cc26c38420e8c33976e1b4cdecd597398687673e6,2026-08-26T03:27:32.773664+00:00,0,0
158,우체국택배 홈페이지,인터넷우체국,http://www.kwacc.or.kr/CertificationSite/WA/158/Detail?page=214,http://parcel.epost.go.kr,EXPIRED,2015-04-28,2016-04-27,214,8,http://www.kwacc.or.kr/CertificationSite/WA/List?page=214,745d05db313755a9ab75d71cc26c38420e8c33976e1b4cdecd597398687673e6,2026-08-26T03:27:32.773664+00:00,0,0
156,태화복지재단 홈페이지,사회복지법인 감리회 태화복지재단,http://www.kwacc.or.kr/CertificationSite/WA/156/Detail?page=214,http://www.taiwhafound.org/,EXPIRED,2015-04-28,2016-05-27,214,9,http://www.kwacc.or.kr/CertificationSite/WA/List?page=214,745d05db313755a9ab75d71cc26c38420e8c33976e1b4cdecd597398687673e6,2026-08-26T03:27:32.773664+00:00,0,0
155,칠곡나눔숲체원 홈페이지,칠곡나눔숲체원,http://www.kwacc.or.kr/CertificationSite/WA/155/Detail?page=214,http://nanumsoop.or.kr/main.do,EXPIRED,2015-04-22,2016-04-21,214,10,http://www.kwacc.or.kr/CertificationSite/WA/List?page=214,745d05db313755a9ab75d71cc26c38420e8c33976e1b4cdecd597398687673e6,2026-08-26T03:27:32.773664+00:00,0,0
177,국회도서관 홈페이지,국회도서관,http://www.kwacc.or.kr/CertificationSite/WA/177/Detail?page=215,http://www.nanet.go.kr,EXPIRED,2015-04-21,2016-04-20,215,1,http://www.kwacc.or.kr/CertificationSite/WA/List?page=215,d8bf5c0f1d155b9d1bc5b3545382b41db568000c960a01bef4a727ad3e271512,2026-08-26T03:27:33.564762+00:00,0,0
152,경기지방경찰청,경기지방경찰청,http://www.kwacc.or.kr/CertificationSite/WA/152/Detail?page=215,http://www.ggpolice.go.kr,EXPIRED,2015-04-17,2016-04-16,215,2,http://www.kwacc.or.kr/CertificationSite/WA/List?page=215,d8bf5c0f1d155b9d1bc5b3545382b41db568000c960a01bef4a727ad3e271512,2026-08-26T03:27:33.564762+00:00,0,0
151,EBS 장애인 서비스 홈페이지,한국교육방송공사,http://www.kwacc.or.kr/CertificationSite/WA/151/Detail?page=215,http://www.ebs.co.kr/free,EXPIRED,2015-04-10,2016-04-09,215,3,http://www.kwacc.or.kr/CertificationSite/WA/List?page=215,d8bf5c0f1d155b9d1bc5b3545382b41db568000c960a01bef4a727ad3e271512,2026-08-26T03:27:33.564762+00:00,0,0
150,삼성전자 비즈니스 가이드라인 홈페이지,삼성전자(주),http://www.kwacc.or.kr/CertificationSite/WA/150/Detail?page=215,http://sec-bizguide.com,EXPIRED,2015-04-08,2016-04-07,215,4,http://www.kwacc.or.kr/CertificationSite/WA/List?page=215,d8bf5c0f1d155b9d1bc5b3545382b41db568000c960a01bef4a727ad3e271512,2026-08-26T03:27:33.564762+00:00,0,0
149,삼성전자 윤리경영 홈페이지,삼성전자(주),http://www.kwacc.or.kr/CertificationSite/WA/149/Detail?page=215,http://sec-audit.com,EXPIRED,2015-04-08,2016-04-07,215,5,http://www.kwacc.or.kr/CertificationSite/WA/List?page=215,d8bf5c0f1d155b9d1bc5b3545382b41db568000c960a01bef4a727ad3e271512,2026-08-26T03:27:33.564762+00:00,0,0
147,삼성전자서비스 홈페이지,삼성전자서비스주식회사,http://www.kwacc.or.kr/CertificationSite/WA/147/Detail?page=215,http://www.samsungsvc.co.kr,EXPIRED,2015-03-31,2016-03-30,215,6,http://www.kwacc.or.kr/CertificationSite/WA/List?page=215,d8bf5c0f1d155b9d1bc5b3545382b41db568000c960a01bef4a727ad3e271512,2026-08-26T03:27:33.564762+00:00,0,0
145,남도학숙 홈페이지,(재) 남도학숙,http://www.kwacc.or.kr/CertificationSite/WA/145/Detail?page=215,http://www.ndhs.or.kr,EXPIRED,2015-03-30,2016-03-29,215,7,http://www.kwacc.or.kr/CertificationSite/WA/List?page=215,d8bf5c0f1d155b9d1bc5b3545382b41db568000c960a01bef4a727ad3e271512,2026-08-26T03:27:33.564762+00:00,0,0
144,국립한글박물관 홈페이지,국립한글박물관,http://www.kwacc.or.kr/CertificationSite/WA/144/Detail?page=215,http://www.hangeul.go.kr,EXPIRED,2015-03-27,2016-03-26,215,8,http://www.kwacc.or.kr/CertificationSite/WA/List?page=215,d8bf5c0f1d155b9d1bc5b3545382b41db568000c960a01bef4a727ad3e271512,2026-08-26T03:27:33.564762+00:00,0,0
143,정읍시장애인종합복지관 홈페이지,정읍시장애인종합복지관,http://www.kwacc.or.kr/CertificationSite/WA/143/Detail?page=215,http://www.jjb.or.kr,EXPIRED,2015-03-27,2016-03-26,215,9,http://www.kwacc.or.kr/CertificationSite/WA/List?page=215,d8bf5c0f1d155b9d1bc5b3545382b41db568000c960a01bef4a727ad3e271512,2026-08-26T03:27:33.564762+00:00,0,0
142,사이버한국외국어대학교 홈페이지,사이버한국외국어대학교,http://www.kwacc.or.kr/CertificationSite/WA/142/Detail?page=215,http://www.cufs.ac.kr,EXPIRED,2015-03-24,2016-03-23,215,10,http://www.kwacc.or.kr/CertificationSite/WA/List?page=215,d8bf5c0f1d155b9d1bc5b3545382b41db568000c960a01bef4a727ad3e271512,2026-08-26T03:27:33.564762+00:00,0,0
160,보성녹차관 홈페이지,보성군청,http://www.kwacc.or.kr/CertificationSite/WA/160/Detail?page=216,http://www.greenbs.kr,EXPIRED,2015-03-21,2016-03-20,216,1,http://www.kwacc.or.kr/CertificationSite/WA/List?page=216,02e8f3a4ab27e65bd795fa18d75ae53aa6215928d9c7b5aea94aca329890c0d7,2026-08-26T03:27:34.357056+00:00,0,0
146,국립망향의동산관리원 홈페이지,국립망향의동산관리원,http://www.kwacc.or.kr/CertificationSite/WA/146/Detail?page=216,http://www.nmhc.go.kr/,EXPIRED,2015-03-21,2016-03-20,216,2,http://www.kwacc.or.kr/CertificationSite/WA/List?page=216,02e8f3a4ab27e65bd795fa18d75ae53aa6215928d9c7b5aea94aca329890c0d7,2026-08-26T03:27:34.357056+00:00,0,0
140,한국투자공사 홈페이지,한국투자공사,http://www.kwacc.or.kr/CertificationSite/WA/140/Detail?page=216,http://www.kic.kr,EXPIRED,2015-03-21,2016-03-20,216,3,http://www.kwacc.or.kr/CertificationSite/WA/List?page=216,02e8f3a4ab27e65bd795fa18d75ae53aa6215928d9c7b5aea94aca329890c0d7,2026-08-26T03:27:34.357056+00:00,0,0
141,광주광역시 북구 홈페이지,광주광역시 북구,http://www.kwacc.or.kr/CertificationSite/WA/141/Detail?page=216,http://www.bukgu.gwangju.kr,EXPIRED,2015-03-20,2016-03-19,216,4,http://www.kwacc.or.kr/CertificationSite/WA/List?page=216,02e8f3a4ab27e65bd795fa18d75ae53aa6215928d9c7b5aea94aca329890c0d7,2026-08-26T03:27:34.357056+00:00,0,0
154,부산경제통계포털 국문 홈페이지,(재) 부산경제진흥원,http://www.kwacc.or.kr/CertificationSite/WA/154/Detail?page=216,http://www.becos.kr,EXPIRED,2015-03-17,2016-03-16,216,5,http://www.kwacc.or.kr/CertificationSite/WA/List?page=216,02e8f3a4ab27e65bd795fa18d75ae53aa6215928d9c7b5aea94aca329890c0d7,2026-08-26T03:27:34.357056+00:00,0,0
139,동양생명 홈페이지,동양생명보험 (주),http://www.kwacc.or.kr/CertificationSite/WA/139/Detail?page=216,https://www.myangel.co.kr,EXPIRED,2015-03-17,2016-03-16,216,6,http://www.kwacc.or.kr/CertificationSite/WA/List?page=216,02e8f3a4ab27e65bd795fa18d75ae53aa6215928d9c7b5aea94aca329890c0d7,2026-08-26T03:27:34.357056+00:00,0,0
138,한진택배 홈페이지,(주) 한진,http://www.kwacc.or.kr/CertificationSite/WA/138/Detail?page=216,http://hanex.hanjin.co.kr,EXPIRED,2015-03-12,2016-03-11,216,7,http://www.kwacc.or.kr/CertificationSite/WA/List?page=216,02e8f3a4ab27e65bd795fa18d75ae53aa6215928d9c7b5aea94aca329890c0d7,2026-08-26T03:27:34.357056+00:00,0,0
137,한진물류 홈페이지,(주) 한진,http://www.kwacc.or.kr/CertificationSite/WA/137/Detail?page=216,http://gls.hanjin.co.kr,EXPIRED,2015-03-12,2016-03-11,216,8,http://www.kwacc.or.kr/CertificationSite/WA/List?page=216,02e8f3a4ab27e65bd795fa18d75ae53aa6215928d9c7b5aea94aca329890c0d7,2026-08-26T03:27:34.357056+00:00,0,0
136,(주) 한진 홈페이지,(주) 한진,http://www.kwacc.or.kr/CertificationSite/WA/136/Detail?page=216,http://www.hanjin.co.kr,EXPIRED,2015-03-12,2016-03-11,216,9,http://www.kwacc.or.kr/CertificationSite/WA/List?page=216,02e8f3a4ab27e65bd795fa18d75ae53aa6215928d9c7b5aea94aca329890c0d7,2026-08-26T03:27:34.357056+00:00,0,0
135,HK저축은행 홈페이지,HK저축은행,http://www.kwacc.or.kr/CertificationSite/WA/135/Detail?page=216,http://www.hksb.co.kr,EXPIRED,2015-03-11,2016-03-10,216,10,http://www.kwacc.or.kr/CertificationSite/WA/List?page=216,02e8f3a4ab27e65bd795fa18d75ae53aa6215928d9c7b5aea94aca329890c0d7,2026-08-26T03:27:34.357056+00:00,0,0
148,CJ제일제당 홈페이지,씨제이제일제당 (주),http://www.kwacc.or.kr/CertificationSite/WA/148/Detail?page=217,http://www.cj.co.kr/cj-kr/,EXPIRED,2015-03-06,2016-03-05,217,1,http://www.kwacc.or.kr/CertificationSite/WA/List?page=217,081a5831e0ed9eaa7c3fbe307aca90fe4b8e33ba89cdfa7d5c09b89ca5faa789,2026-08-26T03:27:36.110660+00:00,0,0
134,영산대학교 홈페이지,영산대학교,http://www.kwacc.or.kr/CertificationSite/WA/134/Detail?page=217,http://www.ysu.ac.kr/,EXPIRED,2015-02-27,2016-02-26,217,2,http://www.kwacc.or.kr/CertificationSite/WA/List?page=217,081a5831e0ed9eaa7c3fbe307aca90fe4b8e33ba89cdfa7d5c09b89ca5faa789,2026-08-26T03:27:36.110660+00:00,0,0
133,더불어꿈 홈페이지,더불어꿈,http://www.kwacc.or.kr/CertificationSite/WA/133/Detail?page=217,http://www.deobuleo.co.kr,EXPIRED,2015-02-27,2016-02-26,217,3,http://www.kwacc.or.kr/CertificationSite/WA/List?page=217,081a5831e0ed9eaa7c3fbe307aca90fe4b8e33ba89cdfa7d5c09b89ca5faa789,2026-08-26T03:27:36.110660+00:00,0,0
132,ODAKOREA 홈페이지,국무조정실 개발협력정책관실,http://www.kwacc.or.kr/CertificationSite/WA/132/Detail?page=217,http://www.odakorea.go.kr,EXPIRED,2015-02-27,2016-02-26,217,4,http://www.kwacc.or.kr/CertificationSite/WA/List?page=217,081a5831e0ed9eaa7c3fbe307aca90fe4b8e33ba89cdfa7d5c09b89ca5faa789,2026-08-26T03:27:36.110660+00:00,0,0
131,메리츠캐피탈 홈페이지,메리츠캐피탈,http://www.kwacc.or.kr/CertificationSite/WA/131/Detail?page=217,http://www.meritzcapital.com,EXPIRED,2015-02-17,2016-02-16,217,5,http://www.kwacc.or.kr/CertificationSite/WA/List?page=217,081a5831e0ed9eaa7c3fbe307aca90fe4b8e33ba89cdfa7d5c09b89ca5faa789,2026-08-26T03:27:36.110660+00:00,0,0
130,경상남도밀양교육지원청 홈페이지,경상남도밀양교육지원청,http://www.kwacc.or.kr/CertificationSite/WA/130/Detail?page=217,http://gnmye.go.kr/,EXPIRED,2015-02-11,2016-02-10,217,6,http://www.kwacc.or.kr/CertificationSite/WA/List?page=217,081a5831e0ed9eaa7c3fbe307aca90fe4b8e33ba89cdfa7d5c09b89ca5faa789,2026-08-26T03:27:36.110660+00:00,0,0
129,경기도시각장애인복지관 홈페이지,경기도시각장애인복지관,http://www.kwacc.or.kr/CertificationSite/WA/129/Detail?page=217,http://gbw.or.kr,EXPIRED,2015-02-06,2016-02-05,217,7,http://www.kwacc.or.kr/CertificationSite/WA/List?page=217,081a5831e0ed9eaa7c3fbe307aca90fe4b8e33ba89cdfa7d5c09b89ca5faa789,2026-08-26T03:27:36.110660+00:00,0,0
128,김해유아체험교육원 홈페이지,김해유아체험교육원,http://www.kwacc.or.kr/CertificationSite/WA/128/Detail?page=217,http://www.ghkidsee.or.kr,EXPIRED,2015-01-23,2016-01-22,217,8,http://www.kwacc.or.kr/CertificationSite/WA/List?page=217,081a5831e0ed9eaa7c3fbe307aca90fe4b8e33ba89cdfa7d5c09b89ca5faa789,2026-08-26T03:27:36.110660+00:00,0,0
127,디자인성남 홈페이지,성남시청,http://www.kwacc.or.kr/CertificationSite/WA/127/Detail?page=217,http://design.seongnam.go.kr,EXPIRED,2015-01-22,2016-01-21,217,9,http://www.kwacc.or.kr/CertificationSite/WA/List?page=217,081a5831e0ed9eaa7c3fbe307aca90fe4b8e33ba89cdfa7d5c09b89ca5faa789,2026-08-26T03:27:36.110660+00:00,0,0
126,한국산업기술평가관리원 홈페이지,한국산업기술평가관리원,http://www.kwacc.or.kr/CertificationSite/WA/126/Detail?page=217,http://www.keit.re.kr,EXPIRED,2014-12-29,2015-12-28,217,10,http://www.kwacc.or.kr/CertificationSite/WA/List?page=217,081a5831e0ed9eaa7c3fbe307aca90fe4b8e33ba89cdfa7d5c09b89ca5faa789,2026-08-26T03:27:36.110660+00:00,0,0
124,문화재조사연구단 홈페이지,한국문화재단,http://www.kwacc.or.kr/CertificationSite/WA/124/Detail?page=218,http://www.cprc.or.kr,EXPIRED,2014-12-26,2015-12-25,218,1,http://www.kwacc.or.kr/CertificationSite/WA/List?page=218,793d5a6fadcd65ad26833af07346bbca93d0a5d1e62a71757267a9dea5c8d45f,2026-08-26T03:27:36.899847+00:00,0,0
123,MediaKor Russian 홈페이지,주식회사 엠디케이,http://www.kwacc.or.kr/CertificationSite/WA/123/Detail?page=218,http://korea.mediakor.com,EXPIRED,2014-12-26,2015-12-25,218,2,http://www.kwacc.or.kr/CertificationSite/WA/List?page=218,793d5a6fadcd65ad26833af07346bbca93d0a5d1e62a71757267a9dea5c8d45f,2026-08-26T03:27:36.899847+00:00,0,0
122,질병관리본부 해외여행질병정보센터 홈페이지,질병관리본부 해외여행질병정보센터,http://www.kwacc.or.kr/CertificationSite/WA/122/Detail?page=218,http://travelinfo.cdc.go.kr,EXPIRED,2014-12-26,2015-12-25,218,3,http://www.kwacc.or.kr/CertificationSite/WA/List?page=218,793d5a6fadcd65ad26833af07346bbca93d0a5d1e62a71757267a9dea5c8d45f,2026-08-26T03:27:36.899847+00:00,0,0
121,질병관리본부 국립검역소 홈페이지,질병관리본부 국립검역소,http://www.kwacc.or.kr/CertificationSite/WA/121/Detail?page=218,http://nqs.cdc.go.kr,EXPIRED,2014-12-26,2015-12-25,218,4,http://www.kwacc.or.kr/CertificationSite/WA/List?page=218,793d5a6fadcd65ad26833af07346bbca93d0a5d1e62a71757267a9dea5c8d45f,2026-08-26T03:27:36.899847+00:00,0,0
125,완도군청 홈페이지,완도군청,http://www.kwacc.or.kr/CertificationSite/WA/125/Detail?page=218,http://www.wando.go.kr,EXPIRED,2014-12-24,2015-12-23,218,5,http://www.kwacc.or.kr/CertificationSite/WA/List?page=218,793d5a6fadcd65ad26833af07346bbca93d0a5d1e62a71757267a9dea5c8d45f,2026-08-26T03:27:36.899847+00:00,0,0
120,양천장애인복지관 홈페이지,양천장애인복지관,http://www.kwacc.or.kr/CertificationSite/WA/120/Detail?page=218,http://www.ycsupport.or.kr,EXPIRED,2014-12-24,2015-12-23,218,6,http://www.kwacc.or.kr/CertificationSite/WA/List?page=218,793d5a6fadcd65ad26833af07346bbca93d0a5d1e62a71757267a9dea5c8d45f,2026-08-26T03:27:36.899847+00:00,0,0
119,환경신기술정보시스템 홈페이지,한국환경산업기술원,http://www.kwacc.or.kr/CertificationSite/WA/119/Detail?page=218,http://koetv.or.kr,EXPIRED,2014-12-23,2015-12-22,218,7,http://www.kwacc.or.kr/CertificationSite/WA/List?page=218,793d5a6fadcd65ad26833af07346bbca93d0a5d1e62a71757267a9dea5c8d45f,2026-08-26T03:27:36.899847+00:00,0,0
118,울산항만공사 영문 홈페이지,울산항만공사,http://www.kwacc.or.kr/CertificationSite/WA/118/Detail?page=218,https://www.upa.or.kr/index/IndexAction.do?cmd=EngIndex,EXPIRED,2014-12-22,2015-12-21,218,8,http://www.kwacc.or.kr/CertificationSite/WA/List?page=218,793d5a6fadcd65ad26833af07346bbca93d0a5d1e62a71757267a9dea5c8d45f,2026-08-26T03:27:36.899847+00:00,0,0
117,울산항만공사 국문 홈페이지,울산항만공사,http://www.kwacc.or.kr/CertificationSite/WA/117/Detail?page=218,https://www.upa.or.kr,EXPIRED,2014-12-22,2015-12-21,218,9,http://www.kwacc.or.kr/CertificationSite/WA/List?page=218,793d5a6fadcd65ad26833af07346bbca93d0a5d1e62a71757267a9dea5c8d45f,2026-08-26T03:27:36.899847+00:00,0,0
116,현대카드 카드신청 Micro-site,현대카드 (주),http://www.kwacc.or.kr/CertificationSite/WA/116/Detail?page=218,https://card.hyundaicard.com,EXPIRED,2014-12-19,2015-12-18,218,10,http://www.kwacc.or.kr/CertificationSite/WA/List?page=218,793d5a6fadcd65ad26833af07346bbca93d0a5d1e62a71757267a9dea5c8d45f,2026-08-26T03:27:36.899847+00:00,0,0
115,법제처 대표 홈페이지,법제처,http://www.kwacc.or.kr/CertificationSite/WA/115/Detail?page=219,http://www.moleg.go.kr,EXPIRED,2014-12-18,2015-12-17,219,1,http://www.kwacc.or.kr/CertificationSite/WA/List?page=219,9243ef585c4f28fd6f131523e02f1862a4f0478122f35d8c4661f0f220af124a,2026-08-26T03:27:37.728558+00:00,0,0
114,주택관리공단 홈페이지,주택관리공단 (주),http://www.kwacc.or.kr/CertificationSite/WA/114/Detail?page=219,http://www.kohom.co.kr,EXPIRED,2014-12-12,2015-12-11,219,2,http://www.kwacc.or.kr/CertificationSite/WA/List?page=219,9243ef585c4f28fd6f131523e02f1862a4f0478122f35d8c4661f0f220af124a,2026-08-26T03:27:37.728558+00:00,0,0
113,한국해운조합 홈페이지,한국해운조합,http://www.kwacc.or.kr/CertificationSite/WA/113/Detail?page=219,http://www.haewoon.or.kr,EXPIRED,2014-12-11,2015-12-10,219,3,http://www.kwacc.or.kr/CertificationSite/WA/List?page=219,9243ef585c4f28fd6f131523e02f1862a4f0478122f35d8c4661f0f220af124a,2026-08-26T03:27:37.728558+00:00,0,0
110,환경마크 홈페이지,한국환경산업기술원,http://www.kwacc.or.kr/CertificationSite/WA/110/Detail?page=219,http://el.keiti.re.kr,EXPIRED,2014-11-28,2015-11-27,219,4,http://www.kwacc.or.kr/CertificationSite/WA/List?page=219,9243ef585c4f28fd6f131523e02f1862a4f0478122f35d8c4661f0f220af124a,2026-08-26T03:27:37.728558+00:00,0,0
109,부산광역시청 홈페이지,부산광역시,http://www.kwacc.or.kr/CertificationSite/WA/109/Detail?page=219,http://www.busan.go.kr,EXPIRED,2014-11-28,2015-11-27,219,5,http://www.kwacc.or.kr/CertificationSite/WA/List?page=219,9243ef585c4f28fd6f131523e02f1862a4f0478122f35d8c4661f0f220af124a,2026-08-26T03:27:37.728558+00:00,0,0
108,LG전자 SmartThinQ 홈페이지,LG전자 (주),http://www.kwacc.or.kr/CertificationSite/WA/108/Detail?page=219,http://kr.smartthinq.com,EXPIRED,2014-11-28,2015-11-27,219,6,http://www.kwacc.or.kr/CertificationSite/WA/List?page=219,9243ef585c4f28fd6f131523e02f1862a4f0478122f35d8c4661f0f220af124a,2026-08-26T03:27:37.728558+00:00,0,0
107,국립공주병원 홈페이지,국립공주병원,http://www.kwacc.or.kr/CertificationSite/WA/107/Detail?page=219,http://knmh.go.kr,EXPIRED,2014-11-28,2015-11-27,219,7,http://www.kwacc.or.kr/CertificationSite/WA/List?page=219,9243ef585c4f28fd6f131523e02f1862a4f0478122f35d8c4661f0f220af124a,2026-08-26T03:27:37.728558+00:00,0,0
106,국립부곡병원 홈페이지,국립부곡병원,http://www.kwacc.or.kr/CertificationSite/WA/106/Detail?page=219,http://www.bgnmh.go.kr,EXPIRED,2014-11-28,2015-11-27,219,8,http://www.kwacc.or.kr/CertificationSite/WA/List?page=219,9243ef585c4f28fd6f131523e02f1862a4f0478122f35d8c4661f0f220af124a,2026-08-26T03:27:37.728558+00:00,0,0
105,국립춘천병원 홈페이지,국립춘천병원,http://www.kwacc.or.kr/CertificationSite/WA/105/Detail?page=219,http://cnmh.go.kr,EXPIRED,2014-11-28,2015-11-27,219,9,http://www.kwacc.or.kr/CertificationSite/WA/List?page=219,9243ef585c4f28fd6f131523e02f1862a4f0478122f35d8c4661f0f220af124a,2026-08-26T03:27:37.728558+00:00,0,0
104,세상 SK 프로보노 홈페이지,재단법인 행복나눔재단,http://www.kwacc.or.kr/CertificationSite/WA/104/Detail?page=219,http://probono.se-sang.com,EXPIRED,2014-11-27,2015-11-26,219,10,http://www.kwacc.or.kr/CertificationSite/WA/List?page=219,9243ef585c4f28fd6f131523e02f1862a4f0478122f35d8c4661f0f220af124a,2026-08-26T03:27:37.728558+00:00,0,0
103,세상 적정기술 페스트벌 홈페이지,재단법인 행복나눔재단,http://www.kwacc.or.kr/CertificationSite/WA/103/Detail?page=220,http://atfestival.se-sang.com,EXPIRED,2014-11-27,2015-11-26,220,1,http://www.kwacc.or.kr/CertificationSite/WA/List?page=220,425c8af4f8255a147e42021e24ee5ef4bd33e32282887a6e86e12ab370405e4c,2026-08-26T03:27:38.519414+00:00,0,0
102,세상 콘테스트 홈페이지,재단법인 행복나눔재단,http://www.kwacc.or.kr/CertificationSite/WA/102/Detail?page=220,http://contest.se-sang.com,EXPIRED,2014-11-27,2015-11-26,220,2,http://www.kwacc.or.kr/CertificationSite/WA/List?page=220,425c8af4f8255a147e42021e24ee5ef4bd33e32282887a6e86e12ab370405e4c,2026-08-26T03:27:38.519414+00:00,0,0
101,세상 홈페이지,재단법인 행복나눔재단,http://www.kwacc.or.kr/CertificationSite/WA/101/Detail?page=220,http://www.se-sang.com,EXPIRED,2014-11-27,2015-11-26,220,3,http://www.kwacc.or.kr/CertificationSite/WA/List?page=220,425c8af4f8255a147e42021e24ee5ef4bd33e32282887a6e86e12ab370405e4c,2026-08-26T03:27:38.519414+00:00,0,0
100,롯데재단 홈페이지,롯데재단,http://www.kwacc.or.kr/CertificationSite/WA/100/Detail?page=220,http://www.lottefoundation.or.kr,EXPIRED,2014-11-27,2015-11-26,220,4,http://www.kwacc.or.kr/CertificationSite/WA/List?page=220,425c8af4f8255a147e42021e24ee5ef4bd33e32282887a6e86e12ab370405e4c,2026-08-26T03:27:38.519414+00:00,0,0
99,꿈드래 홈페이지,(재) 한국장애인개발원,http://www.kwacc.or.kr/CertificationSite/WA/99/Detail?page=220,http://www.goods.go.kr,EXPIRED,2014-11-26,2015-11-25,220,5,http://www.kwacc.or.kr/CertificationSite/WA/List?page=220,425c8af4f8255a147e42021e24ee5ef4bd33e32282887a6e86e12ab370405e4c,2026-08-26T03:27:38.519414+00:00,0,0
98,현대 하이라이프 손해사정 홈페이지,현대하이라이프손해사정 (주),http://www.kwacc.or.kr/CertificationSite/WA/98/Detail?page=220,http://www.hi-life.co.kr,EXPIRED,2014-11-26,2015-11-25,220,6,http://www.kwacc.or.kr/CertificationSite/WA/List?page=220,425c8af4f8255a147e42021e24ee5ef4bd33e32282887a6e86e12ab370405e4c,2026-08-26T03:27:38.519414+00:00,0,0
96,대한적십자사 혈액관리본부 홈페이지,대한적십자사혈액관리본부,http://www.kwacc.or.kr/CertificationSite/WA/96/Detail?page=220,http://www.bloodinfo.net,EXPIRED,2014-11-21,2015-11-20,220,7,http://www.kwacc.or.kr/CertificationSite/WA/List?page=220,425c8af4f8255a147e42021e24ee5ef4bd33e32282887a6e86e12ab370405e4c,2026-08-26T03:27:38.519414+00:00,0,0
112,질병관리본부 국립보건연구원 홈페이지,질병관리본부 국립보건연구원,http://www.kwacc.or.kr/CertificationSite/WA/112/Detail?page=220,http://www.nih.go.kr,EXPIRED,2014-11-20,2015-11-19,220,8,http://www.kwacc.or.kr/CertificationSite/WA/List?page=220,425c8af4f8255a147e42021e24ee5ef4bd33e32282887a6e86e12ab370405e4c,2026-08-26T03:27:38.519414+00:00,0,0
111,질병관리본부 홈페이지,질병관리본부,http://www.kwacc.or.kr/CertificationSite/WA/111/Detail?page=220,http://www.cdc.go.kr,EXPIRED,2014-11-20,2015-11-19,220,9,http://www.kwacc.or.kr/CertificationSite/WA/List?page=220,425c8af4f8255a147e42021e24ee5ef4bd33e32282887a6e86e12ab370405e4c,2026-08-26T03:27:38.519414+00:00,0,0
95,이노비즈 홈페이지,(사) 중소기업기술혁신협회,http://www.kwacc.or.kr/CertificationSite/WA/95/Detail?page=220,http://www.innobiz.net,EXPIRED,2014-11-20,2015-11-19,220,10,http://www.kwacc.or.kr/CertificationSite/WA/List?page=220,425c8af4f8255a147e42021e24ee5ef4bd33e32282887a6e86e12ab370405e4c,2026-08-26T03:27:38.519414+00:00,0,0
97,삼성전자종합기술원 홈페이지,삼성전자 (주),http://www.kwacc.or.kr/CertificationSite/WA/97/Detail?page=221,http://www.sait.samsung.co.kr,EXPIRED,2014-11-19,2015-11-18,221,1,http://www.kwacc.or.kr/CertificationSite/WA/List?page=221,05e5e9f99ba1e6986ccf8fe4bed6bc0a681c27d1ffcafb57fad4629632e0c804,2026-08-26T03:27:39.311841+00:00,0,0
94,유화증권 홈페이지,유화증권,http://www.kwacc.or.kr/CertificationSite/WA/94/Detail?page=221,http://www.yhs.co.kr,EXPIRED,2014-11-19,2015-11-18,221,2,http://www.kwacc.or.kr/CertificationSite/WA/List?page=221,05e5e9f99ba1e6986ccf8fe4bed6bc0a681c27d1ffcafb57fad4629632e0c804,2026-08-26T03:27:39.311841+00:00,0,0
92,롯데타운 홈페이지,롯데타운,http://www.kwacc.or.kr/CertificationSite/WA/92/Detail?page=221,http://www.lottetown.com,EXPIRED,2014-11-18,2015-11-17,221,3,http://www.kwacc.or.kr/CertificationSite/WA/List?page=221,05e5e9f99ba1e6986ccf8fe4bed6bc0a681c27d1ffcafb57fad4629632e0c804,2026-08-26T03:27:39.311841+00:00,0,0
91,나주시청 홈페이지,나주시청,http://www.kwacc.or.kr/CertificationSite/WA/91/Detail?page=221,http://www.naju.go.kr,EXPIRED,2014-11-18,2015-11-17,221,4,http://www.kwacc.or.kr/CertificationSite/WA/List?page=221,05e5e9f99ba1e6986ccf8fe4bed6bc0a681c27d1ffcafb57fad4629632e0c804,2026-08-26T03:27:39.311841+00:00,0,0
90,현대캐피탈 홈페이지,현대캐피탈,http://www.kwacc.or.kr/CertificationSite/WA/90/Detail?page=221,http://www.hyundaicapital.com,EXPIRED,2014-11-17,2015-11-16,221,5,http://www.kwacc.or.kr/CertificationSite/WA/List?page=221,05e5e9f99ba1e6986ccf8fe4bed6bc0a681c27d1ffcafb57fad4629632e0c804,2026-08-26T03:27:39.311841+00:00,0,0
93,오송생명과학단지지원센터 홈페이지,오송생명과학단지지원센터,http://www.kwacc.or.kr/CertificationSite/WA/93/Detail?page=221,http://osong.mw.go.kr,EXPIRED,2014-11-14,2015-11-13,221,6,http://www.kwacc.or.kr/CertificationSite/WA/List?page=221,05e5e9f99ba1e6986ccf8fe4bed6bc0a681c27d1ffcafb57fad4629632e0c804,2026-08-26T03:27:39.311841+00:00,0,0
89,은평구 보건소 홈페이지,은평구 보건소,http://www.kwacc.or.kr/CertificationSite/WA/89/Detail?page=221,http://health.ep.go.kr,EXPIRED,2014-11-11,2015-11-10,221,7,http://www.kwacc.or.kr/CertificationSite/WA/List?page=221,05e5e9f99ba1e6986ccf8fe4bed6bc0a681c27d1ffcafb57fad4629632e0c804,2026-08-26T03:27:39.311841+00:00,0,0
88,은평구청 홈페이지,은평구,http://www.kwacc.or.kr/CertificationSite/WA/88/Detail?page=221,http://www.ep.go.kr,EXPIRED,2014-11-11,2015-11-10,221,8,http://www.kwacc.or.kr/CertificationSite/WA/List?page=221,05e5e9f99ba1e6986ccf8fe4bed6bc0a681c27d1ffcafb57fad4629632e0c804,2026-08-26T03:27:39.311841+00:00,0,0
87,대한민국법원 홈페이지,법원행정처,http://www.kwacc.or.kr/CertificationSite/WA/87/Detail?page=221,http://www.scourt.go.kr,EXPIRED,2014-11-10,2015-11-09,221,9,http://www.kwacc.or.kr/CertificationSite/WA/List?page=221,05e5e9f99ba1e6986ccf8fe4bed6bc0a681c27d1ffcafb57fad4629632e0c804,2026-08-26T03:27:39.311841+00:00,0,0
86,삼성이노베이션뮤지엄 홈페이지,삼성이노베이션뮤지엄,http://www.kwacc.or.kr/CertificationSite/WA/86/Detail?page=221,http://www.samsunginnovationmuseum.com,EXPIRED,2014-11-07,2015-11-06,221,10,http://www.kwacc.or.kr/CertificationSite/WA/List?page=221,05e5e9f99ba1e6986ccf8fe4bed6bc0a681c27d1ffcafb57fad4629632e0c804,2026-08-26T03:27:39.311841+00:00,0,0
85,국회예산정책처 홈페이지,국회예산정책처,http://www.kwacc.or.kr/CertificationSite/WA/85/Detail?page=222,http://www.nabo.go.kr/,EXPIRED,2014-11-03,2015-11-02,222,1,http://www.kwacc.or.kr/CertificationSite/WA/List?page=222,ab849216d52d924836c1a5c970a3aee7d887300901c6cc2ed479e53a9bc7b09b,2026-08-26T03:27:40.106381+00:00,0,0
84,T-together 홈페이지,SK텔레콤 (주),http://www.kwacc.or.kr/CertificationSite/WA/84/Detail?page=222,http://ttogether.sktelecom.com/,EXPIRED,2014-11-02,2015-11-01,222,2,http://www.kwacc.or.kr/CertificationSite/WA/List?page=222,ab849216d52d924836c1a5c970a3aee7d887300901c6cc2ed479e53a9bc7b09b,2026-08-26T03:27:40.106381+00:00,0,0
83,서울수중재활센터 홈페이지,서울수중재활센터,http://www.kwacc.or.kr/CertificationSite/WA/83/Detail?page=222,http://aqua.seoulrehab.or.kr,EXPIRED,2014-10-30,2015-10-29,222,3,http://www.kwacc.or.kr/CertificationSite/WA/List?page=222,ab849216d52d924836c1a5c970a3aee7d887300901c6cc2ed479e53a9bc7b09b,2026-08-26T03:27:40.106381+00:00,0,0
77,LG Cloud 홈페이지,(주) LG전자,http://www.kwacc.or.kr/CertificationSite/WA/77/Detail?page=222,http://lgecloud.com,EXPIRED,2014-10-23,2015-10-22,222,4,http://www.kwacc.or.kr/CertificationSite/WA/List?page=222,ab849216d52d924836c1a5c970a3aee7d887300901c6cc2ed479e53a9bc7b09b,2026-08-26T03:27:40.106381+00:00,0,0
81,KB국민카드 공통영역 홈페이지,(주) KB국민카드,http://www.kwacc.or.kr/CertificationSite/WA/81/Detail?page=222,https://customer.kbcard.com/CXCCOZZC000a.cms,EXPIRED,2014-10-17,2015-10-16,222,5,http://www.kwacc.or.kr/CertificationSite/WA/List?page=222,ab849216d52d924836c1a5c970a3aee7d887300901c6cc2ed479e53a9bc7b09b,2026-08-26T03:27:40.106381+00:00,0,0
80,KB국민카드 가맹점 홈페이지,(주) KB국민카드,http://www.kwacc.or.kr/CertificationSite/WA/80/Detail?page=222,https://biz.kbcard.com/CXEMBZZC0000.cms?czone=CXEC,EXPIRED,2014-10-17,2015-10-16,222,6,http://www.kwacc.or.kr/CertificationSite/WA/List?page=222,ab849216d52d924836c1a5c970a3aee7d887300901c6cc2ed479e53a9bc7b09b,2026-08-26T03:27:40.106381+00:00,0,0
79,KB국민카드 법인 홈페이지,(주) KB국민카드,http://www.kwacc.or.kr/CertificationSite/WA/79/Detail?page=222,https://biz.kbcard.com/CXECOZZC0000.cms,EXPIRED,2014-10-17,2015-10-16,222,7,http://www.kwacc.or.kr/CertificationSite/WA/List?page=222,ab849216d52d924836c1a5c970a3aee7d887300901c6cc2ed479e53a9bc7b09b,2026-08-26T03:27:40.106381+00:00,0,0
78,KB국민카드 개인 홈페이지,(주) KB국민카드,http://www.kwacc.or.kr/CertificationSite/WA/78/Detail?page=222,http://www.kbcard.com,EXPIRED,2014-10-17,2015-10-16,222,8,http://www.kwacc.or.kr/CertificationSite/WA/List?page=222,ab849216d52d924836c1a5c970a3aee7d887300901c6cc2ed479e53a9bc7b09b,2026-08-26T03:27:40.106381+00:00,0,0
76,한국장애인고용공단 홈페이지,한국장애인고용공단,http://www.kwacc.or.kr/CertificationSite/WA/76/Detail?page=222,http://www.kead.or.kr,EXPIRED,2014-10-14,2015-10-13,222,9,http://www.kwacc.or.kr/CertificationSite/WA/List?page=222,ab849216d52d924836c1a5c970a3aee7d887300901c6cc2ed479e53a9bc7b09b,2026-08-26T03:27:40.106381+00:00,0,0
74,국립나주병원 홈페이지,국립나주병원,http://www.kwacc.or.kr/CertificationSite/WA/74/Detail?page=222,http://www.najumh.go.kr/,EXPIRED,2014-10-14,2015-10-13,222,10,http://www.kwacc.or.kr/CertificationSite/WA/List?page=222,ab849216d52d924836c1a5c970a3aee7d887300901c6cc2ed479e53a9bc7b09b,2026-08-26T03:27:40.106381+00:00,0,0
75,현대 HDS 홈페이지,현대에이치디에스 (주),http://www.kwacc.or.kr/CertificationSite/WA/75/Detail?page=223,http://www.hyundaihds.co.kr/,EXPIRED,2014-10-10,2015-10-09,223,1,http://www.kwacc.or.kr/CertificationSite/WA/List?page=223,a46cb3fa0990e098f650fd69aefc8399c8144d016b0996693b2d96e512609679,2026-08-26T03:27:40.896128+00:00,0,0
73,SK대학생 자원봉사단 Sunny,행복나눔재단,http://www.kwacc.or.kr/CertificationSite/WA/73/Detail?page=223,http://www.besunny.com,EXPIRED,2014-10-10,2015-10-09,223,2,http://www.kwacc.or.kr/CertificationSite/WA/List?page=223,a46cb3fa0990e098f650fd69aefc8399c8144d016b0996693b2d96e512609679,2026-08-26T03:27:40.896128+00:00,0,0
72,대한제강 홈페이지,대한제강 (주),http://www.kwacc.or.kr/CertificationSite/WA/72/Detail?page=223,http://www.idaehan.com/kr/main,EXPIRED,2014-10-08,2015-10-07,223,3,http://www.kwacc.or.kr/CertificationSite/WA/List?page=223,a46cb3fa0990e098f650fd69aefc8399c8144d016b0996693b2d96e512609679,2026-08-26T03:27:40.896128+00:00,0,0
71,의성군청 홈페이지,의성군,http://www.kwacc.or.kr/CertificationSite/WA/71/Detail?page=223,http://www.usc.go.kr/,EXPIRED,2014-09-26,2015-09-25,223,4,http://www.kwacc.or.kr/CertificationSite/WA/List?page=223,a46cb3fa0990e098f650fd69aefc8399c8144d016b0996693b2d96e512609679,2026-08-26T03:27:40.896128+00:00,0,0
82,장기이식관리센터 홈페이지,질병관리본부,http://www.kwacc.or.kr/CertificationSite/WA/82/Detail?page=223,http://www.konos.go.kr,EXPIRED,2014-09-22,2015-09-21,223,5,http://www.kwacc.or.kr/CertificationSite/WA/List?page=223,a46cb3fa0990e098f650fd69aefc8399c8144d016b0996693b2d96e512609679,2026-08-26T03:27:40.896128+00:00,0,0
70,행복나눔재단 홈페이지,재단법인 행복나눔재단,http://www.kwacc.or.kr/CertificationSite/WA/70/Detail?page=223,http://www.skhappiness.org,EXPIRED,2014-09-19,2015-09-18,223,6,http://www.kwacc.or.kr/CertificationSite/WA/List?page=223,a46cb3fa0990e098f650fd69aefc8399c8144d016b0996693b2d96e512609679,2026-08-26T03:27:40.896128+00:00,0,0
69,국립마산병원 홈페이지,국립마산병원,http://www.kwacc.or.kr/CertificationSite/WA/69/Detail?page=223,http://www.nmh.go.kr/,EXPIRED,2014-09-19,2015-09-18,223,7,http://www.kwacc.or.kr/CertificationSite/WA/List?page=223,a46cb3fa0990e098f650fd69aefc8399c8144d016b0996693b2d96e512609679,2026-08-26T03:27:40.896128+00:00,0,0
68,삼성전자 승마단 홈페이지,삼성전자 (주),http://www.kwacc.or.kr/CertificationSite/WA/68/Detail?page=223,https://horse.samsung.com,EXPIRED,2014-09-12,2015-09-11,223,8,http://www.kwacc.or.kr/CertificationSite/WA/List?page=223,a46cb3fa0990e098f650fd69aefc8399c8144d016b0996693b2d96e512609679,2026-08-26T03:27:40.896128+00:00,0,0
67,휴먼테크논문대상 홈페이지,삼성전자 (주),http://www.kwacc.or.kr/CertificationSite/WA/67/Detail?page=223,http://humantech.samsung.com,EXPIRED,2014-09-04,2015-09-03,223,9,http://www.kwacc.or.kr/CertificationSite/WA/List?page=223,a46cb3fa0990e098f650fd69aefc8399c8144d016b0996693b2d96e512609679,2026-08-26T03:27:40.896128+00:00,0,0
66,부산문화관광 홈페이지,부산광역시,http://www.kwacc.or.kr/CertificationSite/WA/66/Detail?page=223,http://tour.busan.go.kr/index.busan,EXPIRED,2014-08-29,2015-08-28,223,10,http://www.kwacc.or.kr/CertificationSite/WA/List?page=223,a46cb3fa0990e098f650fd69aefc8399c8144d016b0996693b2d96e512609679,2026-08-26T03:27:40.896128+00:00,0,0
65,롯데그룹 영문 홈페이지,롯데쇼핑(주),http://www.kwacc.or.kr/CertificationSite/WA/65/Detail?page=224,http://www.lotte.co.kr/eng/index.jsp,EXPIRED,2014-08-29,2015-08-28,224,1,http://www.kwacc.or.kr/CertificationSite/WA/List?page=224,7db4b4f46a5bde54786e64ffe46f27db644efa178e70a0b9979419c7a3d299c2,2026-08-26T03:27:41.685503+00:00,0,0
64,롯데그룹 국문 홈페이지,롯데쇼핑(주),http://www.kwacc.or.kr/CertificationSite/WA/64/Detail?page=224,http://www.lotte.co.kr/index.jsp,EXPIRED,2014-08-29,2015-08-28,224,2,http://www.kwacc.or.kr/CertificationSite/WA/List?page=224,7db4b4f46a5bde54786e64ffe46f27db644efa178e70a0b9979419c7a3d299c2,2026-08-26T03:27:41.685503+00:00,0,0
63,보건복지부 기초연금,보건복지부,http://www.kwacc.or.kr/CertificationSite/WA/63/Detail?page=224,http://basicpension.mw.go.kr,EXPIRED,2014-08-25,2015-08-24,224,3,http://www.kwacc.or.kr/CertificationSite/WA/List?page=224,7db4b4f46a5bde54786e64ffe46f27db644efa178e70a0b9979419c7a3d299c2,2026-08-26T03:27:41.685503+00:00,0,0
62,교보문고 전자도서관 홈페이지,(주) 교보문고,http://www.kwacc.or.kr/CertificationSite/WA/62/Detail?page=224,http://ebook.dkyobobook.co.kr,EXPIRED,2014-08-20,2015-08-19,224,4,http://www.kwacc.or.kr/CertificationSite/WA/List?page=224,7db4b4f46a5bde54786e64ffe46f27db644efa178e70a0b9979419c7a3d299c2,2026-08-26T03:27:41.685503+00:00,0,0
59,국립소록도병원 홈페이지,국립소록도병원,http://www.kwacc.or.kr/CertificationSite/WA/59/Detail?page=224,http://sorokdo.go.kr,EXPIRED,2014-08-14,2015-08-13,224,5,http://www.kwacc.or.kr/CertificationSite/WA/List?page=224,7db4b4f46a5bde54786e64ffe46f27db644efa178e70a0b9979419c7a3d299c2,2026-08-26T03:27:41.685503+00:00,0,0
58,국립재활원 홈페이지,국립재활원,http://www.kwacc.or.kr/CertificationSite/WA/58/Detail?page=224,http://nrc.go.kr,EXPIRED,2014-08-14,2015-08-13,224,6,http://www.kwacc.or.kr/CertificationSite/WA/List?page=224,7db4b4f46a5bde54786e64ffe46f27db644efa178e70a0b9979419c7a3d299c2,2026-08-26T03:27:41.685503+00:00,0,0
57,5·18 기념재단 홈페이지,재단법인 5·18 기념재단,http://www.kwacc.or.kr/CertificationSite/WA/57/Detail?page=224,http://518.org,EXPIRED,2014-08-14,2015-08-13,224,7,http://www.kwacc.or.kr/CertificationSite/WA/List?page=224,7db4b4f46a5bde54786e64ffe46f27db644efa178e70a0b9979419c7a3d299c2,2026-08-26T03:27:41.685503+00:00,0,0
61,대구시설관리공단 이동지원센터 홈페이지,대구광역시 시설관리공단,http://www.kwacc.or.kr/CertificationSite/WA/61/Detail?page=224,http://www.nadricall.or.kr,EXPIRED,2014-08-08,2015-08-07,224,8,http://www.kwacc.or.kr/CertificationSite/WA/List?page=224,7db4b4f46a5bde54786e64ffe46f27db644efa178e70a0b9979419c7a3d299c2,2026-08-26T03:27:41.685503+00:00,0,0
60,LG SmartWorld 홈페이지,엘지전자 (주),http://www.kwacc.or.kr/CertificationSite/WA/60/Detail?page=224,http://kr.lgworld.com,EXPIRED,2014-08-04,2015-08-03,224,9,http://www.kwacc.or.kr/CertificationSite/WA/List?page=224,7db4b4f46a5bde54786e64ffe46f27db644efa178e70a0b9979419c7a3d299c2,2026-08-26T03:27:41.685503+00:00,0,0
56,롯데그룹채용 홈페이지,롯데정보통신 (주),http://www.kwacc.or.kr/CertificationSite/WA/56/Detail?page=224,http://job.lotte.co.kr,EXPIRED,2014-07-22,2015-07-21,224,10,http://www.kwacc.or.kr/CertificationSite/WA/List?page=224,7db4b4f46a5bde54786e64ffe46f27db644efa178e70a0b9979419c7a3d299c2,2026-08-26T03:27:41.685503+00:00,0,0
53,라자드코리아자산운용,라자드코리아자산운용 (주),http://www.kwacc.or.kr/CertificationSite/WA/53/Detail?page=225,http://www.lkam.co.kr,EXPIRED,2014-07-17,2015-07-16,225,1,http://www.kwacc.or.kr/CertificationSite/WA/List?page=225,fb2ffd7e1938039c318ef3ace21ecbb886b9a88e0ac10ecbfab4e59bbb511891,2026-08-26T03:27:42.487465+00:00,0,0
52,성북장애인복지관 홈페이지,성북장애인복지관,http://www.kwacc.or.kr/CertificationSite/WA/52/Detail?page=225,http://sb.sgwon.or.kr,EXPIRED,2014-07-17,2015-07-16,225,2,http://www.kwacc.or.kr/CertificationSite/WA/List?page=225,fb2ffd7e1938039c318ef3ace21ecbb886b9a88e0ac10ecbfab4e59bbb511891,2026-08-26T03:27:42.487465+00:00,0,0
54,경영혁신플랫폼,중소기업기술정보진흥원,http://www.kwacc.or.kr/CertificationSite/WA/54/Detail?page=225,https://www.smplatform.go.kr,EXPIRED,2014-07-15,2015-07-14,225,3,http://www.kwacc.or.kr/CertificationSite/WA/List?page=225,fb2ffd7e1938039c318ef3ace21ecbb886b9a88e0ac10ecbfab4e59bbb511891,2026-08-26T03:27:42.487465+00:00,0,0
50,신한카드 탑스클럽,신한카드 주식회사,http://www.kwacc.or.kr/CertificationSite/WA/50/Detail?page=225,https://tops.shinhancard.com,EXPIRED,2014-07-15,2015-07-14,225,4,http://www.kwacc.or.kr/CertificationSite/WA/List?page=225,fb2ffd7e1938039c318ef3ace21ecbb886b9a88e0ac10ecbfab4e59bbb511891,2026-08-26T03:27:42.487465+00:00,0,0
49,신한카드 가맹점,신한카드 주식회사,http://www.kwacc.or.kr/CertificationSite/WA/49/Detail?page=225,https://www.shinhancard.com/conts/store/main.jsp,EXPIRED,2014-07-15,2015-07-14,225,5,http://www.kwacc.or.kr/CertificationSite/WA/List?page=225,fb2ffd7e1938039c318ef3ace21ecbb886b9a88e0ac10ecbfab4e59bbb511891,2026-08-26T03:27:42.487465+00:00,0,0
48,신한카드 법인,신한카드 주식회사,http://www.kwacc.or.kr/CertificationSite/WA/48/Detail?page=225,https://www.shinhancard.com/conts/corporation/main,EXPIRED,2014-07-15,2015-07-14,225,6,http://www.kwacc.or.kr/CertificationSite/WA/List?page=225,fb2ffd7e1938039c318ef3ace21ecbb886b9a88e0ac10ecbfab4e59bbb511891,2026-08-26T03:27:42.487465+00:00,0,0
47,신한카드 개인,신한카드 주식회사,http://www.kwacc.or.kr/CertificationSite/WA/47/Detail?page=225,https://www.shinhancard.com/conts/person/main.jsp,EXPIRED,2014-07-15,2015-07-14,225,7,http://www.kwacc.or.kr/CertificationSite/WA/List?page=225,fb2ffd7e1938039c318ef3ace21ecbb886b9a88e0ac10ecbfab4e59bbb511891,2026-08-26T03:27:42.487465+00:00,0,0
46,마음더하기 정책포털,보건복지부,http://www.kwacc.or.kr/CertificationSite/WA/46/Detail?page=225,http://momplus.mw.go.kr/,EXPIRED,2014-07-15,2015-07-14,225,8,http://www.kwacc.or.kr/CertificationSite/WA/List?page=225,fb2ffd7e1938039c318ef3ace21ecbb886b9a88e0ac10ecbfab4e59bbb511891,2026-08-26T03:27:42.487465+00:00,0,0
55,LG Smart World(TV),엘지전자 (주),http://www.kwacc.or.kr/CertificationSite/WA/55/Detail?page=225,http://kr.lgappstv.com,EXPIRED,2014-07-09,2015-07-08,225,9,http://www.kwacc.or.kr/CertificationSite/WA/List?page=225,fb2ffd7e1938039c318ef3ace21ecbb886b9a88e0ac10ecbfab4e59bbb511891,2026-08-26T03:27:42.487465+00:00,0,0
51,의약품관리종합정보센터,건강보험심사평가원,http://www.kwacc.or.kr/CertificationSite/WA/51/Detail?page=225,http://www.kpis.or.kr,EXPIRED,2014-07-02,2015-07-01,225,10,http://www.kwacc.or.kr/CertificationSite/WA/List?page=225,fb2ffd7e1938039c318ef3ace21ecbb886b9a88e0ac10ecbfab4e59bbb511891,2026-08-26T03:27:42.487465+00:00,0,0
45,중소기업청 홈페이지,중소기업청,http://www.kwacc.or.kr/CertificationSite/WA/45/Detail?page=226,http://www.smba.go.kr,EXPIRED,2014-06-20,2015-06-19,226,1,http://www.kwacc.or.kr/CertificationSite/WA/List?page=226,619a7bf681c513af162224562f62bcad4e8676758045f77ca6d5c4d85ccb20d8,2026-08-26T03:27:43.282751+00:00,0,0
42,LG 시스템 에어컨 홈페이지,엘지전자 (주),http://www.kwacc.or.kr/CertificationSite/WA/42/Detail?page=226,http://kr.lgeaircon.com,EXPIRED,2014-06-20,2015-06-19,226,2,http://www.kwacc.or.kr/CertificationSite/WA/List?page=226,619a7bf681c513af162224562f62bcad4e8676758045f77ca6d5c4d85ccb20d8,2026-08-26T03:27:43.282751+00:00,0,0
43,삼진제약 홈페이지,삼진제약 (주),http://www.kwacc.or.kr/CertificationSite/WA/43/Detail?page=226,http://www.samjinpharm.co.kr,EXPIRED,2014-06-18,2015-06-17,226,3,http://www.kwacc.or.kr/CertificationSite/WA/List?page=226,619a7bf681c513af162224562f62bcad4e8676758045f77ca6d5c4d85ccb20d8,2026-08-26T03:27:43.282751+00:00,0,0
41,국립서울병원 홈페이지,국립서울병원,http://www.kwacc.or.kr/CertificationSite/WA/41/Detail?page=226,http://snmh.go.kr,EXPIRED,2014-06-13,2015-06-12,226,4,http://www.kwacc.or.kr/CertificationSite/WA/List?page=226,619a7bf681c513af162224562f62bcad4e8676758045f77ca6d5c4d85ccb20d8,2026-08-26T03:27:43.282751+00:00,0,0
40,국립목포병원 홈페이지,국립목포병원,http://www.kwacc.or.kr/CertificationSite/WA/40/Detail?page=226,http://tbmokpo.go.kr/,EXPIRED,2014-06-13,2015-06-12,226,5,http://www.kwacc.or.kr/CertificationSite/WA/List?page=226,619a7bf681c513af162224562f62bcad4e8676758045f77ca6d5c4d85ccb20d8,2026-08-26T03:27:43.282751+00:00,0,0
44,경기중소기업종합지원센터,재) 경기중소기업종합지원센터,http://www.kwacc.or.kr/CertificationSite/WA/44/Detail?page=226,http://www.gsbc.or.kr,EXPIRED,2014-06-09,2015-06-08,226,6,http://www.kwacc.or.kr/CertificationSite/WA/List?page=226,619a7bf681c513af162224562f62bcad4e8676758045f77ca6d5c4d85ccb20d8,2026-08-26T03:27:43.282751+00:00,0,0
38,여수시청 홈페이지,여수시,http://www.kwacc.or.kr/CertificationSite/WA/38/Detail?page=226,http://www.yeosu.go.kr/,EXPIRED,2014-06-04,2015-06-03,226,7,http://www.kwacc.or.kr/CertificationSite/WA/List?page=226,619a7bf681c513af162224562f62bcad4e8676758045f77ca6d5c4d85ccb20d8,2026-08-26T03:27:43.282751+00:00,0,0
39,롯데캐피탈 홈페이지,롯데캐피탈 (주),http://www.kwacc.or.kr/CertificationSite/WA/39/Detail?page=226,http://www.lottecap.com,EXPIRED,2014-06-02,2015-06-01,226,8,http://www.kwacc.or.kr/CertificationSite/WA/List?page=226,619a7bf681c513af162224562f62bcad4e8676758045f77ca6d5c4d85ccb20d8,2026-08-26T03:27:43.282751+00:00,0,0
37,메리츠화재 대표 홈페이지,메리츠화재해상보험주식회사,http://www.kwacc.or.kr/CertificationSite/WA/37/Detail?page=226,http://www.meritzfire.com/,EXPIRED,2014-05-29,2015-05-28,226,9,http://www.kwacc.or.kr/CertificationSite/WA/List?page=226,619a7bf681c513af162224562f62bcad4e8676758045f77ca6d5c4d85ccb20d8,2026-08-26T03:27:43.282751+00:00,0,0
32,Kinder 홈페이지,페레로 아시아 리미티드 한국지점,http://www.kwacc.or.kr/CertificationSite/WA/32/Detail?page=226,http://quality.kinder.kr/ko/,EXPIRED,2014-05-27,2015-05-26,226,10,http://www.kwacc.or.kr/CertificationSite/WA/List?page=226,619a7bf681c513af162224562f62bcad4e8676758045f77ca6d5c4d85ccb20d8,2026-08-26T03:27:43.282751+00:00,0,0
35,서울시보조공학서비스센터 홈페이지,서울시보조공학서비스센터,http://www.kwacc.or.kr/CertificationSite/WA/35/Detail?page=227,http://www.seoulats.or.kr,EXPIRED,2014-05-22,2015-05-21,227,1,http://www.kwacc.or.kr/CertificationSite/WA/List?page=227,7383ddd636082a34f7a4c531ecdd195f17fa5e9ce0bc4d1d183d96ecff8cf8c3,2026-08-26T03:27:44.073855+00:00,0,0
34,음식물 쓰레기 종량제 사용자 홈페이지,(주) 청호컴넷,http://www.kwacc.or.kr/CertificationSite/WA/34/Detail?page=227,http://fg.chunghocomnet.com/fguser/,EXPIRED,2014-05-20,2015-05-19,227,2,http://www.kwacc.or.kr/CertificationSite/WA/List?page=227,7383ddd636082a34f7a4c531ecdd195f17fa5e9ce0bc4d1d183d96ecff8cf8c3,2026-08-26T03:27:44.073855+00:00,0,0
33,한국산업기술진흥원 홈페이지,한국산업기술진흥원,http://www.kwacc.or.kr/CertificationSite/WA/33/Detail?page=227,http://www.kiat.or.kr,EXPIRED,2014-05-16,2015-05-15,227,3,http://www.kwacc.or.kr/CertificationSite/WA/List?page=227,7383ddd636082a34f7a4c531ecdd195f17fa5e9ce0bc4d1d183d96ecff8cf8c3,2026-08-26T03:27:44.073855+00:00,0,0
27,보건복지부 홈페이지,보건복지부,http://www.kwacc.or.kr/CertificationSite/WA/27/Detail?page=227,보건복지부 홈페이지,EXPIRED,2014-05-16,2015-05-15,227,4,http://www.kwacc.or.kr/CertificationSite/WA/List?page=227,7383ddd636082a34f7a4c531ecdd195f17fa5e9ce0bc4d1d183d96ecff8cf8c3,2026-08-26T03:27:44.073855+00:00,0,0
28,Social LG전자 블로그,엘지전자 (주),http://www.kwacc.or.kr/CertificationSite/WA/28/Detail?page=227,http://social.lge.co.kr,EXPIRED,2014-05-12,2015-05-11,227,5,http://www.kwacc.or.kr/CertificationSite/WA/List?page=227,7383ddd636082a34f7a4c531ecdd195f17fa5e9ce0bc4d1d183d96ecff8cf8c3,2026-08-26T03:27:44.073855+00:00,0,0
31,중앙입양원 홈페이지,중앙입양원,http://www.kwacc.or.kr/CertificationSite/WA/31/Detail?page=227,http://www.kadoption.or.kr,EXPIRED,2014-05-09,2015-05-08,227,6,http://www.kwacc.or.kr/CertificationSite/WA/List?page=227,7383ddd636082a34f7a4c531ecdd195f17fa5e9ce0bc4d1d183d96ecff8cf8c3,2026-08-26T03:27:44.073855+00:00,0,0
30,서울시 도시기반시설본분의 건설알림이 홈페이지,서울특별시 도시기반시설본부,http://www.kwacc.or.kr/CertificationSite/WA/30/Detail?page=227,http://cis.seoul.go.kr,EXPIRED,2014-05-09,2015-05-08,227,7,http://www.kwacc.or.kr/CertificationSite/WA/List?page=227,7383ddd636082a34f7a4c531ecdd195f17fa5e9ce0bc4d1d183d96ecff8cf8c3,2026-08-26T03:27:44.073855+00:00,0,0
36,메리츠화재 다이렉트 홈페이지,메리츠화재해상보험주식회사,http://www.kwacc.or.kr/CertificationSite/WA/36/Detail?page=227,http://www.meritzdirect.com/,EXPIRED,2014-05-08,2015-05-07,227,8,http://www.kwacc.or.kr/CertificationSite/WA/List?page=227,7383ddd636082a34f7a4c531ecdd195f17fa5e9ce0bc4d1d183d96ecff8cf8c3,2026-08-26T03:27:44.073855+00:00,0,0
29,서울장애인종합복지관 홈페이지,서울시립장애인종합복지관,http://www.kwacc.or.kr/CertificationSite/WA/29/Detail?page=227,http://www.seoulrehab.or.kr,EXPIRED,2014-05-02,2015-05-01,227,9,http://www.kwacc.or.kr/CertificationSite/WA/List?page=227,7383ddd636082a34f7a4c531ecdd195f17fa5e9ce0bc4d1d183d96ecff8cf8c3,2026-08-26T03:27:44.073855+00:00,0,0
20,우체국 택배 홈페이지,인터넷우체국,http://www.kwacc.or.kr/CertificationSite/WA/20/Detail?page=227,http://parcel.epost.go.kr,EXPIRED,2014-04-28,2015-04-27,227,10,http://www.kwacc.or.kr/CertificationSite/WA/List?page=227,7383ddd636082a34f7a4c531ecdd195f17fa5e9ce0bc4d1d183d96ecff8cf8c3,2026-08-26T03:27:44.073855+00:00,0,0
26,충북교육 ★ 스타뉴스 홈페이지,충청북도교육청,http://www.kwacc.or.kr/CertificationSite/WA/26/Detail?page=228,http://newsstar.cbe.go.kr,EXPIRED,2014-04-21,2015-04-20,228,1,http://www.kwacc.or.kr/CertificationSite/WA/List?page=228,010c9ed5cb3f903836a61d1d33017d595ddbeb971a27072e2b85fd6e70fb2b33,2026-08-26T03:27:44.858896+00:00,0,0
23,국회도서관 홈페이지,국회도서관,http://www.kwacc.or.kr/CertificationSite/WA/23/Detail?page=228,http://www.nanet.go.kr/,EXPIRED,2014-04-21,2015-04-20,228,2,http://www.kwacc.or.kr/CertificationSite/WA/List?page=228,010c9ed5cb3f903836a61d1d33017d595ddbeb971a27072e2b85fd6e70fb2b33,2026-08-26T03:27:44.858896+00:00,0,0
24,국민건강영양조사 홈페이지,질병관리본부,http://www.kwacc.or.kr/CertificationSite/WA/24/Detail?page=228,https://knhanes.cdc.go.kr/,EXPIRED,2014-04-15,2015-04-14,228,3,http://www.kwacc.or.kr/CertificationSite/WA/List?page=228,010c9ed5cb3f903836a61d1d33017d595ddbeb971a27072e2b85fd6e70fb2b33,2026-08-26T03:27:44.858896+00:00,0,0
25,국립중앙도서관 홈페이지,국립중앙도서관,http://www.kwacc.or.kr/CertificationSite/WA/25/Detail?page=228,국립중앙도서관 홈페이지,EXPIRED,2014-04-14,2015-04-13,228,4,http://www.kwacc.or.kr/CertificationSite/WA/List?page=228,010c9ed5cb3f903836a61d1d33017d595ddbeb971a27072e2b85fd6e70fb2b33,2026-08-26T03:27:44.858896+00:00,0,0
17,EBS 장애인 서비스 홈페이지,한국교육방송공사,http://www.kwacc.or.kr/CertificationSite/WA/17/Detail?page=228,http://www.ebs.co.kr/free,EXPIRED,2014-04-10,2015-04-09,228,5,http://www.kwacc.or.kr/CertificationSite/WA/List?page=228,010c9ed5cb3f903836a61d1d33017d595ddbeb971a27072e2b85fd6e70fb2b33,2026-08-26T03:27:44.858896+00:00,0,0
16,삼성전자 비즈니스 가이드라인 홈페이지,삼성전자 (주),http://www.kwacc.or.kr/CertificationSite/WA/16/Detail?page=228,http://sec-bizguide.com,EXPIRED,2014-04-08,2015-04-07,228,6,http://www.kwacc.or.kr/CertificationSite/WA/List?page=228,010c9ed5cb3f903836a61d1d33017d595ddbeb971a27072e2b85fd6e70fb2b33,2026-08-26T03:27:44.858896+00:00,0,0
15,삼성전자 윤리경영 홈페이지,삼성전자 (주),http://www.kwacc.or.kr/CertificationSite/WA/15/Detail?page=228,http://sec-audit.com,EXPIRED,2014-04-08,2015-04-07,228,7,http://www.kwacc.or.kr/CertificationSite/WA/List?page=228,010c9ed5cb3f903836a61d1d33017d595ddbeb971a27072e2b85fd6e70fb2b33,2026-08-26T03:27:44.858896+00:00,0,0
14,강원지방경찰청 홈페이지,강원지방경찰청,http://www.kwacc.or.kr/CertificationSite/WA/14/Detail?page=228,http://www.gwpolice.go.kr,EXPIRED,2014-03-31,2015-03-30,228,8,http://www.kwacc.or.kr/CertificationSite/WA/List?page=228,010c9ed5cb3f903836a61d1d33017d595ddbeb971a27072e2b85fd6e70fb2b33,2026-08-26T03:27:44.858896+00:00,0,0
13,한국국제보건의료재단 홈페이지,한국국제보건의료재단,http://www.kwacc.or.kr/CertificationSite/WA/13/Detail?page=228,http://www.kofih.org,EXPIRED,2014-03-31,2015-03-30,228,9,http://www.kwacc.or.kr/CertificationSite/WA/List?page=228,010c9ed5cb3f903836a61d1d33017d595ddbeb971a27072e2b85fd6e70fb2b33,2026-08-26T03:27:44.858896+00:00,0,0
12,국립망향의동산관리원 홈페이지,국립망향의동산관리원,http://www.kwacc.or.kr/CertificationSite/WA/12/Detail?page=228,http://nmhc.mw.go.kr,EXPIRED,2014-03-21,2015-03-20,228,10,http://www.kwacc.or.kr/CertificationSite/WA/List?page=228,010c9ed5cb3f903836a61d1d33017d595ddbeb971a27072e2b85fd6e70fb2b33,2026-08-26T03:27:44.858896+00:00,0,0
11,보성녹차관 홈페이지,보성군청,http://www.kwacc.or.kr/CertificationSite/WA/11/Detail?page=229,http://www.greenbs.kr,EXPIRED,2014-03-21,2015-03-20,229,1,http://www.kwacc.or.kr/CertificationSite/WA/List?page=229,c071216ad2b36cdf70695a2b63f8822be87a1330cd3f13b2e4e533c90a9d9555,2026-08-26T03:27:45.655600+00:00,0,0
10,CJ 제일제당 대표 홈페이지,씨제이제일제당 (주),http://www.kwacc.or.kr/CertificationSite/WA/10/Detail?page=229,http://www.cj.co.kr,EXPIRED,2014-03-06,2015-03-05,229,2,http://www.kwacc.or.kr/CertificationSite/WA/List?page=229,c071216ad2b36cdf70695a2b63f8822be87a1330cd3f13b2e4e533c90a9d9555,2026-08-26T03:27:45.655600+00:00,0,0
1812,-,-,http://www.kwacc.or.kr/CertificationSite/WA/1812/Detail?page=229,-,EXPIRED,,,229,3,http://www.kwacc.or.kr/CertificationSite/WA/List?page=229,c071216ad2b36cdf70695a2b63f8822be87a1330cd3f13b2e4e533c90a9d9555,2026-08-26T03:27:45.655600+00:00,0,0
