wtg,run_dir,observation_id,prior_archetype,prior_business_domain,prior_service,prior_url,dom_found,title,meta_description,headings,landmarks,nav_links,buttons,aria_labels,placeholders,form_labels,input_names,card_texts,url_tokens,text_blob,blob_chars,blob_tokens
054d78ed187cdd9f,e001_full-wtg_054d78ed187cdd9f-2026-08-27T051944913397Z,07ca02fc2c5ec2fee799ccab6971acad,ITEM_DETAIL,SHOPPING_COMMERCE,쿠팡이츠,https://www.coupangeats.com/,1,"더 좋은 식사의 시작, 쿠팡이츠 - 쿠팡이츠",쿠팡 와우회원은 쿠팡이츠 매 주문 배달비 0원! 블루리본 맛집부터 우리동네 맛집까지 배달비 0원 중복할인으로 즐기세요! | 사장님 입점 문의 1600-9827,와우 전용 신규 혜택 | 하나만 담아도 배달비 0원! | 빠르고 정확한 쿠팡이츠​ 배달비 0원으로 만나보세요! | 매 주문 배달비 0원 | 하나만 담아도 OK! | 중복할인 | Better Eats Better Life | 더 좋은 경험을 위한​ 쿠팡이츠의 새로운 시도 | 간편한 포장 & 픽업 | 실시간 배달 경로 확인 | 쉽고 편한 원터치 결제 | 쿠팡이츠와 함께하는 스토어,배달파트너 신청 사장님 입점 문의 브랜드 스토리 앱 다운로드 앱 다운로드 Select Page 배달파트너 신청 사장님 입점 문의 브랜드 스토리 앱 다운로드 앱 다운로드 | 배달파트너 신청 사장님 입점 문의 브랜드 스토리 앱 다운로드 앱 다운로드 | 배달파트너 신청 사장님 입점 문의 브랜드 스토리 배달파트너 신청 사장님 입점 문의 브랜드 스토리 앱 다운로드 | 배달파트너 신청 사장님 입점 문의 브랜드 스토리,배달파트너 신청 | 사장님 입점 문의 | 브랜드 스토리 | 앱 다운로드,,Menu | Menu Toggle | Image Carousel | 19 / 21 | 20 / 21 | 21 / 21 | 1 / 21 | 2 / 21 | 3 / 21 | 4 / 21 | 5 / 21 | 6 / 21 | 7 / 21 | 8 / 21 | 9 / 21 | 10 / 21 | 11 / 21 | 12 / 21 | 13 / 21 | 14 / 21 | 15 / 21 | 16 / 21 | 17 / 21 | 18 / 21,,,,배달파트너 신청 | 사장님 입점 문의 | 브랜드 스토리 | 앱 다운로드,https www coupangeats com,"더 좋은 식사의 시작, 쿠팡이츠 - 쿠팡이츠 
 쿠팡 와우회원은 쿠팡이츠 매 주문 배달비 0원! 블루리본 맛집부터 우리동네 맛집까지 배달비 0원 중복할인으로 즐기세요! | 사장님 입점 문의 1600-9827 
 와우 전용 신규 혜택 | 하나만 담아도 배달비 0원! | 빠르고 정확한 쿠팡이츠​ 배달비 0원으로 만나보세요! | 매 주문 배달비 0원 | 하나만 담아도 OK! | 중복할인 | Better Eats Better Life | 더 좋은 경험을 위한​ 쿠팡이츠의 새로운 시도 | 간편한 포장 & 픽업 | 실시간 배달 경로 확인 | 쉽고 편한 원터치 결제 | 쿠팡이츠와 함께하는 스토어 
 배달파트너 신청 사장님 입점 문의 브랜드 스토리 앱 다운로드 앱 다운로드 Select Page 배달파트너 신청 사장님 입점 문의 브랜드 스토리 앱 다운로드 앱 다운로드 | 배달파트너 신청 사장님 입점 문의 브랜드 스토리 앱 다운로드 앱 다운로드 | 배달파트너 신청 사장님 입점 문의 브랜드 스토리 배달파트너 신청 사장님 입점 문의 브랜드 스토리 앱 다운로드 | 배달파트너 신청 사장님 입점 문의 브랜드 스토리 
 배달파트너 신청 | 사장님 입점 문의 | 브랜드 스토리 | 앱 다운로드 
 Menu | Menu Toggle | Image Carousel | 19 / 21 | 20 / 21 | 21 / 21 | 1 / 21 | 2 / 21 | 3 / 21 | 4 / 21 | 5 / 21 | 6 / 21 | 7 / 21 | 8 / 21 | 9 / 21 | 10 / 21 | 11 / 21 | 12 / 21 | 13 / 21 | 14 / 21 | 15 / 21 | 16 / 21 | 17 / 21 | 18 / 21 
 배달파트너 신청 | 사장님 입점 문의 | 브랜드 스토리 | 앱 다운로드 
 https www coupangeats com",911,200
088809bf9b31bc6a,e001_full-wtg_088809bf9b31bc6a-2026-08-27T052011572224Z,d2310fab51ea781ea00323f4fad792fd,FINANCIAL_ACTION_ENTRY,FINANCE_PAYMENT,삼성카드,https://www.samsungcard.com/,1,삼성카드,"진짜 나를 담은 카드, 삼성카드입니다.",전체메뉴 | 자산관리 | 명세서 | 이용내역 | 이용한도 | 카드대금 결제 | 개인정보 | 카드정보 | 서류간편발급 | 이벤트 | 카드 혜택 | LINK | 포인트 | 정부지원 사업 | 혜택 가맹점 | 라운지 | 카드안내 | 카드신청 | 기프트카드 | 대출 | 챗봇용_정회원(웹회원)_로그인 권한 | 챗봇용_정회원(웹회원)_바로링크 권한 | 할부금융 | 납부 | 구독,"개인사업자 법인 가맹점 금융소비자보호 상품공시실 로그인 회원가입 SAMSUNG CARD 마이 혜택 카드안내/신청 금융 정기결제 검색어를 입력하세요. 통합검색 검색 입력사항 삭제하기 검색 닫기 전체삭제 닫기 function openChatBot(){ EVENT_CHATBOT_OPEN_MANAGER.commonChatbotOpen(""text:&click=bot | 마이자산관리모니모NEW명세서이번달 명세서 명세서 표기 제외다음달 결제예정금액이용분석명세서 재발송명세서 수령방법이용내역카드 이용/취소/매출전표 내역개인사업자용 카드 이용내역단기카드대출/장기카드대출내역정기결제 이용내역장기렌터카/오토리스 계약내역외부 사이트 이동할부금융 이용내역소득공제 내역eward 이용내역이용한도카드 이용한도목적별 추가한도경비한도의약품결제 전용 | 로그인 안내 | 잠시만요, 고객님!",개인사업자 | 법인 | 가맹점 | 금융소비자보호 | 상품공시실 | 로그인 | 회원가입 | SAMSUNG CARD | 마이 | 혜택 | 카드안내/신청 | 금융 | 정기결제 | 모니모NEW | 이번달 명세서 | 명세서 표기 제외 | 다음달 결제예정금액 | 이용분석 | 명세서 재발송 | 명세서 수령방법 | 카드 이용/취소/매출전표 내역 | 개인사업자용 카드 이용내역 | 단기카드대출/장기카드대출내역 | 정기결제 이용내역 | 장기렌터카/오토리스 계약내역외부 사이트 이동 | 할부금융 이용내역 | 소득공제 내역 | eward 이용내역 | 카드 이용한도 | 목적별 추가한도 | 경비한도 | 의약품결제 전용한도 | 아큐브 결제 전용한도 | 즉시결제 | 가상계좌 | 입금내역 | 국내 일시불 분할납부 | 해외 일시불 분할납부 | 단기/장기카드대출로 결제 | 포인트연계할부서비스(세이브)로 결제,검색어를 입력하세요. | 입력사항 삭제하기 | 검색 | 닫기 | 전체삭제 | 전체메뉴 열기 | 자산관리 | 명세서 | 이용내역 | 이용한도 | 카드대금 결제 | 개인정보 | 카드정보 | 서류간편발급 | 이벤트 | 카드 혜택 | LINK | 포인트 | 정부지원 사업 | 혜택 가맹점 | 라운지 | 카드안내 | 카드신청 | 기프트카드 | 대출 | 챗봇용_정회원(웹회원)_로그인 권한 | 챗봇용_정회원(웹회원)_바로링크 권한 | 할부금융 | 납부 | 구독,1번째 슬라이드로 가기 | 2번째 슬라이드로 가기 | 3번째 슬라이드로 가기 | 4번째 슬라이드로 가기 | 5번째 슬라이드로 가기 | 6번째 슬라이드로 가기 | 7번째 슬라이드로 가기 | 8번째 슬라이드로 가기 | 9번째 슬라이드로 가기 | 10번째 슬라이드로 가기 | 11번째 슬라이드로 가기 | 12번째 슬라이드로 가기 | 13번째 슬라이드로 가기 | 14번째 슬라이드로 가기 | 15번째 슬라이드로 가기 | 16번째 슬라이드로 가기 | 17번째 슬라이드로 가기 | 18번째 슬라이드로 가기 | 19번째 슬라이드로 가기 | 20번째 슬라이드로 가기,검색어를 입력해 주세요.,검색,query,개인사업자 | 법인 | 가맹점 | 금융소비자보호 | 상품공시실 | 로그인 | 회원가입 | 마이 | 혜택 | 카드안내/신청 | 금융 | 정기결제 | 마이자산관리모니모NEW명세서이번달 명세서 명세서 표기 제외다음달 결제예정금액이용분석명세서 재발송명세서 수령방 | 모니모NEW | 이번달 명세서 | 명세서 표기 제외 | 다음달 결제예정금액 | 이용분석 | 명세서 재발송 | 명세서 수령방법 | 카드 이용/취소/매출전표 내역 | 개인사업자용 카드 이용내역 | 단기카드대출/장기카드대출내역 | 정기결제 이용내역 | 장기렌터카/오토리스 계약내역외부 사이트 이동,https www samsungcard com,"삼성카드 
 진짜 나를 담은 카드, 삼성카드입니다. 
 전체메뉴 | 자산관리 | 명세서 | 이용내역 | 이용한도 | 카드대금 결제 | 개인정보 | 카드정보 | 서류간편발급 | 이벤트 | 카드 혜택 | LINK | 포인트 | 정부지원 사업 | 혜택 가맹점 | 라운지 | 카드안내 | 카드신청 | 기프트카드 | 대출 | 챗봇용_정회원(웹회원)_로그인 권한 | 챗봇용_정회원(웹회원)_바로링크 권한 | 할부금융 | 납부 | 구독 
 개인사업자 법인 가맹점 금융소비자보호 상품공시실 로그인 회원가입 SAMSUNG CARD 마이 혜택 카드안내/신청 금융 정기결제 검색어를 입력하세요. 통합검색 검색 입력사항 삭제하기 검색 닫기 전체삭제 닫기 function openChatBot(){ EVENT_CHATBOT_OPEN_MANAGER.commonChatbotOpen(""text:&click=bot | 마이자산관리모니모NEW명세서이번달 명세서 명세서 표기 제외다음달 결제예정금액이용분석명세서 재발송명세서 수령방법이용내역카드 이용/취소/매출전표 내역개인사업자용 카드 이용내역단기카드대출/장기카드대출내역정기결제 이용내역장기렌터카/오토리스 계약내역외부 사이트 이동할부금융 이용내역소득공제 내역eward 이용내역이용한도카드 이용한도목적별 추가한도경비한도의약품결제 전용 | 로그인 안내 | 잠시만요, 고객님! 
 개인사업자 | 법인 | 가맹점 | 금융소비자보호 | 상품공시실 | 로그인 | 회원가입 | SAMSUNG CARD | 마이 | 혜택 | 카드안내/신청 | 금융 | 정기결제 | 모니모NEW | 이번달 명세서 | 명세서 표기 제외 | 다음달 결제예정금액 | 이용분석 | 명세서 재발송 | 명세서 수령방법 | 카드 이용/취소/매출전표 내역 | 개인사업자용 카드 이용내역 | 단기카드대출/장기카드대출내역 | 정기결제 이용내역 | 장기렌터카/오토리스 계약내역외부 사이트 이동 | 할부금융 이용내역 | 소득공제 내역 | eward 이용내역 | 카드 이용한도 | 목적별 추가한도 | 경비한도 | 의약품결제 전용한도 | 아큐브 결제 전용한도 | 즉시결제 | 가상계좌 | 입금내역 | 국내 일시불 분할납부 | 해외 일시불 분할납부 | 단기/장기카드대출로 결제 | 포인트연계할부서비스(세이브)로 결제 
 검색어를 입력하세요. | 입력사항 삭제하기 | 검색 | 닫기 | 전체삭제 | 전체메뉴 열기 | 자산관리 | 명세서 | 이용내역 | 이용한도 | 카드대금 결제 | 개인정보 | 카드정보 | 서류간편발급 | 이벤트 | 카드 혜택 | LINK | 포인트 | 정부지원 사업 | 혜택 가맹점 | 라운지 | 카드안내 | 카드신청 | 기프트카드 | 대출 | 챗봇용_정회원(웹회원)_로그인 권한 | 챗봇용_정회원(웹회원)_바로링크 권한 | 할부금융 | 납부 | 구독 
 1번째 슬라이드로 가기 | 2번째 슬라이드로 가기 | 3번째 슬라이드로 가기 | 4번째 슬라이드로 가기 | 5번째 슬라이드로 가기 | 6번째 슬라이드로 가기 | 7번째 슬라이드로 가기 | 8번째 슬라이드로 가기 | 9번째 슬라이드로 가기 | 10번째 슬라이드로 가기 | 11번째 슬라이드로 가기 | 12번째 슬라이드로 가기 | 13번째 슬라이드로 가기 | 14번째 슬라이드로 가기 | 15번째 슬라이드로 가기 | 16번째 슬라이드로 가기 | 17번째 슬라이드로 가기 | 18번째 슬라이드로 가기 | 19번째 슬라이드로 가기 | 20번째 슬라이드로 가기 
 검색어를 입력해 주세요. 
 검색 
 query 
 개인사업자 | 법인 | 가맹점 | 금융소비자보호 | 상품공시실 | 로그인 | 회원가입 | 마이 | 혜택 | 카드안내/신청 | 금융 | 정기결제 | 마이자산관리모니모NEW명세서이번달 명세서 명세서 표기 제외다음달 결제예정금액이용분석명세서 재발송명세서 수령방 | 모니모NEW | 이번달 명세서 | 명세서 표기 제외 | 다음달 결제예정금액 | 이용분석 | 명세서 재발송 | 명세서 수령방법 | 카드 이용/취소/매출전표 내역 | 개인사업자용 카드 이용내역 | 단기카드대출/장기카드대출내역 | 정기결제 이용내역 | 장기렌터카/오토리스 계약내역외부 사이트 이동 
 https www samsungcard com",2035,350
12e3942c0495b9a4,e001_full-wtg_12e3942c0495b9a4-2026-08-27T052024022613Z,d32eb11bdfeb7cb7dd51d7afbf77a579,ITEM_DETAIL,SHOPPING_COMMERCE,GS25,https://www.gsretail.com/brand/gs25,1,GS Retail,,"GS리테일 | 당신 곁에는 언제나 GS25가 있습니다. | 커피머신 | 원두 | 전문점 커피보다 맛이 뛰어난 CAFE25 | 메뉴 소개 | 엄선된 원재료, 믿을 수 있는 맛 | GS25에만 있는 고븐미니 조리 시스템 | 차별화된 도우 | 우리동네GS 앱에서는 빠른 배달, 픽업 가능 | 현금인출기 서비스 | 편의점 캐시 구입/충전 서비스 | 교통카드 충전 서비스(팝티머니,마이비,캐시비(EZL),한페이) | 팝카드란? | 교통카드 충전 서비스 | 교통 사용처 안내 | 유통 사용처 안내 | 기프트카드 | POSA 기프트카드 장점 | POSA 기프트카드 대표 브랜드 | POSA 기프트카드 구매 방법 | POSA 기프트카드 사용 방법 | 온라인 사용 방법 | 오프라인 사용 방법 | 유심 요금제","GS리테일이전GS25회사소개경영이념 및 가치체계CEO 인사말기업 연혁수상 이력기업 CI/BI오시는 길사업영역GS25GS THE FRESHGS SHOP우리동네GS개발/임대 사업지속가능경영지속가능경영환경사회적 책임정도경영투자정보이사회 의장 인사말기업지배구조경영성과공시정보미디어보도자료뉴스룸스토리채용문의KOEN채용문의KOEN전체메뉴 | 회사소개경영이념 및 가치체계CEO 인사말기업 연혁수상 이력기업 CI/BI오시는 길사업영역GS25GS THE FRESHGS SHOP우리동네GS개발/임대 사업지속가능경영지속가능경영환경사회적 책임정도경영투자정보이사회 의장 인사말기업지배구조경영성과공시정보미디어보도자료뉴스룸스토리채용문의KOEN | 당신 곁에는 언제나 GS25가 있습니다.매장 찾기인스타그램유튜브 | 최고급 커피머신과 스페셜티 블렌딩 원두를 사용하여 최상의 커피를 합리적인 가격으로 제공하는 GS25의 차별화 원두커피 전문 존입니다. | 커피머신소비자가 1,300만 원 상당의 스위스 명품 커피 머신 브랜드 프랑케 머신입니다. | 원두국내 NO1. 로스터인 동서식품의 스페셜티 블렌딩 원두입니다. (브라질, 과테말라, 콜롬비아 등 최상위 원두 생산국의 원두 5종 블렌딩)",GS리테일 | 회사소개 | 경영이념 및 가치체계 | CEO 인사말 | 기업 연혁 | 수상 이력 | 기업 CI/BI | 오시는 길 | 사업영역 | GS25 | GS THE FRESH | GS SHOP | 우리동네GS | 개발/임대 사업 | 지속가능경영 | 환경 | 사회적 책임 | 정도경영 | 투자정보 | 이사회 의장 인사말 | 기업지배구조 | 경영성과 | 공시정보 | 미디어 | 보도자료 | 뉴스룸 | 스토리 | 채용문의 | 매장 찾기 | 인스타그램 | 유튜브,이전 | KO | EN | 전체메뉴 | 업계 최고점포당 매출액 달성 | GS25만의 차별화된 상품과 서비스 제공 | 경영주와의 끊임없는 소통과 협력을 통한 단단한 파트너십 | 현금인출기 서비스 | 편의점캐시 구입/충전 | 교통카드 충전 | 기프트 카드 | 유심 요금제 | 하이패스 카드/단말기 | 고속도로 미납 통행료 납부 | 온라인몰 편의점 결제 | 팝카드란? | 교통 사용처 안내 | 유통 사용처 안내 | 교통카드 충전 서비스 | 국내택배 | 반값택배 | 국제택배 | 배달 픽업 | 쇼핑몰거래 | 점포 운영지원 혜택 | 장기운영점 및 우수점포 혜택 | 점포 소통 지원 | (경영주 / 스토어 매니저) 역량 레벨업 지원 | 사회공헌 지원 | 경영주 복지 혜택,인스타그램 | 유튜브 | t.aLifeService | t.aPopcard | 선택 | 이전 | 다음 | t.aDelivery | t.aWinwin | 링크 바로가기,,,,본문 바로가기 | 주메뉴 바로가기 | 회사소개경영이념 및 가치체계CEO 인사말기업 연혁수상 이력기업 CI/BI오시는 길 | 경영이념 및 가치체계 | CEO 인사말 | 기업 연혁 | 수상 이력 | 기업 CI/BI | 오시는 길 | 사업영역GS25GS THE FRESHGS SHOP우리동네GS개발/임대 사업 | GS25 | GS THE FRESH | GS SHOP | 우리동네GS | 개발/임대 사업 | 지속가능경영지속가능경영환경사회적 책임정도경영 | 지속가능경영 | 환경 | 사회적 책임 | 정도경영 | 투자정보이사회 의장 인사말기업지배구조경영성과공시정보 | 이사회 의장 인사말 | 기업지배구조 | 경영성과 | 공시정보,https www gsretail com brand gs25,"GS Retail 
 GS리테일 | 당신 곁에는 언제나 GS25가 있습니다. | 커피머신 | 원두 | 전문점 커피보다 맛이 뛰어난 CAFE25 | 메뉴 소개 | 엄선된 원재료, 믿을 수 있는 맛 | GS25에만 있는 고븐미니 조리 시스템 | 차별화된 도우 | 우리동네GS 앱에서는 빠른 배달, 픽업 가능 | 현금인출기 서비스 | 편의점 캐시 구입/충전 서비스 | 교통카드 충전 서비스(팝티머니,마이비,캐시비(EZL),한페이) | 팝카드란? | 교통카드 충전 서비스 | 교통 사용처 안내 | 유통 사용처 안내 | 기프트카드 | POSA 기프트카드 장점 | POSA 기프트카드 대표 브랜드 | POSA 기프트카드 구매 방법 | POSA 기프트카드 사용 방법 | 온라인 사용 방법 | 오프라인 사용 방법 | 유심 요금제 
 GS리테일이전GS25회사소개경영이념 및 가치체계CEO 인사말기업 연혁수상 이력기업 CI/BI오시는 길사업영역GS25GS THE FRESHGS SHOP우리동네GS개발/임대 사업지속가능경영지속가능경영환경사회적 책임정도경영투자정보이사회 의장 인사말기업지배구조경영성과공시정보미디어보도자료뉴스룸스토리채용문의KOEN채용문의KOEN전체메뉴 | 회사소개경영이념 및 가치체계CEO 인사말기업 연혁수상 이력기업 CI/BI오시는 길사업영역GS25GS THE FRESHGS SHOP우리동네GS개발/임대 사업지속가능경영지속가능경영환경사회적 책임정도경영투자정보이사회 의장 인사말기업지배구조경영성과공시정보미디어보도자료뉴스룸스토리채용문의KOEN | 당신 곁에는 언제나 GS25가 있습니다.매장 찾기인스타그램유튜브 | 최고급 커피머신과 스페셜티 블렌딩 원두를 사용하여 최상의 커피를 합리적인 가격으로 제공하는 GS25의 차별화 원두커피 전문 존입니다. | 커피머신소비자가 1,300만 원 상당의 스위스 명품 커피 머신 브랜드 프랑케 머신입니다. | 원두국내 NO1. 로스터인 동서식품의 스페셜티 블렌딩 원두입니다. (브라질, 과테말라, 콜롬비아 등 최상위 원두 생산국의 원두 5종 블렌딩) 
 GS리테일 | 회사소개 | 경영이념 및 가치체계 | CEO 인사말 | 기업 연혁 | 수상 이력 | 기업 CI/BI | 오시는 길 | 사업영역 | GS25 | GS THE FRESH | GS SHOP | 우리동네GS | 개발/임대 사업 | 지속가능경영 | 환경 | 사회적 책임 | 정도경영 | 투자정보 | 이사회 의장 인사말 | 기업지배구조 | 경영성과 | 공시정보 | 미디어 | 보도자료 | 뉴스룸 | 스토리 | 채용문의 | 매장 찾기 | 인스타그램 | 유튜브 
 이전 | KO | EN | 전체메뉴 | 업계 최고점포당 매출액 달성 | GS25만의 차별화된 상품과 서비스 제공 | 경영주와의 끊임없는 소통과 협력을 통한 단단한 파트너십 | 현금인출기 서비스 | 편의점캐시 구입/충전 | 교통카드 충전 | 기프트 카드 | 유심 요금제 | 하이패스 카드/단말기 | 고속도로 미납 통행료 납부 | 온라인몰 편의점 결제 | 팝카드란? | 교통 사용처 안내 | 유통 사용처 안내 | 교통카드 충전 서비스 | 국내택배 | 반값택배 | 국제택배 | 배달 픽업 | 쇼핑몰거래 | 점포 운영지원 혜택 | 장기운영점 및 우수점포 혜택 | 점포 소통 지원 | (경영주 / 스토어 매니저) 역량 레벨업 지원 | 사회공헌 지원 | 경영주 복지 혜택 
 인스타그램 | 유튜브 | t.aLifeService | t.aPopcard | 선택 | 이전 | 다음 | t.aDelivery | t.aWinwin | 링크 바로가기 
 본문 바로가기 | 주메뉴 바로가기 | 회사소개경영이념 및 가치체계CEO 인사말기업 연혁수상 이력기업 CI/BI오시는 길 | 경영이념 및 가치체계 | CEO 인사말 | 기업 연혁 | 수상 이력 | 기업 CI/BI | 오시는 길 | 사업영역GS25GS THE FRESHGS SHOP우리동네GS개발/임대 사업 | GS25 | GS THE FRESH | GS SHOP | 우리동네GS | 개발/임대 사업 | 지속가능경영지속가능경영환경사회적 책임정도경영 | 지속가능경영 | 환경 | 사회적 책임 | 정도경영 | 투자정보이사회 의장 인사말기업지배구조경영성과공시정보 | 이사회 의장 인사말 | 기업지배구조 | 경영성과 | 공시정보 
 https www gsretail com brand gs25",2105,377
22ffba7a86ea9919,e001_full-wtg_22ffba7a86ea9919-2026-08-27T051919414067Z,e63ab5fcbe13f1449fdce925831381c8,ITEM_DETAIL,SHOPPING_COMMERCE,코스트코,https://www.costco.co.kr/,1,코스트코 온라인몰 | 코스트코 코리아,언제 어디서나 쉽고 간편하게! 코스트코 온라인몰의 놀라운 혜택을 만나보세요.,국가 선택 | 지금 진행 중인 이벤트,회원가입 온라인등록 매장 찾기 매장 이벤트 보청기센터 Customer Care 회원가입 온라인등록 매장 찾기 매장 이벤트 보청기센터 고객센터 한국어 English 한국 국가 선택 미국호주캐나다프랑스아이슬란드일본멕시코뉴질랜드스페인스웨덴대만영국 로그인 쇼핑카트 쇼핑카트 0 마이페이지 쇼핑카트 쇼핑카트 0 마이페이지카테고리 전체보기디지털/TV/컴퓨터 디지털/TV | 회원가입 온라인등록 매장 찾기 매장 이벤트 보청기센터 Customer Care | 회원가입 온라인등록 매장 찾기 매장 이벤트 보청기센터 고객센터 한국어 English 한국 국가 선택 미국호주캐나다프랑스아이슬란드일본멕시코뉴질랜드스페인스웨덴대만영국 | 마이페이지 쇼핑카트 쇼핑카트 0 마이페이지 | 카테고리 전체보기디지털/TV/컴퓨터 디지털/TV/컴퓨터Apple Apple All Mac All iPad iPhone Apple Watch AirPods Apple Accessories TV TV 101cm이하 TV 101~12​5​cm TV 12​6​~15​1​cm TV 15​2​~17​7​cm TV 178~203cm TV 20​4​cm이상 TV 오디오/,회원가입 | 온라인등록 | 매장 찾기 | 매장 이벤트 | 보청기센터 | Customer Care | 고객센터 | English | 미국 | 호주 | 캐나다 | 프랑스 | 아이슬란드 | 일본 | 멕시코 | 뉴질랜드 | 스페인 | 스웨덴 | 대만 | 영국 | 로그인 | 쇼핑카트 쇼핑카트 0 | 마이페이지 | 디지털/TV/컴퓨터 | Apple | All Mac | All iPad | iPhone | Apple Watch | AirPods | Apple Accessories | TV | 101cm이하 TV | 101~12​5​cm TV | 12​6​~15​1​cm TV | 15​2​~17​7​cm TV | 178~203cm TV | 20​4​cm이상 TV | 오디오/영상기기 | 오디오/스피커,한국어 | 한국 | 카테고리 전체보기 | 카트에 담기 | 코스트코 소개 | 코스트코 멤버십 | 고객센터(FAQ/문의) | 매장 & 서비스 | 협력업체 안내 | Languages | Edit,컨텐츠로 바로가기 | 메뉴로 바로가기 | Savings and locations | 회원가입 | 온라인등록 | 매장 찾기 | 매장 이벤트 | 보청기센터 | Customer Care | 고객센터 | 언어 선택 - 현재 언어: 한국어 | 국가 선택 - 현재 국가: 한국 | search | Main | 디지털/TV/컴퓨터 Menu | Apple Menu | All Mac | All iPad | iPhone | Apple Watch | AirPods | Apple Accessories | TV Menu | 101cm이하 TV | 101~12​5​cm TV | 12​6​~15​1​cm TV | 15​2​~17​7​cm TV | 178~203cm TV | 20​4​cm이상 TV | 오디오/영상기기 Menu | 오디오/스피커 | 사운드바/홈시어터 | 헤드폰/이어폰 | 모바일 Menu | 스마트기기/전화기 | 모바일 충전/배터리 | 휴대폰 액세서리 | 모니터/프린터 Menu | 모니터 | 프린터,찾으시는 상품을 입력해 보세요. | 지역명,코스트코 고객센터 | 매장찾기 | Follow Us | 페이스북 | 카카오톡 플러스 친구 | 인스타그램 | 유투브,productCodePost | quantity | accesibility_refreshScreenReaderBufferField,회원가입 | 온라인등록 | 매장 찾기 | 매장 이벤트 | 보청기센터 | Customer Care | 고객센터 | 한국어 English | English | 한국 국가 선택 미국호주캐나다프랑스아이슬란드일본멕시코뉴질랜드스페인스웨덴대만영국 | 미국 | 호주 | 캐나다 | 프랑스 | 아이슬란드 | 일본 | 멕시코 | 뉴질랜드 | 스페인 | 스웨덴 | 대만 | 영국 | 카테고리 전체보기디지털/TV/컴퓨터 디지털/TV/컴퓨터Apple Apple All Mac All iPad i | 디지털/TV/컴퓨터 디지털/TV/컴퓨터Apple Apple All Mac All iPad iPhone App | 디지털/TV/컴퓨터,https www costco co kr,"코스트코 온라인몰 | 코스트코 코리아 
 언제 어디서나 쉽고 간편하게! 코스트코 온라인몰의 놀라운 혜택을 만나보세요. 
 국가 선택 | 지금 진행 중인 이벤트 
 회원가입 온라인등록 매장 찾기 매장 이벤트 보청기센터 Customer Care 회원가입 온라인등록 매장 찾기 매장 이벤트 보청기센터 고객센터 한국어 English 한국 국가 선택 미국호주캐나다프랑스아이슬란드일본멕시코뉴질랜드스페인스웨덴대만영국 로그인 쇼핑카트 쇼핑카트 0 마이페이지 쇼핑카트 쇼핑카트 0 마이페이지카테고리 전체보기디지털/TV/컴퓨터 디지털/TV | 회원가입 온라인등록 매장 찾기 매장 이벤트 보청기센터 Customer Care | 회원가입 온라인등록 매장 찾기 매장 이벤트 보청기센터 고객센터 한국어 English 한국 국가 선택 미국호주캐나다프랑스아이슬란드일본멕시코뉴질랜드스페인스웨덴대만영국 | 마이페이지 쇼핑카트 쇼핑카트 0 마이페이지 | 카테고리 전체보기디지털/TV/컴퓨터 디지털/TV/컴퓨터Apple Apple All Mac All iPad iPhone Apple Watch AirPods Apple Accessories TV TV 101cm이하 TV 101~12​5​cm TV 12​6​~15​1​cm TV 15​2​~17​7​cm TV 178~203cm TV 20​4​cm이상 TV 오디오/ 
 회원가입 | 온라인등록 | 매장 찾기 | 매장 이벤트 | 보청기센터 | Customer Care | 고객센터 | English | 미국 | 호주 | 캐나다 | 프랑스 | 아이슬란드 | 일본 | 멕시코 | 뉴질랜드 | 스페인 | 스웨덴 | 대만 | 영국 | 로그인 | 쇼핑카트 쇼핑카트 0 | 마이페이지 | 디지털/TV/컴퓨터 | Apple | All Mac | All iPad | iPhone | Apple Watch | AirPods | Apple Accessories | TV | 101cm이하 TV | 101~12​5​cm TV | 12​6​~15​1​cm TV | 15​2​~17​7​cm TV | 178~203cm TV | 20​4​cm이상 TV | 오디오/영상기기 | 오디오/스피커 
 한국어 | 한국 | 카테고리 전체보기 | 카트에 담기 | 코스트코 소개 | 코스트코 멤버십 | 고객센터(FAQ/문의) | 매장 & 서비스 | 협력업체 안내 | Languages | Edit 
 컨텐츠로 바로가기 | 메뉴로 바로가기 | Savings and locations | 회원가입 | 온라인등록 | 매장 찾기 | 매장 이벤트 | 보청기센터 | Customer Care | 고객센터 | 언어 선택 - 현재 언어: 한국어 | 국가 선택 - 현재 국가: 한국 | search | Main | 디지털/TV/컴퓨터 Menu | Apple Menu | All Mac | All iPad | iPhone | Apple Watch | AirPods | Apple Accessories | TV Menu | 101cm이하 TV | 101~12​5​cm TV | 12​6​~15​1​cm TV | 15​2​~17​7​cm TV | 178~203cm TV | 20​4​cm이상 TV | 오디오/영상기기 Menu | 오디오/스피커 | 사운드바/홈시어터 | 헤드폰/이어폰 | 모바일 Menu | 스마트기기/전화기 | 모바일 충전/배터리 | 휴대폰 액세서리 | 모니터/프린터 Menu | 모니터 | 프린터 
 찾으시는 상품을 입력해 보세요. | 지역명 
 코스트코 고객센터 | 매장찾기 | Follow Us | 페이스북 | 카카오톡 플러스 친구 | 인스타그램 | 유투브 
 productCodePost | quantity | accesibility_refreshScreenReaderBufferField 
 회원가입 | 온라인등록 | 매장 찾기 | 매장 이벤트 | 보청기센터 | Customer Care | 고객센터 | 한국어 English | English | 한국 국가 선택 미국호주캐나다프랑스아이슬란드일본멕시코뉴질랜드스페인스웨덴대만영국 | 미국 | 호주 | 캐나다 | 프랑스 | 아이슬란드 | 일본 | 멕시코 | 뉴질랜드 | 스페인 | 스웨덴 | 대만 | 영국 | 카테고리 전체보기디지털/TV/컴퓨터 디지털/TV/컴퓨터Apple Apple All Mac All iPad i | 디지털/TV/컴퓨터 디지털/TV/컴퓨터Apple Apple All Mac All iPad iPhone App | 디지털/TV/컴퓨터 
 https www costco co kr",2193,402
5beeafeac2e27eae,e001_full-wtg_5beeafeac2e27eae-2026-08-27T051453834882Z,7c57141de14aaef201e4ff2ffae77b57,CONTENT_OPEN,CONTENT_VIDEO,TikTok,https://www.tiktok.com/,1,"TikTok - 트렌드의 시작, 틱톡","트렌드가 시작되는 동영상 엔터테인먼트 플랫폼 틱톡을 남들과는 다르게, 나만의 방식으로 재밌게 즐겨보세요.",스크린 타임 휴식 | 몸과 마음의 건강을 위해 일일 스크린 타임이 1시간으로 설정되어 있습니다 | TikTok을 닫을까요?,휴식 예약 | 맞춤 시간 설정,,앱 열기 | 자세히 | TikTok 열기 | 나중에 | 확인 | 다시 알림(10분) | 완료 | 미루기(10분) | TikTok으로 돌아가기,닫기,,,,,https www tiktok com,"TikTok - 트렌드의 시작, 틱톡 
 트렌드가 시작되는 동영상 엔터테인먼트 플랫폼 틱톡을 남들과는 다르게, 나만의 방식으로 재밌게 즐겨보세요. 
 스크린 타임 휴식 | 몸과 마음의 건강을 위해 일일 스크린 타임이 1시간으로 설정되어 있습니다 | TikTok을 닫을까요? 
 휴식 예약 | 맞춤 시간 설정 
 앱 열기 | 자세히 | TikTok 열기 | 나중에 | 확인 | 다시 알림(10분) | 완료 | 미루기(10분) | TikTok으로 돌아가기 
 닫기 
 https www tiktok com",280,56
60d4d22e3809f780,e001_full-wtg_60d4d22e3809f780-2026-08-27T051555382392Z,db501b7ce9f1ebf2e72266bce773db17,PLACE_LOOKUP,MAP_MOBILITY,티맵,https://www.tmapmobility.com/,1,TMAP MOBILITY,통합 모빌리티 플랫폼 티맵의 모든 것을 티맵모빌리티닷컴에서 확인하세요,스마트한 이동 생활의 시작티맵과 함께 언제나 마음 편한 이동과 일상 | 지속가능한 내일의 가치를 찾기 위한 티맵모빌리티의 여정 | 티맵추천 아티클 | 실시간 아티클 | 티맵모빌리티의 여정에 함께하세요,티맵 피플티맵 서비스티맵 이야기지속가능경영고객지원TMAP DATA채용(새창),티맵 피플 | 티맵 서비스 | 티맵 이야기 | 지속가능경영 | 고객지원 | TMAP DATA | 채용(새창),이용약관(새창) | 위치기반서비스 이용약관(새창) | 청소년 보호 정책(새창) | 개인(위치)정보처리방침(새창) | 이메일무단수집거부(새창) | 책임한계와 법적고지(새창),메뉴 | 슬라이드 1 | 슬라이드 2 | 슬라이드 3 | 맨 위로 이동 | 사이트 정보 | 푸터 메뉴 | 개인정보 정책,,,,"스마트한 이동 생활의 시작티맵과 함께 언제나 마음 편한 이동과 일상티맵 서비스 | 지속가능한 내일의 가치를 찾기 위한 티맵모빌리티의 여정지속가능경영 | 회사소개 | 조직문화 | 내비게이션 | 운전점수/보험혜택(UBI) | 어디갈까 | 대리운전 | 티맵꿀팁다꾸, 폰꾸 다음은 차꾸🚗✨ 차꾸미기 서비스가 출시되었어요!2026-08-04 | 티맵테마코스짜릿한 뷰와 액티비티가 가득한 다이내믹 명소2026-08-21 | 조직문화이동의 흔적에서 비즈니스의 답을 찾다2026-05-29 | 조직문화우리가 함께 만드는 일터의 온도2026-06-30 | 조직문화티맵모빌리티 지원 전, 알아야 할 5가지! 일하기 좋은 회사인 이유2025-11-18 | 조직문화Join us! 티맵모빌리티 합류 여정을 알려드려요2023-11-13 | Press ReleaseAI·데이터 사업 성과 본격화, 2분기 EBITDA 44억 원 흑자2026-08-14 | 운전꿀팁폭염에 지친 전기차 배터리🪫 여름 관리 원칙!2026-08-11 | 티맵모빌리티의 여정에 함께하세요채용 공고 확인하기 | 티맵 개인(위치)정보처리방침 개정 안내 (26.09.01)2026.08.25NEW | 티맵 개인(위치)정보처리방침 개정 안내 (26.08.11)2026.08.04 | 티맵 이용약관 개정 안내 (26.08.11)2026.07.27 | 티맵 피플 | 티맵 서비스 | 티맵 이야기 | 지속가능경영 | 고객지원",https www tmapmobility com,"TMAP MOBILITY 
 통합 모빌리티 플랫폼 티맵의 모든 것을 티맵모빌리티닷컴에서 확인하세요 
 스마트한 이동 생활의 시작티맵과 함께 언제나 마음 편한 이동과 일상 | 지속가능한 내일의 가치를 찾기 위한 티맵모빌리티의 여정 | 티맵추천 아티클 | 실시간 아티클 | 티맵모빌리티의 여정에 함께하세요 
 티맵 피플티맵 서비스티맵 이야기지속가능경영고객지원TMAP DATA채용(새창) 
 티맵 피플 | 티맵 서비스 | 티맵 이야기 | 지속가능경영 | 고객지원 | TMAP DATA | 채용(새창) 
 이용약관(새창) | 위치기반서비스 이용약관(새창) | 청소년 보호 정책(새창) | 개인(위치)정보처리방침(새창) | 이메일무단수집거부(새창) | 책임한계와 법적고지(새창) 
 메뉴 | 슬라이드 1 | 슬라이드 2 | 슬라이드 3 | 맨 위로 이동 | 사이트 정보 | 푸터 메뉴 | 개인정보 정책 
 스마트한 이동 생활의 시작티맵과 함께 언제나 마음 편한 이동과 일상티맵 서비스 | 지속가능한 내일의 가치를 찾기 위한 티맵모빌리티의 여정지속가능경영 | 회사소개 | 조직문화 | 내비게이션 | 운전점수/보험혜택(UBI) | 어디갈까 | 대리운전 | 티맵꿀팁다꾸, 폰꾸 다음은 차꾸🚗✨ 차꾸미기 서비스가 출시되었어요!2026-08-04 | 티맵테마코스짜릿한 뷰와 액티비티가 가득한 다이내믹 명소2026-08-21 | 조직문화이동의 흔적에서 비즈니스의 답을 찾다2026-05-29 | 조직문화우리가 함께 만드는 일터의 온도2026-06-30 | 조직문화티맵모빌리티 지원 전, 알아야 할 5가지! 일하기 좋은 회사인 이유2025-11-18 | 조직문화Join us! 티맵모빌리티 합류 여정을 알려드려요2023-11-13 | Press ReleaseAI·데이터 사업 성과 본격화, 2분기 EBITDA 44억 원 흑자2026-08-14 | 운전꿀팁폭염에 지친 전기차 배터리🪫 여름 관리 원칙!2026-08-11 | 티맵모빌리티의 여정에 함께하세요채용 공고 확인하기 | 티맵 개인(위치)정보처리방침 개정 안내 (26.09.01)2026.08.25NEW | 티맵 개인(위치)정보처리방침 개정 안내 (26.08.11)2026.08.04 | 티맵 이용약관 개정 안내 (26.08.11)2026.07.27 | 티맵 피플 | 티맵 서비스 | 티맵 이야기 | 지속가능경영 | 고객지원 
 https www tmapmobility com",1180,238
64d30ef262d8782d,e001_full-wtg_64d30ef262d8782d-2026-08-27T052019238305Z,3b57d74f6b1eef71a4a87c6877dde53f,FINANCIAL_ACTION_ENTRY,FINANCE_PAYMENT,신한 SOL뱅크,https://bank.shinhan.com/,1,Shinhan Bank,신한은행 개인인터넷뱅킹,,,,,,,,,,https bank shinhan com,"Shinhan Bank 
 신한은행 개인인터넷뱅킹 
 https bank shinhan com",52,8
65f15ce8fee25b24,e001_full-wtg_65f15ce8fee25b24-2026-08-27T051425554381Z,500967c024fafa02666ab74f9750be84,COMMUNICATION_ENTRY,SOCIAL_COMMUNICATION,밴드,https://www.band.us/,1,모임이 쉬워진다 | 밴드,"밴드는 그룹 멤버와 함께 하는 공간입니다. 동호회, 스터디, 주제별 모임을 밴드로 시작하세요.","BAND | 세상의모든 모임밴드 | 일정 올리면 참석자 현황이 바로 보여요 | 사진, 파일 관리가이렇게 간편하다고요? | 단톡방 하나에서모든 대화를이어갈 필요 없어요. | 모임에 필요한 모든 기능 | 멤버들의의견을 모으고 | 모임 회비나 비용을멤버별로 나눠서 정산해요 | 매일 빼먹지 않게, 함께하면 성공 | 실시간 방송으로 소통하고,종료 후 다시보기로 저장까지 | 당신의 모임, 밴드와 함께 라면 분명 달라져요. | QR코드 스캔하고BAND앱 다운받아 보세요!",BAND 회원가입 로그인 | 회원가입 로그인,BAND | 회원가입 | 로그인,앱 설치하기 | 스크롤해서 확인하세요 | 모달 닫기,BAND - Go to homepage | User actions,,,,블로그 | 광고 | 이용약관 | 개인정보처리방침 | 쿠키 설정 | 맞춤형 광고 안내 | 청소년 보호를 위한 노력 | 활동정책 | 권리침해 신고안내 | 개발자 | 헬프센터,https www band us,"모임이 쉬워진다 | 밴드 
 밴드는 그룹 멤버와 함께 하는 공간입니다. 동호회, 스터디, 주제별 모임을 밴드로 시작하세요. 
 BAND | 세상의모든 모임밴드 | 일정 올리면 참석자 현황이 바로 보여요 | 사진, 파일 관리가이렇게 간편하다고요? | 단톡방 하나에서모든 대화를이어갈 필요 없어요. | 모임에 필요한 모든 기능 | 멤버들의의견을 모으고 | 모임 회비나 비용을멤버별로 나눠서 정산해요 | 매일 빼먹지 않게, 함께하면 성공 | 실시간 방송으로 소통하고,종료 후 다시보기로 저장까지 | 당신의 모임, 밴드와 함께 라면 분명 달라져요. | QR코드 스캔하고BAND앱 다운받아 보세요! 
 BAND 회원가입 로그인 | 회원가입 로그인 
 BAND | 회원가입 | 로그인 
 앱 설치하기 | 스크롤해서 확인하세요 | 모달 닫기 
 BAND - Go to homepage | User actions 
 블로그 | 광고 | 이용약관 | 개인정보처리방침 | 쿠키 설정 | 맞춤형 광고 안내 | 청소년 보호를 위한 노력 | 활동정책 | 권리침해 신고안내 | 개발자 | 헬프센터 
 https www band us",563,109
8195b68ac17e42a3,e001_full-wtg_8195b68ac17e42a3-2026-08-27T052455939111Z,3387fa0447f1f1db0ba255d9e7c5446b,ITEM_DETAIL,SHOPPING_COMMERCE,세븐일레븐,https://m.7-eleven.co.kr,1,세븐일레븐.,,PRODUCT | 창업안내,"전체메뉴 PRODUCT & EVENT PRODUCT EVENT 어린이 미술대회 접수 확인 어린이 미술대회 온라인 갤러리 할인COUPON 매장찾기 세븐카페 엘포인트ㆍ엘페이 창업안내 창업설명회 창업절차 가맹타입별조건 창업상담 아르바이트(메이트) 지원 바로가기 경영주계약서조회 function happyPrePopupOpen(){ alert(""서비스 점검 중입니다",전체메뉴 | PRODUCT | EVENT | 어린이 미술대회 접수 확인 | 어린이 미술대회 온라인 갤러리 | 할인COUPON | 매장찾기 | 세븐카페 | 엘포인트ㆍ엘페이 | 창업설명회 | 창업절차 | 가맹타입별조건 | 창업상담 | 아르바이트(메이트) 지원 바로가기 | 경영주계약서조회 | 김좌진장군체 | 고객의소리 | 전체메뉴 창닫기 | 세븐일레븐 메인으로 이동,,,,,seqNo | pCd | pTag | pTab | notice29,1+1 더보기 | 2+1 더보기 | 증정 더보기 | 할인 더보기 | PB 더보기 | 창업설명회 바로가기go | 창업절차 바로가기go | 가맹타입별조건 바로가기go | 자주묻는질문 바로가기go | 아르바이트(메이트) 지원 바로가기go | 시스템 작업 안내 (2026-07-28(화) 19:30~22:00)2026-07-28 | 개인정보처리방침 개정 안내2026-07-09 | (주)코리아세븐 2026년 2분기 이사회 운영 안내2026-07-02 | E-CATALOG | APP | MAP | EVENT | 공지사항 | 개인정보처리방침 | 고정형 영상정보처리기기 운영·관리 방침 | PC 버전 | 모바일앱 | FACEBOOK | TWITTER | BLOG,https eleven co kr,"세븐일레븐. 
 PRODUCT | 창업안내 
 전체메뉴 PRODUCT & EVENT PRODUCT EVENT 어린이 미술대회 접수 확인 어린이 미술대회 온라인 갤러리 할인COUPON 매장찾기 세븐카페 엘포인트ㆍ엘페이 창업안내 창업설명회 창업절차 가맹타입별조건 창업상담 아르바이트(메이트) 지원 바로가기 경영주계약서조회 function happyPrePopupOpen(){ alert(""서비스 점검 중입니다 
 전체메뉴 | PRODUCT | EVENT | 어린이 미술대회 접수 확인 | 어린이 미술대회 온라인 갤러리 | 할인COUPON | 매장찾기 | 세븐카페 | 엘포인트ㆍ엘페이 | 창업설명회 | 창업절차 | 가맹타입별조건 | 창업상담 | 아르바이트(메이트) 지원 바로가기 | 경영주계약서조회 | 김좌진장군체 | 고객의소리 | 전체메뉴 창닫기 | 세븐일레븐 메인으로 이동 
 seqNo | pCd | pTag | pTab | notice29 
 1+1 더보기 | 2+1 더보기 | 증정 더보기 | 할인 더보기 | PB 더보기 | 창업설명회 바로가기go | 창업절차 바로가기go | 가맹타입별조건 바로가기go | 자주묻는질문 바로가기go | 아르바이트(메이트) 지원 바로가기go | 시스템 작업 안내 (2026-07-28(화) 19:30~22:00)2026-07-28 | 개인정보처리방침 개정 안내2026-07-09 | (주)코리아세븐 2026년 2분기 이사회 운영 안내2026-07-02 | E-CATALOG | APP | MAP | EVENT | 공지사항 | 개인정보처리방침 | 고정형 영상정보처리기기 운영·관리 방침 | PC 버전 | 모바일앱 | FACEBOOK | TWITTER | BLOG 
 https eleven co kr",858,148
91b952863c62993d,e001_full-wtg_91b952863c62993d-2026-08-27T051526470750Z,9ec9d90c8ec79dc72f69b3c2fdbc8337,QUERY,PORTAL_SEARCH,다음,https://m.daum.net/?nil_top=mobile,1,Daum,"이용자 선택권을 강화한 뉴스, 세상의 모든 정보를 연결하는 검색. Daum에서 나의 관심 콘텐츠를 즐겨보세요.","다음 | 검색 | 특수검색 | 실시간 트렌드 | 메뉴 네비게이션 | 커뮤니티 | daum commerce 서비스 이용정보 | 뉴스 | 날씨 | 이 시각 추천뉴스 | 커뮤니티 뉴스 인기글 | 천천히 몰입하는, 롱ː 리드 뉴스 | 오늘의 루프 더보기 | 돈이 되는 뉴스 더보기 | 뉴스 바로가기 | '한땀한땀' 심층탐사보도더보기 | 우리지역 소식 | 💡 '깊이 있는 시선' NEW 언론사 | ☕️ 목요 지식토스트 | 카테고리 뉴스 | 트렌드Pick 더보기 | 많이 본 뉴스 | 오늘의 만평 더보기 | 오늘의 추천 연재 더보기 | 언론사별 사설 더보기","다음 검색 검색어 입력폼 이전으로 가기 검색어 지우기 검색 특수검색 메뉴 특수검색 다음 앱으로 실행됩니다. 음성검색 음악검색 꽃검색 코드검색 히스토리 추천왔숑 실시간 트렌드 1위, 네팔 홍수 ,동일 2위, 이유영 만삭 화보 ,동일 3위, 장윤정 모친 사기 ,상승 4위, 이진숙 제명 ,상승 5위, 제주 실종 허위종결 ,신규 6위, 브루노 마스 내한 공연 ,상 | 메뉴 네비게이션 커뮤니티 뉴스 언론사 연예 쇼핑 스포츠 라이브 머니 루프 홈&쿠킹 여행맛집 지식교양 자동차+ FUN 홈 편집","음성검색 | 음악검색 | 꽃검색 | 코드검색 | 히스토리 | 추천왔숑 | 1위, 네팔 홍수 ,동일 | 2위, 이유영 만삭 화보 ,동일 | 3위, 장윤정 모친 사기 ,상승 | 4위, 이진숙 제명 ,상승 | 5위, 제주 실종 허위종결 ,신규 | 6위, 브루노 마스 내한 공연 ,상승 | 7위, 동네의 명장들 ,하락 | 8위, 남동발전 ,신규 | 9위, 쿠사마 야요이 별세 ,신규 | 10위, 두산 에너빌리티 ,신규 | 자세히 보기 | 혜택플러스 신규 업데이트 혜택플러스 바로가기 | 숏폼 신규 업데이트 숏폼 바로가기 | 알림 신규 업데이트 알림 바로가기 | 커뮤니티 | 뉴스 | 언론사 | 연예 | 쇼핑 | 스포츠 | 라이브 | 머니 | 루프 | 홈&쿠킹 | 여행맛집 | 지식교양 | 자동차+ | FUN | 홈 편집","이전으로 가기 | 검색어 지우기 | 검색 | 특수검색 메뉴 | 히스토리 | 실시간 트렌드, 펼치기 | 도움말보기 | 닫기 | 실시간 트렌드, 접기 | 주요 서비스 메뉴 펼치기 | 홈 편집 | 이전 | 다음 | 현위치 | 펼쳐보기펼치기 | 펼치기",,검색어 또는 URL 입력,,nil_mtopsearch | DA,"1위, 네팔 홍수 ,동일 | 2위, 이유영 만삭 화보 ,동일 | 3위, 장윤정 모친 사기 ,상승 | 4위, 이진숙 제명 ,상승 | 5위, 제주 실종 허위종결 ,신규 | 6위, 브루노 마스 내한 공연 ,상승 | 7위, 동네의 명장들 ,하락 | 8위, 남동발전 ,신규 | 9위, 쿠사마 야요이 별세 ,신규 | 10위, 두산 에너빌리티 ,신규 | 메뉴 네비게이션 커뮤니티 뉴스 언론사 연예 쇼핑 스포츠 라이브 머니 루프 홈&쿠킹 여행맛집 지식교양 자동차+ | 커뮤니티 | 뉴스 | 언론사 | 연예 | 쇼핑 | 스포츠 | 라이브 | 머니 | 루프 | 홈&쿠킹 | 여행맛집 | 지식교양 | 자동차+ | FUN",https daum net nil top mobile,"Daum 
 이용자 선택권을 강화한 뉴스, 세상의 모든 정보를 연결하는 검색. Daum에서 나의 관심 콘텐츠를 즐겨보세요. 
 다음 | 검색 | 특수검색 | 실시간 트렌드 | 메뉴 네비게이션 | 커뮤니티 | daum commerce 서비스 이용정보 | 뉴스 | 날씨 | 이 시각 추천뉴스 | 커뮤니티 뉴스 인기글 | 천천히 몰입하는, 롱ː 리드 뉴스 | 오늘의 루프 더보기 | 돈이 되는 뉴스 더보기 | 뉴스 바로가기 | '한땀한땀' 심층탐사보도더보기 | 우리지역 소식 | 💡 '깊이 있는 시선' NEW 언론사 | ☕️ 목요 지식토스트 | 카테고리 뉴스 | 트렌드Pick 더보기 | 많이 본 뉴스 | 오늘의 만평 더보기 | 오늘의 추천 연재 더보기 | 언론사별 사설 더보기 
 다음 검색 검색어 입력폼 이전으로 가기 검색어 지우기 검색 특수검색 메뉴 특수검색 다음 앱으로 실행됩니다. 음성검색 음악검색 꽃검색 코드검색 히스토리 추천왔숑 실시간 트렌드 1위, 네팔 홍수 ,동일 2위, 이유영 만삭 화보 ,동일 3위, 장윤정 모친 사기 ,상승 4위, 이진숙 제명 ,상승 5위, 제주 실종 허위종결 ,신규 6위, 브루노 마스 내한 공연 ,상 | 메뉴 네비게이션 커뮤니티 뉴스 언론사 연예 쇼핑 스포츠 라이브 머니 루프 홈&쿠킹 여행맛집 지식교양 자동차+ FUN 홈 편집 
 음성검색 | 음악검색 | 꽃검색 | 코드검색 | 히스토리 | 추천왔숑 | 1위, 네팔 홍수 ,동일 | 2위, 이유영 만삭 화보 ,동일 | 3위, 장윤정 모친 사기 ,상승 | 4위, 이진숙 제명 ,상승 | 5위, 제주 실종 허위종결 ,신규 | 6위, 브루노 마스 내한 공연 ,상승 | 7위, 동네의 명장들 ,하락 | 8위, 남동발전 ,신규 | 9위, 쿠사마 야요이 별세 ,신규 | 10위, 두산 에너빌리티 ,신규 | 자세히 보기 | 혜택플러스 신규 업데이트 혜택플러스 바로가기 | 숏폼 신규 업데이트 숏폼 바로가기 | 알림 신규 업데이트 알림 바로가기 | 커뮤니티 | 뉴스 | 언론사 | 연예 | 쇼핑 | 스포츠 | 라이브 | 머니 | 루프 | 홈&쿠킹 | 여행맛집 | 지식교양 | 자동차+ | FUN | 홈 편집 
 이전으로 가기 | 검색어 지우기 | 검색 | 특수검색 메뉴 | 히스토리 | 실시간 트렌드, 펼치기 | 도움말보기 | 닫기 | 실시간 트렌드, 접기 | 주요 서비스 메뉴 펼치기 | 홈 편집 | 이전 | 다음 | 현위치 | 펼쳐보기펼치기 | 펼치기 
 검색어 또는 URL 입력 
 nil_mtopsearch | DA 
 1위, 네팔 홍수 ,동일 | 2위, 이유영 만삭 화보 ,동일 | 3위, 장윤정 모친 사기 ,상승 | 4위, 이진숙 제명 ,상승 | 5위, 제주 실종 허위종결 ,신규 | 6위, 브루노 마스 내한 공연 ,상승 | 7위, 동네의 명장들 ,하락 | 8위, 남동발전 ,신규 | 9위, 쿠사마 야요이 별세 ,신규 | 10위, 두산 에너빌리티 ,신규 | 메뉴 네비게이션 커뮤니티 뉴스 언론사 연예 쇼핑 스포츠 라이브 머니 루프 홈&쿠킹 여행맛집 지식교양 자동차+ | 커뮤니티 | 뉴스 | 언론사 | 연예 | 쇼핑 | 스포츠 | 라이브 | 머니 | 루프 | 홈&쿠킹 | 여행맛집 | 지식교양 | 자동차+ | FUN 
 https daum net nil top mobile",1599,349
b8b226f9fe32539a,e001_full-wtg_b8b226f9fe32539a-2026-08-27T051538490284Z,d86d805765201b40e226089ec78d2857,FINANCIAL_ACTION_ENTRY,FINANCE_PAYMENT,KB Pay,https://mbiz.kbcard.com/CXEHMSVCD0012.cms,1,KB Pay ìë´ | KB êµ­ë¯¼ì¹´ë(EW11),,KB êµ­ë¯¼ì¹´ë | KB Pay ìë´ | ì¹´ë | ê¸°ì ì¹´ëìë´ | ìë¹ì¤ | ì¶ì¥ì§ì ìë¹ì¤ | ì í´ìë¹ì¤ | ê³ ê°ì¼í° | íìê°ì | 1. íìê°ì íê¸° | ê¸°ì ì¹´ë ë±ë¡ | 1. ê¸°ì ì¹´ë ë±ë¡íê¸° | 2. KB Pay ê¸°ì ì¹´ë ì¬ì©,,,ë«ê¸° | ì ì²´ë©ë´ë³´ê¸° | ì´ì íì´ì§ | ë©ì¸ì¼ë¡ ì´ë | ê¸°ì ì¹´ëìë´ | ì¶ì¥ì§ì ìë¹ì¤ | ì í´ìë¹ì¤ | íìê°ì ì ì ìì¬í­ | ê¸°ì ê³µì©ì¹´ë ë±ë¡ ì ì ìì¬í | íì¸,ê¸°ì ì¹´ëìë´ | ì¶ì¥ì§ì ìë¹ì¤ | ì í´ìë¹ì¤ | íìê°ì ì ì ìì¬í­ | ê¸°ì ê³µì©ì¹´ë ë±ë¡ ì ì ìì¬í­,,,gathrUrls | dscrUrls | dscrRedirectUrls | isSupplCertn | redirectUrl | dscrRejcn | cardEncData | cardSeq | efdsCertResult | efdsSkip | cardPrdctDstic,ì¹´ëì íë¨ | ìë¹ì¤ | ê³ ê°ì¼í° | ê¸°ì ì ì©ì¹´ë | ê¸°ì ì í´ì ì©ì¹´ë | ê¸°ì ì²´í¬ì¹´ë | ì¹´ëì ì²­ë´ì­ | ê¸°ì ì¹´ëìë´ ê¸°ì ì¹´ë ì´ì©ë°©ë² ê¸°ì ì¹´ë ì | ê¸°ì ì¹´ë ì´ì©ë°©ë² | ê¸°ì ì¹´ë ì ì²­ìë´ | ê¸°ì ì¹´ë ì ë³´ ë³ê²½ ìë´ | íìê°ì ë° ë¡ê·¸ì¸ ìë´ | ëª¨ë°ì¼ì± ê¸°ë¥ ìê° | ì¶ì¥ì§ì ìë¹ì¤ êµ­ë´ê³µí­ë¼ì´ì§ ì¼ë³¸ê³µí­ë¼ | êµ­ë´ê³µí­ë¼ì´ì§ | ì¼ë³¸ê³µí­ë¼ì´ì§ | ë¬´ë£ì¬íìë³´í | ì í´ìë¹ì¤ ìºëí¼ ê²°ì  - ê·¸ë¦°ì¬í· íµìë¹ì¤ | ìºëí¼ ê²°ì  - ê·¸ë¦°ì¬í· | íµìë¹ì¤ - íµí í¼ì | ERPìë¹ì¤ - BizPHAROS | ITìì°ê´ë¦¬ìë¹ì¤ - SMPLY | í¬ì¥ì´ì¬ìë¹ì¤ - íµì¸ìµì¤íë ì¤ | ë°©ì­ìë¹ì¤ - ì¸ì¤ì½ | ì¬í íí ìë¹ì¤ - NOL,https mbiz kbcard com cxehmsvcd0012 cms,"KB Pay ìë´ | KB êµ­ë¯¼ì¹´ë(EW11) 
 KB êµ­ë¯¼ì¹´ë | KB Pay ìë´ | ì¹´ë | ê¸°ì ì¹´ëìë´ | ìë¹ì¤ | ì¶ì¥ì§ì ìë¹ì¤ | ì í´ìë¹ì¤ | ê³ ê°ì¼í° | íìê°ì | 1. íìê°ì íê¸° | ê¸°ì ì¹´ë ë±ë¡ | 1. ê¸°ì ì¹´ë ë±ë¡íê¸° | 2. KB Pay ê¸°ì ì¹´ë ì¬ì© 
 ë«ê¸° | ì ì²´ë©ë´ë³´ê¸° | ì´ì íì´ì§ | ë©ì¸ì¼ë¡ ì´ë | ê¸°ì ì¹´ëìë´ | ì¶ì¥ì§ì ìë¹ì¤ | ì í´ìë¹ì¤ | íìê°ì ì ì ìì¬í­ | ê¸°ì ê³µì©ì¹´ë ë±ë¡ ì ì ìì¬í | íì¸ 
 ê¸°ì ì¹´ëìë´ | ì¶ì¥ì§ì ìë¹ì¤ | ì í´ìë¹ì¤ | íìê°ì ì ì ìì¬í­ | ê¸°ì ê³µì©ì¹´ë ë±ë¡ ì ì ìì¬í­ 
 gathrUrls | dscrUrls | dscrRedirectUrls | isSupplCertn | redirectUrl | dscrRejcn | cardEncData | cardSeq | efdsCertResult | efdsSkip | cardPrdctDstic 
 ì¹´ëì íë¨ | ìë¹ì¤ | ê³ ê°ì¼í° | ê¸°ì ì ì©ì¹´ë | ê¸°ì ì í´ì ì©ì¹´ë | ê¸°ì ì²´í¬ì¹´ë | ì¹´ëì ì²­ë´ì­ | ê¸°ì ì¹´ëìë´ ê¸°ì ì¹´ë ì´ì©ë°©ë² ê¸°ì ì¹´ë ì | ê¸°ì ì¹´ë ì´ì©ë°©ë² | ê¸°ì ì¹´ë ì ì²­ìë´ | ê¸°ì ì¹´ë ì ë³´ ë³ê²½ ìë´ | íìê°ì ë° ë¡ê·¸ì¸ ìë´ | ëª¨ë°ì¼ì± ê¸°ë¥ ìê° | ì¶ì¥ì§ì ìë¹ì¤ êµ­ë´ê³µí­ë¼ì´ì§ ì¼ë³¸ê³µí­ë¼ | êµ­ë´ê³µí­ë¼ì´ì§ | ì¼ë³¸ê³µí­ë¼ì´ì§ | ë¬´ë£ì¬íìë³´í | ì í´ìë¹ì¤ ìºëí¼ ê²°ì  - ê·¸ë¦°ì¬í· íµìë¹ì¤ | ìºëí¼ ê²°ì  - ê·¸ë¦°ì¬í· | íµìë¹ì¤ - íµí í¼ì | ERPìë¹ì¤ - BizPHAROS | ITìì°ê´ë¦¬ìë¹ì¤ - SMPLY | í¬ì¥ì´ì¬ìë¹ì¤ - íµì¸ìµì¤íë ì¤ | ë°©ì­ìë¹ì¤ - ì¸ì¤ì½ | ì¬í íí ìë¹ì¤ - NOL 
 https mbiz kbcard com cxehmsvcd0012 cms",1632,34
ccd84811932b237b,e001_full-wtg_ccd84811932b237b-2026-08-27T051433717695Z,6048d2c51a6201fe4da86d9d3fedd3b0,PLACE_LOOKUP,MAP_MOBILITY,카카오T,https://www.kakaomobility.com/service-kakaot,1,카카오 T | 서비스 | 카카오모빌리티,"카카오모빌리티의 다양한 서비스를 카카오 T 앱에서 쉽고 편리하게 이용할 수 있습니다. 통합검색을 통해 이동에 필요한 모든 정보를 한 번에 찾아주고, 테마 별로 재구성된 상단탭으로 간편하게 메인 서비스들과 신규 서비스들을 찾을 수 있습니다. 카카오 T 포인트를 충전하여 간편하게 결제할 수 있으며, 카카오모빌리티의 서비스 이용방법과 새로운 기능들은 브런치에서 확인할 수 있습니다.","KakaoMobility | service | 카카오 T 서비스 목록 | 카카오 T 앱 활용 가이드 | 모든 이동을 위한, 카카오 T | 카카오 T 가이드 | 자주 묻는 질문과 답변 | 카카오모빌리티 파트너로 함께 일하기 | 푸터 메뉴 | 이용자 자금 보호",KakaoMobility펼치기 | 카카오 T 서비스 목록홈택시대리바이크주차항공기차시외버스렌터카셔틀레저/티켓해외차량호출괌택시퀵·배송마이카펫,KakaoMobility | 택시 | 대리 | 바이크 | 주차 | 항공 | 기차 | 시외버스 | 렌터카 | 셔틀 | 레저/티켓 | 해외차량호출 | 괌택시 | 퀵·배송 | 마이카,펼치기 | 이용자 자금 보호 | 전체 닫기 | 선불충전금 현황 | 정산자금 현황 | 확인,,,,,위치정보 이용약관새창열림 | 개인(위치)정보처리방침 | 이용자보호 비전과 계획 | 영상정보처리기기 운영방침새창열림 | 안전보건경영방침새창열림 | 윤리경영 | 이용약관새창열림,https www kakaomobility com service kakaot,"카카오 T | 서비스 | 카카오모빌리티 
 카카오모빌리티의 다양한 서비스를 카카오 T 앱에서 쉽고 편리하게 이용할 수 있습니다. 통합검색을 통해 이동에 필요한 모든 정보를 한 번에 찾아주고, 테마 별로 재구성된 상단탭으로 간편하게 메인 서비스들과 신규 서비스들을 찾을 수 있습니다. 카카오 T 포인트를 충전하여 간편하게 결제할 수 있으며, 카카오모빌리티의 서비스 이용방법과 새로운 기능들은 브런치에서 확인할 수 있습니다. 
 KakaoMobility | service | 카카오 T 서비스 목록 | 카카오 T 앱 활용 가이드 | 모든 이동을 위한, 카카오 T | 카카오 T 가이드 | 자주 묻는 질문과 답변 | 카카오모빌리티 파트너로 함께 일하기 | 푸터 메뉴 | 이용자 자금 보호 
 KakaoMobility펼치기 | 카카오 T 서비스 목록홈택시대리바이크주차항공기차시외버스렌터카셔틀레저/티켓해외차량호출괌택시퀵·배송마이카펫 
 KakaoMobility | 택시 | 대리 | 바이크 | 주차 | 항공 | 기차 | 시외버스 | 렌터카 | 셔틀 | 레저/티켓 | 해외차량호출 | 괌택시 | 퀵·배송 | 마이카 
 펼치기 | 이용자 자금 보호 | 전체 닫기 | 선불충전금 현황 | 정산자금 현황 | 확인 
 위치정보 이용약관새창열림 | 개인(위치)정보처리방침 | 이용자보호 비전과 계획 | 영상정보처리기기 운영방침새창열림 | 안전보건경영방침새창열림 | 윤리경영 | 이용약관새창열림 
 https www kakaomobility com service kakaot",757,139
cdce1ffd6b1b1e24,e001_full-wtg_cdce1ffd6b1b1e24-2026-08-27T051543952104Z,97957fe19feffd3c4c7cd1a7821d1e15,UTILITY_ENTRY,UTILITY_OTHER,디바이스 케어,https://www.samsungsvc.co.kr/solution/42404,1,[ì¼ì± ì¤ë§í¸í°] ëë°ì´ì¤ ì¼ì´ ê¸°ë¥ ì¬ì©ë°©ë²ì´ ê¶ê¸í´ì.,"ëë°ì´ì¤ ì¼ì´ë¡ ì íì ë°°í°ë¦¬, ì ì¥ ê³µê°, RAM ì¬ì©ë, ìì  ìí ë± íëì íì¸í ì ììµëë¤. ë°°í°ë¦¬ ì¬ì©ìê° ë° ìëì íì¸í´ ë³´ì¸ì",ëë°ì´ì¤ ì¼ì´ ê¸°ë¥ ì¬ì©ë°©ë²ì´ ê¶ê¸í´ì. | ëë°ì´ì¤ ì¼ì´ ì¬ì© ìë´â,"ë«ê¸° ë¤ë¡ê°ê¸° SAMSUNG ì¼ì±ì ììë¹ì¤ ìë íì¸ì ê³ ê°ë, ìë íì¸ì ê³ ê°ë! ë¡ê·¸ì¸ íìë©´ ë³´ë¤ í¸ë¦¬íê² ìë¹ì¤ë¥¼ ì´ì©íì¤ ì ììµëë¤. ë¬´ìì ë | ìë íì¸ì ê³ ê°ë, ìë íì¸ì ê³ ê°ë! ë¡ê·¸ì¸ íìë©´ ë³´ë¤ í¸ë¦¬íê² ìë¹ì¤ë¥¼ ì´ì©íì¤ ì ììµëë¤. ë¬´ìì ëìëë¦´ê¹ì? ë¡ê·¸ì¸ ì¥ë°êµ¬ë ì£¼ë¬¸/ë°",ë«ê¸° | ë¤ë¡ê°ê¸° | SAMSUNG ì¼ì±ì ììë¹ì¤ | ë¡ê·¸ì¸ | ì¥ë°êµ¬ë | ì£¼ë¬¸/ë°°ì¡ ì¡°í | ìëª¨íìµ 1:1ë¬¸ì | ìê°ìë¦¬ë¶í ë³´ì¦ë±ë¡ | ë¡ê·¸ìì | ì¤ì¤ë¡í´ê²° | ìì´ì»¨ | ëì¥ê³ /ê¹ì¹ëì¥ê³ | ì¸íê¸°/ê±´ì¡°ê¸°/ìì´ëë ì | ëª¨ë°ì¼ | PC/ëª¨ëí° | íë¦°í°/ë³µí©ê¸° | TV | ì²­ìê¸° | ê³µê¸°ì²­ì ê¸°/ì ìµê¸° | ì£¼ë°©ê°ì  | ì¤ëì¤ | ì¤ë§í¸ì±ì¤ | ì± & ìë¹ì¤ | ê¸°í ì í | ì ë¬¸ìë´ | AI CS Bot ìë´ | ìê²©ìë´ | ì íìë´ ìì½ | ìì´ìë´ | ìë¹ì¤ ìë´ | ìê¸ìë´ | ì ì§ë³´ì | Samsung Care+ | ììì¦/ëª ì¸ì ë°ê¸ | ë¤ì´ë¡ë ìë£ì¤ | ê³ ê° ìê°ìë¦¬ | ìë¹ì¤ ìì½ | ì¶ì¥ìë¹ì¤ ìì½ | ìì½ ì¡°í | ì¼í°ì°¾ê¸°,ë«ê¸° | ë¡ê·¸ì¸ | ì¥ë°êµ¬ë | ì£¼ë¬¸/ë°°ì¡ ì¡°í | ìëª¨íìµ 1:1ë¬¸ì | ìê°ìë¦¬ë¶í ë³´ì¦ë±ë¡ | ë¡ê·¸ìì | ì¬ì´ë ë©ë´ ë«ê¸° | ë¡ê·¸ì¸ë©ë´ ë²í¼ | ë¡ê·¸ììë©ë´ ë²í¼ | ì¬ì´ë ë©ë´ ë³´ê¸° | ê²ì | ì ì²´ì­ì  | ê²ììì­ ë«ê¸° | ê³µì íê¸° | ì¹´ì¹´ì¤ | ë¤ì´ë² ë°´ë | ë¤ì´ë² | í¸ìí° | íì´ì¤ë¶ | êµ¬ê¸íë¬ì¤ | URL ë³µì¬ | ì´ì íë©´ | ì¼ì± ê´ë ¨ ì¬ì´í¸ | ì¬íê³µí ì´ì¼ê¸° | ìëª¨íìµììì íì êµ¬ë§¤íì¸ | ì ì©í ì í ëììì ë³´ë¥¼ ì´ì | ë´ ìì¹ì ê°ì¥ ê°ê¹ì´ì¼í°ë¥¼  | AI CS Bot(ì±ë´ìë´)ìê²ê¶ê¸í ì | íì´ì§ ìë¨ì¼ë¡ ì´ë,,ê²ìì´ë¥¼ ì ë ¥í´ì£¼ì¸ì.,ë¤ | ìëì,feedbackYN,ì¤ì¤ë¡í´ê²° ì¤ì¤ë¡í´ê²° ìì´ì»¨ëì¥ê³ /ê¹ì¹ë | ìì´ì»¨ | ëì¥ê³ /ê¹ì¹ëì¥ê³ | ì¸íê¸°/ê±´ì¡°ê¸°/ìì´ëë ì | ëª¨ë°ì¼ | PC/ëª¨ëí° | íë¦°í°/ë³µí©ê¸° | TV | ì²­ìê¸° | ê³µê¸°ì²­ì ê¸°/ì ìµê¸° | ì£¼ë°©ê°ì  | ì¤ëì¤ | ì¤ë§í¸ì±ì¤ | ì± & ìë¹ì¤ | ê¸°í ì í | ì ë¬¸ìë´ ì ë¬¸ìë´ AI CS Bot ìë´ìê²©ìë´ì í | AI CS Bot ìë´ | ìê²©ìë´ | ì íìë´ ìì½ | ìì´ìë´ | ìë¹ì¤ ìë´ ìë¹ì¤ ìë´ ìê¸ìë´ì ì§ë³´ìSa | ìê¸ìë´ | ì ì§ë³´ì | Samsung Care+ | ììì¦/ëª ì¸ì ë°ê¸,https www samsungsvc co kr solution 42404,"[ì¼ì± ì¤ë§í¸í°] ëë°ì´ì¤ ì¼ì´ ê¸°ë¥ ì¬ì©ë°©ë²ì´ ê¶ê¸í´ì. 
 ëë°ì´ì¤ ì¼ì´ë¡ ì íì ë°°í°ë¦¬, ì ì¥ ê³µê°, RAM ì¬ì©ë, ìì  ìí ë± íëì íì¸í ì ììµëë¤. ë°°í°ë¦¬ ì¬ì©ìê° ë° ìëì íì¸í´ ë³´ì¸ì 
 ëë°ì´ì¤ ì¼ì´ ê¸°ë¥ ì¬ì©ë°©ë²ì´ ê¶ê¸í´ì. | ëë°ì´ì¤ ì¼ì´ ì¬ì© ìë´â 
 ë«ê¸° ë¤ë¡ê°ê¸° SAMSUNG ì¼ì±ì ììë¹ì¤ ìë íì¸ì ê³ ê°ë, ìë íì¸ì ê³ ê°ë! ë¡ê·¸ì¸ íìë©´ ë³´ë¤ í¸ë¦¬íê² ìë¹ì¤ë¥¼ ì´ì©íì¤ ì ììµëë¤. ë¬´ìì ë | ìë íì¸ì ê³ ê°ë, ìë íì¸ì ê³ ê°ë! ë¡ê·¸ì¸ íìë©´ ë³´ë¤ í¸ë¦¬íê² ìë¹ì¤ë¥¼ ì´ì©íì¤ ì ììµëë¤. ë¬´ìì ëìëë¦´ê¹ì? ë¡ê·¸ì¸ ì¥ë°êµ¬ë ì£¼ë¬¸/ë° 
 ë«ê¸° | ë¤ë¡ê°ê¸° | SAMSUNG ì¼ì±ì ììë¹ì¤ | ë¡ê·¸ì¸ | ì¥ë°êµ¬ë | ì£¼ë¬¸/ë°°ì¡ ì¡°í | ìëª¨íìµ 1:1ë¬¸ì | ìê°ìë¦¬ë¶í ë³´ì¦ë±ë¡ | ë¡ê·¸ìì | ì¤ì¤ë¡í´ê²° | ìì´ì»¨ | ëì¥ê³ /ê¹ì¹ëì¥ê³ | ì¸íê¸°/ê±´ì¡°ê¸°/ìì´ëë ì | ëª¨ë°ì¼ | PC/ëª¨ëí° | íë¦°í°/ë³µí©ê¸° | TV | ì²­ìê¸° | ê³µê¸°ì²­ì ê¸°/ì ìµê¸° | ì£¼ë°©ê°ì  | ì¤ëì¤ | ì¤ë§í¸ì±ì¤ | ì± & ìë¹ì¤ | ê¸°í ì í | ì ë¬¸ìë´ | AI CS Bot ìë´ | ìê²©ìë´ | ì íìë´ ìì½ | ìì´ìë´ | ìë¹ì¤ ìë´ | ìê¸ìë´ | ì ì§ë³´ì | Samsung Care+ | ììì¦/ëª ì¸ì ë°ê¸ | ë¤ì´ë¡ë ìë£ì¤ | ê³ ê° ìê°ìë¦¬ | ìë¹ì¤ ìì½ | ì¶ì¥ìë¹ì¤ ìì½ | ìì½ ì¡°í | ì¼í°ì°¾ê¸° 
 ë«ê¸° | ë¡ê·¸ì¸ | ì¥ë°êµ¬ë | ì£¼ë¬¸/ë°°ì¡ ì¡°í | ìëª¨íìµ 1:1ë¬¸ì | ìê°ìë¦¬ë¶í ë³´ì¦ë±ë¡ | ë¡ê·¸ìì | ì¬ì´ë ë©ë´ ë«ê¸° | ë¡ê·¸ì¸ë©ë´ ë²í¼ | ë¡ê·¸ììë©ë´ ë²í¼ | ì¬ì´ë ë©ë´ ë³´ê¸° | ê²ì | ì ì²´ì­ì  | ê²ììì­ ë«ê¸° | ê³µì íê¸° | ì¹´ì¹´ì¤ | ë¤ì´ë² ë°´ë | ë¤ì´ë² | í¸ìí° | íì´ì¤ë¶ | êµ¬ê¸íë¬ì¤ | URL ë³µì¬ | ì´ì íë©´ | ì¼ì± ê´ë ¨ ì¬ì´í¸ | ì¬íê³µí ì´ì¼ê¸° | ìëª¨íìµììì íì êµ¬ë§¤íì¸ | ì ì©í ì í ëììì ë³´ë¥¼ ì´ì | ë´ ìì¹ì ê°ì¥ ê°ê¹ì´ì¼í°ë¥¼  | AI CS Bot(ì±ë´ìë´)ìê²ê¶ê¸í ì | íì´ì§ ìë¨ì¼ë¡ ì´ë 
 ê²ìì´ë¥¼ ì ë ¥í´ì£¼ì¸ì. 
 ë¤ | ìëì 
 feedbackYN 
 ì¤ì¤ë¡í´ê²° ì¤ì¤ë¡í´ê²° ìì´ì»¨ëì¥ê³ /ê¹ì¹ë | ìì´ì»¨ | ëì¥ê³ /ê¹ì¹ëì¥ê³ | ì¸íê¸°/ê±´ì¡°ê¸°/ìì´ëë ì | ëª¨ë°ì¼ | PC/ëª¨ëí° | íë¦°í°/ë³µí©ê¸° | TV | ì²­ìê¸° | ê³µê¸°ì²­ì ê¸°/ì ìµê¸° | ì£¼ë°©ê°ì  | ì¤ëì¤ | ì¤ë§í¸ì±ì¤ | ì± & ìë¹ì¤ | ê¸°í ì í | ì ë¬¸ìë´ ì ë¬¸ìë´ AI CS Bot ìë´ìê²©ìë´ì í | AI CS Bot ìë´ | ìê²©ìë´ | ì íìë´ ìì½ | ìì´ìë´ | ìë¹ì¤ ìë´ ìë¹ì¤ ìë´ ìê¸ìë´ì ì§ë³´ìSa | ìê¸ìë´ | ì ì§ë³´ì | Samsung Care+ | ììì¦/ëª ì¸ì ë°ê¸ 
 https www samsungsvc co kr solution 42404",2885,37
dd2cec4c1fa2beec,e001_full-wtg_dd2cec4c1fa2beec-2026-08-27T052353473212Z,a9d3b29eef8d88a038451757fb1f01f4,ITEM_DETAIL,SHOPPING_COMMERCE,롯데백화점,https://www.lotteon.com:443/p/display/main/ellotte?mall_no=2,1,롯데백화점,"취향을, 브랜드를, 혜택을 발견하는 즐거움. 지금 롯데온에서 만나요",롯데백화점 몰이동 | HOME | 여성패션 가을 신상 | 더캐스트 X롯데백화점 | 26F/W 패션위크 | 아디다스 공식 브랜드관 오픈 | 나스 NEW 립 라이너 | USJ 25주년 기념 VIP투어 증정 이벤트 | 스마트링의 시작 오우라링5 | 롯데타운 서머마켓 포켓몬 별빛낙원 | 롯데 ART VM | 영캐주얼 가을 신상 위크 | 비비안 69주년 | 추석마중 사전예약 OPEN | 부가부 베이비페어 최대 혜택 | 정관장 선물의 正석 | 일본 철도여행 | 랑텀프렐X이강소 콜라보 와인 | 에이글 시즌오프 | All About Oulet | 샹테카이 라이언 컬렉션 선출시 | 바샤커피 브랜드위크 | 디올 하우스 아이코닉 향수 컬렉션 | 남성패션 NEW SEASON | 나이키 Brand Week,앱 다운 받기 배너 닫기 롯데백화점 몰이동검색장바구니 | 카테고리검색몰 이동마이롯데최근본상품,롯데백화점 | 장바구니,앱 다운 받기 | 배너 닫기 | 몰이동 | 검색 | HOME | 베스트 | 추석마중 | AD LG전자 | 오우라링 | NEW 쇼룸 | 선물 | 여기서만 단독 | 아디다스 | 전체 | 열기 | 닫기,검색 | 액션바 메뉴 | 정지 | 이벤트,,,dshopNo | memInfo | chCsfCd,카테고리 | 검색 | 몰 이동 | 마이롯데 | 최근본상품 | 여성패션 | 스포츠/레저 | 키즈 | 가방/ACC | 뷰티 | 해외패션 | 식품 | 가전·가구 | 리빙 | 남성패션 | 진/캐주얼 | 롯데백화점 소개 | 고객센터 | 지점안내 | 임직원행사 | 통신판매업 신고 : 2024-서울강남-04439 | 이메일 주소: lotteon@lotte.net | 이용약관 | 전자금융거래약관 | 개인정보처리방침,https www lotteon com 443 display main ellotte mall no,"롯데백화점 
 취향을, 브랜드를, 혜택을 발견하는 즐거움. 지금 롯데온에서 만나요 
 롯데백화점 몰이동 | HOME | 여성패션 가을 신상 | 더캐스트 X롯데백화점 | 26F/W 패션위크 | 아디다스 공식 브랜드관 오픈 | 나스 NEW 립 라이너 | USJ 25주년 기념 VIP투어 증정 이벤트 | 스마트링의 시작 오우라링5 | 롯데타운 서머마켓 포켓몬 별빛낙원 | 롯데 ART VM | 영캐주얼 가을 신상 위크 | 비비안 69주년 | 추석마중 사전예약 OPEN | 부가부 베이비페어 최대 혜택 | 정관장 선물의 正석 | 일본 철도여행 | 랑텀프렐X이강소 콜라보 와인 | 에이글 시즌오프 | All About Oulet | 샹테카이 라이언 컬렉션 선출시 | 바샤커피 브랜드위크 | 디올 하우스 아이코닉 향수 컬렉션 | 남성패션 NEW SEASON | 나이키 Brand Week 
 앱 다운 받기 배너 닫기 롯데백화점 몰이동검색장바구니 | 카테고리검색몰 이동마이롯데최근본상품 
 롯데백화점 | 장바구니 
 앱 다운 받기 | 배너 닫기 | 몰이동 | 검색 | HOME | 베스트 | 추석마중 | AD LG전자 | 오우라링 | NEW 쇼룸 | 선물 | 여기서만 단독 | 아디다스 | 전체 | 열기 | 닫기 
 검색 | 액션바 메뉴 | 정지 | 이벤트 
 dshopNo | memInfo | chCsfCd 
 카테고리 | 검색 | 몰 이동 | 마이롯데 | 최근본상품 | 여성패션 | 스포츠/레저 | 키즈 | 가방/ACC | 뷰티 | 해외패션 | 식품 | 가전·가구 | 리빙 | 남성패션 | 진/캐주얼 | 롯데백화점 소개 | 고객센터 | 지점안내 | 임직원행사 | 통신판매업 신고 : 2024-서울강남-04439 | 이메일 주소: lotteon@lotte.net | 이용약관 | 전자금융거래약관 | 개인정보처리방침 
 https www lotteon com 443 display main ellotte mall no",955,177
e7bb158c1c8d9fe7,e001_full-wtg_e7bb158c1c8d9fe7-2026-08-27T052414424401Z,2db5f2caa74db3010ac5540015a13723,ITEM_DETAIL,SHOPPING_COMMERCE,마켓컬리,https://www.kurly.com/main,1,컬리 - 마켓컬리/뷰티컬리,"Better Life for All. 건강한 식재료부터 믿을 수 있는 뷰티, 라이프스타일 상품까지. 나와 내 가족이 사고 싶은 상품을 판매합니다. 내일 아침 문 앞에서 만나요!",고객행복센터,추천베스트세일패션패션리빙신상특가/혜택,추천 | 베스트 | 세일 | 패션패션 | 리빙 | 신상 | 특가/혜택,앱 열기 | [인증범위] 컬리 쇼핑몰 서비스 개발·운영(심사받지 않은 물리적 인프라  | 당사는 고객님이 현금 결제한 금액에 대해 우리은행과 채무지급보증계약을 체,,,마켓컬리 | 뷰티컬리,main-site-switch,회사소개 | 투자정보 | 인재채용 | 개인정보처리방침,https www kurly com main,"컬리 - 마켓컬리/뷰티컬리 
 Better Life for All. 건강한 식재료부터 믿을 수 있는 뷰티, 라이프스타일 상품까지. 나와 내 가족이 사고 싶은 상품을 판매합니다. 내일 아침 문 앞에서 만나요! 
 고객행복센터 
 추천베스트세일패션패션리빙신상특가/혜택 
 추천 | 베스트 | 세일 | 패션패션 | 리빙 | 신상 | 특가/혜택 
 앱 열기 | [인증범위] 컬리 쇼핑몰 서비스 개발·운영(심사받지 않은 물리적 인프라  | 당사는 고객님이 현금 결제한 금액에 대해 우리은행과 채무지급보증계약을 체 
 마켓컬리 | 뷰티컬리 
 main-site-switch 
 회사소개 | 투자정보 | 인재채용 | 개인정보처리방침 
 https www kurly com main",373,73
13ed070478ef62c3,e001_full-wtg_13ed070478ef62c3-2026-08-27T051430493325Z,90d4646b3105c57c0fa3af7419d663a0,CONTENT_OPEN,CONTENT_VIDEO,Netflix,https://www.netflix.com/kr/login,1,Netflix,"스마트 TV, 태블릿, 스마트폰, PC, 게임 콘솔 등 다양한 디바이스에서 영화와 시리즈를 마음껏 즐기세요.",로그인 정보를 입력하세요 | 아니면 새 계정으로 시작하세요. | 개인정보 선호 센터 | 일반 설명 | 필수 쿠키 | 당사의 성능 및 기능 쿠키 | 타사의 성능 및 기능 쿠키 | 광고 쿠키 | 쿠키 목록,"Netflix | 개인정보 선호 센터일반 설명일반 설명본 쿠키 툴은 회원이 Netflix 서비스 내 쿠키 사용 및 이러한 쿠키 사용을 제어하는 법을 이해하는 데 도움이 됩니다. 대다수 브라우저의 경우 개인정보 설정을 통해 브라우저에서 일부 쿠키 또는 모든 쿠키를 수락하지 못하도록 설정할 수 있으며, 새 쿠키 수신 시 알림을 받거나 쿠키를 한꺼번에 비활성화할 수 있습니다. 브",Netflix,다음 | 고객 지원 | 쿠키 정보 | Back Button | Filter Button | Clear | Apply | Cancel | 설정 저장,개인정보 선호 센터 | 환경 설정 센터 닫기 | 쿠키 카테고리 | 필수 쿠키 - 쿠키 세부 정보 버튼은 쿠키 목록 메뉴를 엽니 다 | 당사의 성능 및 기능 쿠키 - 쿠키 세부 정보 버튼은 쿠키 목록 메뉴를 엽니 다 | 타사의 성능 및 기능 쿠키 - 쿠키 세부 정보 버튼은 쿠키 목록 메뉴를 엽니 다 | 광고 쿠키 - 쿠키 세부 정보 버튼은 쿠키 목록 메뉴를 엽니 다 | Back | 쿠키 목록 검색 | 필터 쿠키 목록 | Powered by OneTrust 새 탭에서 열기,검색...,이메일 주소 또는 휴대폰 번호 | 비밀번호 | 언어 선택 | 타사의 성능 및 기능 쿠키 | 광고 쿠키 | checkbox label,userLoginId | password | ot-group-id-C0003 | ot-group-id-C0004 | vendor-search-handler,"자주 묻는 질문 | 고객 센터 | 이용 약관 | 개인정보 처리방침 | 쿠키 설정 | 기업 정보 | 일반 설명일반 설명본 쿠키 툴은 회원이 Netflix 서비스 내 쿠키 사용 및 이러한 쿠키 사용을 제어하는  | 필수 쿠키필수 쿠키항상 활성화필수 쿠키는 Netflix 서비스를 제공하는 데 반드시 필요합니다. 예를 들어, | 광고 쿠키광고 쿠키 광고 쿠키 광고 쿠키는 ‘광고’(Netflix 이용 약관에 정의된 의미)와 관련하여 Ne",https www netflix com kr login,"Netflix 
 스마트 TV, 태블릿, 스마트폰, PC, 게임 콘솔 등 다양한 디바이스에서 영화와 시리즈를 마음껏 즐기세요. 
 로그인 정보를 입력하세요 | 아니면 새 계정으로 시작하세요. | 개인정보 선호 센터 | 일반 설명 | 필수 쿠키 | 당사의 성능 및 기능 쿠키 | 타사의 성능 및 기능 쿠키 | 광고 쿠키 | 쿠키 목록 
 Netflix | 개인정보 선호 센터일반 설명일반 설명본 쿠키 툴은 회원이 Netflix 서비스 내 쿠키 사용 및 이러한 쿠키 사용을 제어하는 법을 이해하는 데 도움이 됩니다. 대다수 브라우저의 경우 개인정보 설정을 통해 브라우저에서 일부 쿠키 또는 모든 쿠키를 수락하지 못하도록 설정할 수 있으며, 새 쿠키 수신 시 알림을 받거나 쿠키를 한꺼번에 비활성화할 수 있습니다. 브 
 Netflix 
 다음 | 고객 지원 | 쿠키 정보 | Back Button | Filter Button | Clear | Apply | Cancel | 설정 저장 
 개인정보 선호 센터 | 환경 설정 센터 닫기 | 쿠키 카테고리 | 필수 쿠키 - 쿠키 세부 정보 버튼은 쿠키 목록 메뉴를 엽니 다 | 당사의 성능 및 기능 쿠키 - 쿠키 세부 정보 버튼은 쿠키 목록 메뉴를 엽니 다 | 타사의 성능 및 기능 쿠키 - 쿠키 세부 정보 버튼은 쿠키 목록 메뉴를 엽니 다 | 광고 쿠키 - 쿠키 세부 정보 버튼은 쿠키 목록 메뉴를 엽니 다 | Back | 쿠키 목록 검색 | 필터 쿠키 목록 | Powered by OneTrust 새 탭에서 열기 
 검색... 
 이메일 주소 또는 휴대폰 번호 | 비밀번호 | 언어 선택 | 타사의 성능 및 기능 쿠키 | 광고 쿠키 | checkbox label 
 userLoginId | password | ot-group-id-C0003 | ot-group-id-C0004 | vendor-search-handler 
 자주 묻는 질문 | 고객 센터 | 이용 약관 | 개인정보 처리방침 | 쿠키 설정 | 기업 정보 | 일반 설명일반 설명본 쿠키 툴은 회원이 Netflix 서비스 내 쿠키 사용 및 이러한 쿠키 사용을 제어하는  | 필수 쿠키필수 쿠키항상 활성화필수 쿠키는 Netflix 서비스를 제공하는 데 반드시 필요합니다. 예를 들어, | 광고 쿠키광고 쿠키 광고 쿠키 광고 쿠키는 ‘광고’(Netflix 이용 약관에 정의된 의미)와 관련하여 Ne 
 https www netflix com kr login",1209,278
190b4501e4415d5e,e001_full-wtg_190b4501e4415d5e-2026-08-27T052051203323Z,f7d7f8aace4852a658b62b3c074723bf,UTILITY_ENTRY,UTILITY_OTHER,V3 Mobile Plus,https://mplweb.ahnlab.com/mplweb/v3mp/main_android.do,1,V3 Mobile PLUS,,í | í¼ì± íì§ | ëª¨ë°ì¼ ë³´ì | ë³´ì ì ë³´ | ë³´ì | ëª¨ë°ì¼ ë°±ì ê´ê³ | ì ë³´ | ìë¦¼ì¥ | ìµê·¼ ìë¦¼ì¥ ë©ìì§ | ê¸ìµì¬ê¸° ì ë³´ì¤ë§í¸í¼ì±ë³´í¸ | ë³´ìë´ì¤,,,GNB ë«ê¸° | ë«ê¸°,,,,,"ë³´ì ìí ì± íì§ ì í ì¡°ì íì§ í¼ì± ìë¦¼  | ìí ì± íì§ | ì í ì¡°ì íì§ | í¼ì± ìë¦¼ | QR ì½ë ê²ì¬ | ë³´ìë´ì¤ | ì§ì ìë¦¼ ì¤ì  ê³µì§ ì¬í­ ì¬ì© ê°ì´ë ì í ì | ìë¦¼ ì¤ì  | ê³µì§ ì¬í­ | ì¬ì© ê°ì´ë | ì í ì ë³´ | ì´ì©ì½ê´ | í | ë³´ì | ì ë³´ | ì¼íã | ê¸ìµì¬ê¸° ì ë³´ì¤ë§í¸í¼ì±ë³´í¸ | ð ì¤ë§í¸í°, ì¬ë¶í ì´ íìí ì´ì | ð ê³µì© PC, ë¡ê·¸ììë§ íë©´ ì ëë ì´ì",https mplweb ahnlab com mplweb v3mp main android do,"V3 Mobile PLUS 
 í | í¼ì± íì§ | ëª¨ë°ì¼ ë³´ì | ë³´ì ì ë³´ | ë³´ì | ëª¨ë°ì¼ ë°±ì ê´ê³ | ì ë³´ | ìë¦¼ì¥ | ìµê·¼ ìë¦¼ì¥ ë©ìì§ | ê¸ìµì¬ê¸° ì ë³´ì¤ë§í¸í¼ì±ë³´í¸ | ë³´ìë´ì¤ 
 GNB ë«ê¸° | ë«ê¸° 
 ë³´ì ìí ì± íì§ ì í ì¡°ì íì§ í¼ì± ìë¦¼  | ìí ì± íì§ | ì í ì¡°ì íì§ | í¼ì± ìë¦¼ | QR ì½ë ê²ì¬ | ë³´ìë´ì¤ | ì§ì ìë¦¼ ì¤ì  ê³µì§ ì¬í­ ì¬ì© ê°ì´ë ì í ì | ìë¦¼ ì¤ì  | ê³µì§ ì¬í­ | ì¬ì© ê°ì´ë | ì í ì ë³´ | ì´ì©ì½ê´ | í | ë³´ì | ì ë³´ | ì¼íã | ê¸ìµì¬ê¸° ì ë³´ì¤ë§í¸í¼ì±ë³´í¸ | ð ì¤ë§í¸í°, ì¬ë¶í ì´ íìí ì´ì | ð ê³µì© PC, ë¡ê·¸ììë§ íë©´ ì ëë ì´ì 
 https mplweb ahnlab com mplweb v3mp main android do",776,15
377983572bd38242,e001_full-wtg_377983572bd38242-2026-08-27T052101270894Z,f6be8e16939c0548539163729075455c,ITEM_DETAIL,SHOPPING_COMMERCE,다이소,https://www.daiso.co.kr/,1,"국민가게, 다이소","꼭 필요한 생활용품처럼, 꼭 필요한 국민가게가 되겠습니다.","국민가게, 다이소 | daiso | 추천태그 | 다이소 새소식 | DAISO IN SNS | 우리 동네 다이소는 어디에? | 뉴스룸 | 아성다이소 소셜 미디어 | 가맹점 리스트","기업소개 인사말 기업비전 연혁 CI/BI 오시는 길 물류센터 국민가게, 다이소 브랜드스토리 상품소개 다이소소식 경영이념 품질중심 윤리경영 사람중심경영 인재채용 인재상 인사제도 직무소개 채용안내 고객지원 고객문의 매장검색 비즈니스 제휴문의 납품문의 인테리어 업체 제휴 문의 가맹문의 공지사항 이전 배너 다음 배너 | 기업소개 인사말 기업비전 연혁 CI/BI 오시는 길 물류센터 국민가게, 다이소 브랜드스토리 상품소개 다이소소식 경영이념 품질중심 윤리경영 사람중심경영 인재채용 인재상 인사제도 직무소개 채용안내 고객지원 고객문의 매장검색 비즈니스 제휴문의 납품문의 인테리어 업체 제휴 문의 가맹문의 공지사항 | 자주 묻는 질문 재고 조회 매장 검색 납품 문의 가맹 문의 인테리어 업체 제휴 문의 비즈니스 제휴문의 | 자주묻는질문 개인정보처리방침 이메일무단수집거부 인재채용 오시는길 영상정보처리기기 보호지침","기업소개 | 인사말 | 기업비전 | 연혁 | CI/BI | 오시는 길 | 물류센터 | 국민가게, 다이소 | 브랜드스토리 | 상품소개 | 다이소소식 | 경영이념 | 품질중심 | 윤리경영 | 사람중심경영 | 인재채용 | 인재상 | 인사제도 | 직무소개 | 채용안내 | 고객지원 | 고객문의 | 매장검색 | 비즈니스 제휴문의 | 납품문의 | 인테리어 업체 제휴 문의 | 가맹문의 | 공지사항 | 자주 묻는 질문 | 재고 조회 | 매장 검색 | 납품 문의 | 가맹 문의 | 자주묻는질문 | 개인정보처리방침 | 이메일무단수집거부 | 오시는길 | 영상정보처리기기 보호지침",이전 배너 | 다음 배너 | 검색어 삭제 | 검색 | Close | 퀵메뉴 열기 | 퀵메뉴 닫기 | 슬라이드 멈춤 | 슬라이드 재생 | 1번째 슬라이드로 이동 | 이전 슬라이드 | 다음 슬라이드 | 우리동네 다이소 찾기 | 닫기,Previous slide | Next slide | Go to 1 pages,검색어를 입력해주세요 | 가까운 다이소 매장을 찾아보세요,,search | name_address,"본문내용 바로가기 | 기업소개 인사말 기업비전 연혁 CI/BI 오시는 길 물류센터 | 인사말 | 기업비전 | 연혁 | CI/BI | 오시는 길 | 물류센터 | 국민가게, 다이소 브랜드스토리 상품소개 다이소소식 | 브랜드스토리 | 상품소개 | 다이소소식 | 경영이념 품질중심 윤리경영 사람중심경영 | 품질중심 | 윤리경영 | 사람중심경영 | 인재채용 인재상 인사제도 직무소개 채용안내 | 인재상 | 인사제도 | 직무소개 | 채용안내 | 고객지원 고객문의 매장검색 비즈니스 제휴문의 납품문의 인테리어 업체 제휴 문의 가맹문의 공지사항 | 고객문의 | 매장검색 | 비즈니스 제휴문의",https www daiso co kr,"국민가게, 다이소 
 꼭 필요한 생활용품처럼, 꼭 필요한 국민가게가 되겠습니다. 
 국민가게, 다이소 | daiso | 추천태그 | 다이소 새소식 | DAISO IN SNS | 우리 동네 다이소는 어디에? | 뉴스룸 | 아성다이소 소셜 미디어 | 가맹점 리스트 
 기업소개 인사말 기업비전 연혁 CI/BI 오시는 길 물류센터 국민가게, 다이소 브랜드스토리 상품소개 다이소소식 경영이념 품질중심 윤리경영 사람중심경영 인재채용 인재상 인사제도 직무소개 채용안내 고객지원 고객문의 매장검색 비즈니스 제휴문의 납품문의 인테리어 업체 제휴 문의 가맹문의 공지사항 이전 배너 다음 배너 | 기업소개 인사말 기업비전 연혁 CI/BI 오시는 길 물류센터 국민가게, 다이소 브랜드스토리 상품소개 다이소소식 경영이념 품질중심 윤리경영 사람중심경영 인재채용 인재상 인사제도 직무소개 채용안내 고객지원 고객문의 매장검색 비즈니스 제휴문의 납품문의 인테리어 업체 제휴 문의 가맹문의 공지사항 | 자주 묻는 질문 재고 조회 매장 검색 납품 문의 가맹 문의 인테리어 업체 제휴 문의 비즈니스 제휴문의 | 자주묻는질문 개인정보처리방침 이메일무단수집거부 인재채용 오시는길 영상정보처리기기 보호지침 
 기업소개 | 인사말 | 기업비전 | 연혁 | CI/BI | 오시는 길 | 물류센터 | 국민가게, 다이소 | 브랜드스토리 | 상품소개 | 다이소소식 | 경영이념 | 품질중심 | 윤리경영 | 사람중심경영 | 인재채용 | 인재상 | 인사제도 | 직무소개 | 채용안내 | 고객지원 | 고객문의 | 매장검색 | 비즈니스 제휴문의 | 납품문의 | 인테리어 업체 제휴 문의 | 가맹문의 | 공지사항 | 자주 묻는 질문 | 재고 조회 | 매장 검색 | 납품 문의 | 가맹 문의 | 자주묻는질문 | 개인정보처리방침 | 이메일무단수집거부 | 오시는길 | 영상정보처리기기 보호지침 
 이전 배너 | 다음 배너 | 검색어 삭제 | 검색 | Close | 퀵메뉴 열기 | 퀵메뉴 닫기 | 슬라이드 멈춤 | 슬라이드 재생 | 1번째 슬라이드로 이동 | 이전 슬라이드 | 다음 슬라이드 | 우리동네 다이소 찾기 | 닫기 
 Previous slide | Next slide | Go to 1 pages 
 검색어를 입력해주세요 | 가까운 다이소 매장을 찾아보세요 
 search | name_address 
 본문내용 바로가기 | 기업소개 인사말 기업비전 연혁 CI/BI 오시는 길 물류센터 | 인사말 | 기업비전 | 연혁 | CI/BI | 오시는 길 | 물류센터 | 국민가게, 다이소 브랜드스토리 상품소개 다이소소식 | 브랜드스토리 | 상품소개 | 다이소소식 | 경영이념 품질중심 윤리경영 사람중심경영 | 품질중심 | 윤리경영 | 사람중심경영 | 인재채용 인재상 인사제도 직무소개 채용안내 | 인재상 | 인사제도 | 직무소개 | 채용안내 | 고객지원 고객문의 매장검색 비즈니스 제휴문의 납품문의 인테리어 업체 제휴 문의 가맹문의 공지사항 | 고객문의 | 매장검색 | 비즈니스 제휴문의 
 https www daiso co kr",1495,286
4feab7e61bf642e8,e001_full-wtg_4feab7e61bf642e8-2026-08-27T051506415041Z,8cf29ed21e923beb69e662083a68c87d,ITEM_DETAIL,SHOPPING_COMMERCE,CJ온스타일,https://display.cjonstyle.com/nfront/search/searchAllList/,1,CJ온스타일,매일 만나는 라이브커머스와 취향맞춤 영상 큐레이션까지! CJ온스타일에서 만나보세요.,통합 검색 | 추천 검색어 | 인기 검색어 | CJ ENM 사업자 연락정보 및 약관,통합 검색뒤로 가기키워드 검색검색어 입력 검색어 삭제 검색 장바구니0개 담겨있음,뒤로 가기 | 장바구니0개 담겨있음,검색어 삭제 | 검색 | 추천 검색어 안내 | 전체 | 여성 | 남성 | 급상승 | 안내 닫기,,검색어를 입력해주세요,검색어 입력,,1 위지스튜디오 | 2 위프라이누벅호보백 | 3 위바니스뉴욕 | 4 위더엣지 | 5 위칼라거펠트 | 6 위셀렙샵에디션 | 7 위베베숲 | 8 위오야니가방 | 9 위오야니 | 10 위프라이 호보백 | 11 위르네디피 | 12 위프라이 가방 | 13 위원피스 | 14 위드베로타 | 15 위프라이 | 16 위블라우스 | 17 위칼라거펠트가방 | 18 위칼라거펠트 신발 | 19 위에르헴 | 20 위하스카프베리 NEW | 2 위바니스뉴욕 | 3 위더엣지 | 4 위칼라거펠트 | 5 위셀렙샵에디션 | 6 위오야니가방,https display cjonstyle com nfront search searchalllist,"CJ온스타일 
 매일 만나는 라이브커머스와 취향맞춤 영상 큐레이션까지! CJ온스타일에서 만나보세요. 
 통합 검색 | 추천 검색어 | 인기 검색어 | CJ ENM 사업자 연락정보 및 약관 
 통합 검색뒤로 가기키워드 검색검색어 입력 검색어 삭제 검색 장바구니0개 담겨있음 
 뒤로 가기 | 장바구니0개 담겨있음 
 검색어 삭제 | 검색 | 추천 검색어 안내 | 전체 | 여성 | 남성 | 급상승 | 안내 닫기 
 검색어를 입력해주세요 
 검색어 입력 
 1 위지스튜디오 | 2 위프라이누벅호보백 | 3 위바니스뉴욕 | 4 위더엣지 | 5 위칼라거펠트 | 6 위셀렙샵에디션 | 7 위베베숲 | 8 위오야니가방 | 9 위오야니 | 10 위프라이 호보백 | 11 위르네디피 | 12 위프라이 가방 | 13 위원피스 | 14 위드베로타 | 15 위프라이 | 16 위블라우스 | 17 위칼라거펠트가방 | 18 위칼라거펠트 신발 | 19 위에르헴 | 20 위하스카프베리 NEW | 2 위바니스뉴욕 | 3 위더엣지 | 4 위칼라거펠트 | 5 위셀렙샵에디션 | 6 위오야니가방 
 https display cjonstyle com nfront search searchalllist",596,112
5c614fc99631ce5e,e001_full-wtg_5c614fc99631ce5e-2026-08-27T052203828777Z,625eb4232c8fa1864b9796395b29abbd,ITEM_DETAIL,SHOPPING_COMMERCE,홈앤쇼핑,https://m.hnsmall.com/main,1,HOME & SHOPPING,,"홈앤쇼핑 | 상품 옵션 선택 close | 색상을 선택해주세요 | 단일상품 | 크기를 선택해주세요 | 옵션을 선택해 주세요. | 무늬를 선택해주세요 | 옵션을 선택해주세요 | MD's Choice | 지금 핫한 식품 BEST 100 툴팁 BEST 상품은 최근 2일 누적 판매량과MD 추천 상품이 함께 노출되며, 노출 순서는 판매량과 무관합니다. | 전체 카테고리 | 지금 방송중 | 주요 혜택 모아보기 | 인기상품 추천지금 인기 있는 상품들을 추천해드려요. | 최종혜택가 알림 | 홈&쇼핑 맞춤형 광고 | 다른 홈쇼핑에서 인기상품 안내 | 모든 홈쇼핑 BEST 상품 안내 | 공유하기",홈앤쇼핑 내비게이션 김치 쟁여둘 기회! 김치대전 검색하기 장바구니 0 | 로그인 해주세요 회원가입 닫기 고객센터 주문/배송 나의쇼핑 방송알림설정 카테고리 TV상품 식품/건강식품 생활용품 뷰티 주방용품 패션의류 패션잡화 주얼리 가전/디지털 언더웨어 가구/인테리어 침구/커튼 스포츠/레저 출산/유아동 건강용품 여행/문화/서비스 패션의류 패션샵 매장 바로가기 여성의류 남성/캐주얼의류 언더웨어 언더웨어/홈웨어 패션잡화 패션샵 매장 바로가,홈앤쇼핑 | 김치 쟁여둘 기회! 김치대전 | 검색하기 | 장바구니 | 로그인 해주세요 | 회원가입 | 닫기 | 고객센터 | 주문/배송 | 나의쇼핑 | 방송알림설정 | TV상품 | 식품/건강식품 | 생활용품 | 뷰티 | 주방용품 | 패션의류 | 패션잡화 | 주얼리 | 가전/디지털 | 언더웨어 | 가구/인테리어 | 침구/커튼 | 스포츠/레저 | 출산/유아동 | 건강용품 | 여행/문화/서비스 | 패션샵 매장 바로가기 | 여성의류 | 남성/캐주얼의류 | 언더웨어/홈웨어 | 잡화/명품/슈즈 | 보석/시계/액세서리 | 뷰티 매장 바로가기 | 화장품/헤어/바디 | 스포츠패션/슈즈/아웃도어 | 캠핑/골프/헬스/자전거 | 출산/육아/유아동패션 | 유아동도서/교육/완구/문구 | 가구/침구,내비게이션 | 툴팁 | 닫기 | 1단보기 | 2단보기 | 사이드 네비 닫기 | 오늘은 그만 보기 | 초기화 | 적용하기,,,수신 | 거부 | 여성 | 남성 | 20대 | 30대 | 40대 | 50대 | 60대 이상 | 2만원 미만 | 2~3만원 대 | 4~5만원 대 | 6~7만원 대 | 8~9만원 대 | 10만원 이상 | 무료배송 | TV상품 | 텐텐플러스 상품 | 쇼핑몰 상품,agree | promo10Cnt | directOrderYn | goods_code | goodsdt_code | type | order_qty | pushAgreeYn | forwardUrl | alarmType | alarmTarget | endDate | alarmPushYn | alarmSmsYn | recptTimeType | alarmCount | alarmPeriod | division | mobileDeviceYn | radio-test02 | radio-test03 | radio-test04 | radio-test05 | dtlsCtgrCd | recoType,"[BTV] 온작 이영자 왕떡갈비 130g x 20팩 49% 판매가 35,900원 | 안국건강 아이원 루테인 지아잔틴 미니 60캡슐 3박스 (6개월분) ~19% 최종혜택가 37,179원~ 즉시할 | [프레시미트]블랙앵거스 LA갈비 4kg 선물(초이스/미국산) ~34% 최종혜택가 115,848원~ 즉시할인1 | *농할할인*[자연의정] 햇사레 황도 복숭아 특대과 4kg 외 14% 모바일할인가 28,220원 즉시할인10% | [목우촌] 허브갈릭 훈제오리 슬라이스 210g x 6팩 ~42% 최종혜택가 23,697원~ 즉시할인10% 자 | [대상웰라이프] 뉴케어 구수한맛 2박스 外 인기상품 특가전 ~19% 최종혜택가 87,480원~ 즉시할인10% | [HACCP ] 26년 경북영양고추 고춧가루 3kg ~25% 최종혜택가 95,670원~ 10%할인 10%적립 | 26년 국산 햇고춧가루 강화 햇고추가루 김장용 보통 매운 굵은 고춧가루 1kg ~39% 최종혜택가 30,62 | *농할할인*♥홈앤특별기획♥ 이달의 쌀 농협 신동진 쌀 10kg 12% 모바일할인가 38,730원 10%할인 | ★품질보장★ 반건조 황금빛 박대 왕특大 10미(35~37cm) 31% 모바일할인가 33,750원 10%할인 | [삼육두유] 검은콩&칼슘 두유 파우치 190ml x 80팩 외 BEST ~19% 최종혜택가 36,369원~  | 살부루아 스페인 엑스트라버진 냉압착 올리브유 500ml 3병 / 2병 / 유기농 / 포마스유 특가 모음전 ~ | [봄내푸드] 통닭다리살 순살 춘천닭갈비 500g x 4팩 (춘천직송) ~42% 최종혜택가 19,170원~ 1 | 30년전통 당일생산 국내산 열무김치 3kg 외 홍주부 베스트 모음전 ~19% 최종혜택가 20,169원~ 10 | [프레시미트] 삼겹살 1.5kg (벌집삼겹살 300g 2개+옛날삼겹살300g 2개+벌집삼겹살300g한팩 추가 | [제스프리] 뉴질랜드 썬 골드키위 슈퍼점보과 3.4kg (22입,개당 155g내외) 42% 모바일할인가 29 | [마음심은] 김치/젓갈 특가전 최종혜택가 39,609원~ | 조선호텔포기김치 외 인기상품 최종혜택가 63,909원~ | 종가 무석박지 포기 총각 열무 BEST 김치 모음전 최종혜택가 60,669원~ | [HACCP ] 26년 경북영양고추 고춧가루 2kg 최종혜택가 63,207원~ | [더싱싱] 26년 햇 국산 고춧가루 1.5kg (500g x 3) / HACCP인증 최종혜택가 35,325원 | 26년 국산 햇고춧가루 강화 햇고추가루 김장용 보통 매운 굵은 고춧가루 1kg 최종혜택가 30,627원~ | [CJ골라담기] 비비고 왕교자 1.05kg 2봉+ 인기만두 7종 2봉(택1) 최종혜택가 27,702원~ | [삼육두유] 검은콩&칼슘 두유 파우치 190ml x 80팩 외 BEST 최종혜택가 36,369원~ | [CJ] 햇반 백미 윤기가득쌀밥 210g x36개 [박스특가] 최종혜택가 35,793원~",https hnsmall com main,"HOME & SHOPPING 
 홈앤쇼핑 | 상품 옵션 선택 close | 색상을 선택해주세요 | 단일상품 | 크기를 선택해주세요 | 옵션을 선택해 주세요. | 무늬를 선택해주세요 | 옵션을 선택해주세요 | MD's Choice | 지금 핫한 식품 BEST 100 툴팁 BEST 상품은 최근 2일 누적 판매량과MD 추천 상품이 함께 노출되며, 노출 순서는 판매량과 무관합니다. | 전체 카테고리 | 지금 방송중 | 주요 혜택 모아보기 | 인기상품 추천지금 인기 있는 상품들을 추천해드려요. | 최종혜택가 알림 | 홈&쇼핑 맞춤형 광고 | 다른 홈쇼핑에서 인기상품 안내 | 모든 홈쇼핑 BEST 상품 안내 | 공유하기 
 홈앤쇼핑 내비게이션 김치 쟁여둘 기회! 김치대전 검색하기 장바구니 0 | 로그인 해주세요 회원가입 닫기 고객센터 주문/배송 나의쇼핑 방송알림설정 카테고리 TV상품 식품/건강식품 생활용품 뷰티 주방용품 패션의류 패션잡화 주얼리 가전/디지털 언더웨어 가구/인테리어 침구/커튼 스포츠/레저 출산/유아동 건강용품 여행/문화/서비스 패션의류 패션샵 매장 바로가기 여성의류 남성/캐주얼의류 언더웨어 언더웨어/홈웨어 패션잡화 패션샵 매장 바로가 
 홈앤쇼핑 | 김치 쟁여둘 기회! 김치대전 | 검색하기 | 장바구니 | 로그인 해주세요 | 회원가입 | 닫기 | 고객센터 | 주문/배송 | 나의쇼핑 | 방송알림설정 | TV상품 | 식품/건강식품 | 생활용품 | 뷰티 | 주방용품 | 패션의류 | 패션잡화 | 주얼리 | 가전/디지털 | 언더웨어 | 가구/인테리어 | 침구/커튼 | 스포츠/레저 | 출산/유아동 | 건강용품 | 여행/문화/서비스 | 패션샵 매장 바로가기 | 여성의류 | 남성/캐주얼의류 | 언더웨어/홈웨어 | 잡화/명품/슈즈 | 보석/시계/액세서리 | 뷰티 매장 바로가기 | 화장품/헤어/바디 | 스포츠패션/슈즈/아웃도어 | 캠핑/골프/헬스/자전거 | 출산/육아/유아동패션 | 유아동도서/교육/완구/문구 | 가구/침구 
 내비게이션 | 툴팁 | 닫기 | 1단보기 | 2단보기 | 사이드 네비 닫기 | 오늘은 그만 보기 | 초기화 | 적용하기 
 수신 | 거부 | 여성 | 남성 | 20대 | 30대 | 40대 | 50대 | 60대 이상 | 2만원 미만 | 2~3만원 대 | 4~5만원 대 | 6~7만원 대 | 8~9만원 대 | 10만원 이상 | 무료배송 | TV상품 | 텐텐플러스 상품 | 쇼핑몰 상품 
 agree | promo10Cnt | directOrderYn | goods_code | goodsdt_code | type | order_qty | pushAgreeYn | forwardUrl | alarmType | alarmTarget | endDate | alarmPushYn | alarmSmsYn | recptTimeType | alarmCount | alarmPeriod | division | mobileDeviceYn | radio-test02 | radio-test03 | radio-test04 | radio-test05 | dtlsCtgrCd | recoType 
 [BTV] 온작 이영자 왕떡갈비 130g x 20팩 49% 판매가 35,900원 | 안국건강 아이원 루테인 지아잔틴 미니 60캡슐 3박스 (6개월분) ~19% 최종혜택가 37,179원~ 즉시할 | [프레시미트]블랙앵거스 LA갈비 4kg 선물(초이스/미국산) ~34% 최종혜택가 115,848원~ 즉시할인1 | *농할할인*[자연의정] 햇사레 황도 복숭아 특대과 4kg 외 14% 모바일할인가 28,220원 즉시할인10% | [목우촌] 허브갈릭 훈제오리 슬라이스 210g x 6팩 ~42% 최종혜택가 23,697원~ 즉시할인10% 자 | [대상웰라이프] 뉴케어 구수한맛 2박스 外 인기상품 특가전 ~19% 최종혜택가 87,480원~ 즉시할인10% | [HACCP ] 26년 경북영양고추 고춧가루 3kg ~25% 최종혜택가 95,670원~ 10%할인 10%적립 | 26년 국산 햇고춧가루 강화 햇고추가루 김장용 보통 매운 굵은 고춧가루 1kg ~39% 최종혜택가 30,62 | *농할할인*♥홈앤특별기획♥ 이달의 쌀 농협 신동진 쌀 10kg 12% 모바일할인가 38,730원 10%할인 | ★품질보장★ 반건조 황금빛 박대 왕특大 10미(35~37cm) 31% 모바일할인가 33,750원 10%할인 | [삼육두유] 검은콩&칼슘 두유 파우치 190ml x 80팩 외 BEST ~19% 최종혜택가 36,369원~  | 살부루아 스페인 엑스트라버진 냉압착 올리브유 500ml 3병 / 2병 / 유기농 / 포마스유 특가 모음전 ~ | [봄내푸드] 통닭다리살 순살 춘천닭갈비 500g x 4팩 (춘천직송) ~42% 최종혜택가 19,170원~ 1 | 30년전통 당일생산 국내산 열무김치 3kg 외 홍주부 베스트 모음전 ~19% 최종혜택가 20,169원~ 10 | [프레시미트] 삼겹살 1.5kg (벌집삼겹살 300g 2개+옛날삼겹살300g 2개+벌집삼겹살300g한팩 추가 | [제스프리] 뉴질랜드 썬 골드키위 슈퍼점보과 3.4kg (22입,개당 155g내외) 42% 모바일할인가 29 | [마음심은] 김치/젓갈 특가전 최종혜택가 39,609원~ | 조선호텔포기김치 외 인기상품 최종혜택가 63,909원~ | 종가 무석박지 포기 총각 열무 BEST 김치 모음전 최종혜택가 60,669원~ | [HACCP ] 26년 경북영양고추 고춧가루 2kg 최종혜택가 63,207원~ | [더싱싱] 26년 햇 국산 고춧가루 1.5kg (500g x 3) / HACCP인증 최종혜택가 35,325원 | 26년 국산 햇고춧가루 강화 햇고추가루 김장용 보통 매운 굵은 고춧가루 1kg 최종혜택가 30,627원~ | [CJ골라담기] 비비고 왕교자 1.05kg 2봉+ 인기만두 7종 2봉(택1) 최종혜택가 27,702원~ | [삼육두유] 검은콩&칼슘 두유 파우치 190ml x 80팩 외 BEST 최종혜택가 36,369원~ | [CJ] 햇반 백미 윤기가득쌀밥 210g x36개 [박스특가] 최종혜택가 35,793원~ 
 https hnsmall com main",2981,587
699a5e2f3f410152,e001_full-wtg_699a5e2f3f410152-2026-08-27T051537329346Z,3a2d2b6d24d1dfb459991701d4a84752,COMMUNICATION_ENTRY,SOCIAL_COMMUNICATION,카카오톡,https://www.kakaocorp.com/page/detail/10810?lang=ENG,1,Page not found | Kakao,사람을 이해하는 기술로 필요한 미래를 더 가깝게!,KaKao | 메인메뉴 | Error 페이지 본문 | There is no page. you are looking for. | 하단 메뉴 | Today's Kakao | 서비스 이용정보 | 검색,KaKao 메인메뉴 About Kakao CultureKakaoGroupMilestones AI Kakao AI Tech & Service Kakao TechKakao ServiceAll ServiceskakaoTalk download Sustainability Kakao ESG News Press Kit Press ReleaseMediakit Partne | 메인메뉴 About Kakao CultureKakaoGroupMilestones AI Kakao AI Tech & Service Kakao TechKakao ServiceAll ServiceskakaoTalk download Sustainability Kakao ESG News Press Kit Press ReleaseMediakit Partners Par | 메인메뉴 About Kakao Culture KakaoGroup Milestones AI Kakao AI Tech & Service Kakao Tech Kakao Service All ServiceskakaoTalk download Sustainability Kakao ESG News Press Kit Press Release Mediakit Partner,KaKao | Kakao Culture | KakaoGroup | Milestones | Kakao AI | Kakao Tech | Kakao Service | All ServiceskakaoTalk download | Kakao ESG | Press Release | Mediakit | Partner with us | IR Open a new window | About | AI | Tech & Service | Sustainability | News | IR(Open a new window) | Careers Open a new window | Support | Kakao Customer Center(Open a new window) | Daum Customer Center(Open a new window) | Commerce Customer Center(Open a new wind,KaKao | About | AI | Tech & Service | Sustainability | News | Open the Search box | open menu | Change to Dark mode | View in Korean | 메인 메뉴 닫기 | IR(Open a new window) | Support | Kakao Service | KakaoGroup | IR | Account & Support | Privacy Policy | Family Site | 검색창 닫기,,Search,검색어,,About Kakao CultureKakaoGroupMilestones | Kakao Culture | KakaoGroup | Milestones | AI Kakao AI | Kakao AI | Tech & Service Kakao TechKakao ServiceAll ServiceskakaoTalk  | Kakao Tech | Kakao Service | All ServiceskakaoTalk download | Sustainability Kakao ESG | Kakao ESG | News Press Kit Press ReleaseMediakit Partners Partner with u | Press Kit Press ReleaseMediakit | Press Release | Mediakit | Partners Partner with us | Partner with us | IR Open a new window | About Kakao Culture KakaoGroup Milestones | Tech & Service Kakao Tech Kakao Service All ServiceskakaoTal | News Press Kit Press Release Mediakit Partners Partner with  | Press Kit Press Release Mediakit | IR(Open a new window) | Careers Open a new window,https www kakaocorp com page detail 10810 lang eng,"Page not found | Kakao 
 사람을 이해하는 기술로 필요한 미래를 더 가깝게! 
 KaKao | 메인메뉴 | Error 페이지 본문 | There is no page. you are looking for. | 하단 메뉴 | Today's Kakao | 서비스 이용정보 | 검색 
 KaKao 메인메뉴 About Kakao CultureKakaoGroupMilestones AI Kakao AI Tech & Service Kakao TechKakao ServiceAll ServiceskakaoTalk download Sustainability Kakao ESG News Press Kit Press ReleaseMediakit Partne | 메인메뉴 About Kakao CultureKakaoGroupMilestones AI Kakao AI Tech & Service Kakao TechKakao ServiceAll ServiceskakaoTalk download Sustainability Kakao ESG News Press Kit Press ReleaseMediakit Partners Par | 메인메뉴 About Kakao Culture KakaoGroup Milestones AI Kakao AI Tech & Service Kakao Tech Kakao Service All ServiceskakaoTalk download Sustainability Kakao ESG News Press Kit Press Release Mediakit Partner 
 KaKao | Kakao Culture | KakaoGroup | Milestones | Kakao AI | Kakao Tech | Kakao Service | All ServiceskakaoTalk download | Kakao ESG | Press Release | Mediakit | Partner with us | IR Open a new window | About | AI | Tech & Service | Sustainability | News | IR(Open a new window) | Careers Open a new window | Support | Kakao Customer Center(Open a new window) | Daum Customer Center(Open a new window) | Commerce Customer Center(Open a new wind 
 KaKao | About | AI | Tech & Service | Sustainability | News | Open the Search box | open menu | Change to Dark mode | View in Korean | 메인 메뉴 닫기 | IR(Open a new window) | Support | Kakao Service | KakaoGroup | IR | Account & Support | Privacy Policy | Family Site | 검색창 닫기 
 Search 
 검색어 
 About Kakao CultureKakaoGroupMilestones | Kakao Culture | KakaoGroup | Milestones | AI Kakao AI | Kakao AI | Tech & Service Kakao TechKakao ServiceAll ServiceskakaoTalk  | Kakao Tech | Kakao Service | All ServiceskakaoTalk download | Sustainability Kakao ESG | Kakao ESG | News Press Kit Press ReleaseMediakit Partners Partner with u | Press Kit Press ReleaseMediakit | Press Release | Mediakit | Partners Partner with us | Partner with us | IR Open a new window | About Kakao Culture KakaoGroup Milestones | Tech & Service Kakao Tech Kakao Service All ServiceskakaoTal | News Press Kit Press Release Mediakit Partners Partner with  | Press Kit Press Release Mediakit | IR(Open a new window) | Careers Open a new window 
 https www kakaocorp com page detail 10810 lang eng",2283,320
6d5510a695d0a614,e001_full-wtg_6d5510a695d0a614-2026-08-27T051845477422Z,23653d37b79fab28fdc08239fa32a749,QUERY,PORTAL_SEARCH,네이버,,1,NAVER,네이버 모바일 메인에서 다양한 정보와 유용한 컨텐츠를 만나 보세요,최근 검색어 | 추천 검색어이 정보가 표시된 이유 | 숏텐츠 NOW | NAVER | 네이버앱 | 네이버페이 증권 인기 종목은? | 시선을 사로잡을! 신차 라인업 | 클립 인기 TOP 랭킹 | 언론사편집 기자 연재 | 방송뉴스 방송뉴스 도움말 | 내가 구독한 이슈0개 이슈NOW를 구독해보세요 | 언론사별 심층기획 | 내가 구독한 기자0개 기자를 구독해보세요 | 내가 구독한 연재0개 연재를 구독해보세요,"이전 페이지 입력 내용 삭제 검색 최근 검색어 전체삭제 펼쳐서 더보기 검색어 저장 기능이 꺼져 있습니다. 설정이 초기화 된다면 도움말을 확인해 주세요. 최근 검색어 내역이 없습니다. 설정이 초기화 된다면 도움말을 확인해 주세요. 추천 검색어이 정보가 표시된 이유 네이버 AI 모델이 내 검색 이력을 기준으로, 내 관심사와 맥락에 어울리는 맞춤형 검색어를 추천 | NAVER 추천 뉴스 엔터 스포츠 쇼핑 경제 클립 패션뷰티 여행맛집 카테크 지식 리빙푸드 건강 게임 웹툰 우리동네 판 관리 바로가기 검색",이전 페이지 | 전체삭제 | 펼쳐서 더보기 | 도움말 | 이 정보가 표시된 이유 | 재시도 | 검색 이력 기반 추천 검색어도움말 | 자동저장 끄기 | 닫기 | 자세히 보기 | 로그인 | 관심사를 반영한 컨텍스트 자동완성도움말 | 자동완성 끄기 | 신고 | NAVER | 추천 | 뉴스 | 엔터 | 스포츠 | 쇼핑 | 경제 | 클립 | 패션뷰티 | 여행맛집 | 카테크 | 지식 | 리빙푸드 | 건강 | 게임 | 웹툰 | 우리동네 | 판 관리 바로가기 | 검색,"입력 내용 삭제 | 검색 | 이 정보가 표시된 이유 | 정보확인 레이어 닫기 | 재시도 | 컨텍스트 자동완성 레이어 닫기 | 렌즈 | AI 검색 | 새로고침 | 피드 더보기 | 좋아요56 | 댓글1 | 좋아요1,552 | 댓글48 | 좋아요15 | 댓글2 | 좋아요374 | 댓글25 | 좋아요131 | 댓글17 | 좋아요1,441 | 댓글18 | 좋아요21 | 댓글7 | 좋아요2,921 | 댓글71 | 가 글자작게보기 | 가 글자크게보기 | 공유하기 | 최상단으로 이동",추천 검색어 | 컨텍스트 자동완성,검색어를 입력해 주세요.,,sm | where | query | ackey,"추천 | 뉴스 | 엔터 | 스포츠 | 쇼핑 | 경제 | 클립 | 패션뷰티 | 여행맛집 | 카테크 | 지식 | 리빙푸드 | 건강 | 게임 | 웹툰 | 우리동네 | 판 관리 바로가기 | 메일 | 카페 | 삼성전자 264,500.0 소폭 상승 3,000.0 (+1.15%) | SK하이닉스 1,724,000.0 소폭 상승 36,000.0 (+2.13%) | 현대차 395,500.0 소폭 하락 -12,500.0 (-3.06%) | 삼성SDI 566,000.0 소폭 상승 50,000.0 (+9.69%) | 두산에너빌리티 86,100.0 소폭 상승 300.0 (+0.35%) | 삼성전기 1,383,000.0 소폭 상승 53,000.0 (+3.98%)",,"NAVER 
 네이버 모바일 메인에서 다양한 정보와 유용한 컨텐츠를 만나 보세요 
 최근 검색어 | 추천 검색어이 정보가 표시된 이유 | 숏텐츠 NOW | NAVER | 네이버앱 | 네이버페이 증권 인기 종목은? | 시선을 사로잡을! 신차 라인업 | 클립 인기 TOP 랭킹 | 언론사편집 기자 연재 | 방송뉴스 방송뉴스 도움말 | 내가 구독한 이슈0개 이슈NOW를 구독해보세요 | 언론사별 심층기획 | 내가 구독한 기자0개 기자를 구독해보세요 | 내가 구독한 연재0개 연재를 구독해보세요 
 이전 페이지 입력 내용 삭제 검색 최근 검색어 전체삭제 펼쳐서 더보기 검색어 저장 기능이 꺼져 있습니다. 설정이 초기화 된다면 도움말을 확인해 주세요. 최근 검색어 내역이 없습니다. 설정이 초기화 된다면 도움말을 확인해 주세요. 추천 검색어이 정보가 표시된 이유 네이버 AI 모델이 내 검색 이력을 기준으로, 내 관심사와 맥락에 어울리는 맞춤형 검색어를 추천 | NAVER 추천 뉴스 엔터 스포츠 쇼핑 경제 클립 패션뷰티 여행맛집 카테크 지식 리빙푸드 건강 게임 웹툰 우리동네 판 관리 바로가기 검색 
 이전 페이지 | 전체삭제 | 펼쳐서 더보기 | 도움말 | 이 정보가 표시된 이유 | 재시도 | 검색 이력 기반 추천 검색어도움말 | 자동저장 끄기 | 닫기 | 자세히 보기 | 로그인 | 관심사를 반영한 컨텍스트 자동완성도움말 | 자동완성 끄기 | 신고 | NAVER | 추천 | 뉴스 | 엔터 | 스포츠 | 쇼핑 | 경제 | 클립 | 패션뷰티 | 여행맛집 | 카테크 | 지식 | 리빙푸드 | 건강 | 게임 | 웹툰 | 우리동네 | 판 관리 바로가기 | 검색 
 입력 내용 삭제 | 검색 | 이 정보가 표시된 이유 | 정보확인 레이어 닫기 | 재시도 | 컨텍스트 자동완성 레이어 닫기 | 렌즈 | AI 검색 | 새로고침 | 피드 더보기 | 좋아요56 | 댓글1 | 좋아요1,552 | 댓글48 | 좋아요15 | 댓글2 | 좋아요374 | 댓글25 | 좋아요131 | 댓글17 | 좋아요1,441 | 댓글18 | 좋아요21 | 댓글7 | 좋아요2,921 | 댓글71 | 가 글자작게보기 | 가 글자크게보기 | 공유하기 | 최상단으로 이동 
 추천 검색어 | 컨텍스트 자동완성 
 검색어를 입력해 주세요. 
 sm | where | query | ackey 
 추천 | 뉴스 | 엔터 | 스포츠 | 쇼핑 | 경제 | 클립 | 패션뷰티 | 여행맛집 | 카테크 | 지식 | 리빙푸드 | 건강 | 게임 | 웹툰 | 우리동네 | 판 관리 바로가기 | 메일 | 카페 | 삼성전자 264,500.0 소폭 상승 3,000.0 (+1.15%) | SK하이닉스 1,724,000.0 소폭 상승 36,000.0 (+2.13%) | 현대차 395,500.0 소폭 하락 -12,500.0 (-3.06%) | 삼성SDI 566,000.0 소폭 상승 50,000.0 (+9.69%) | 두산에너빌리티 86,100.0 소폭 상승 300.0 (+0.35%) | 삼성전기 1,383,000.0 소폭 상승 53,000.0 (+3.98%)",1508,325
9390ef32addf32bf,e001_full-wtg_9390ef32addf32bf-2026-08-27T051440847025Z,6c8dac6c12346e336d1cd6c5f643aa00,QUERY,PORTAL_SEARCH,Chrome,https://www.google.com/chrome/,1,Chrome - 원하는 대로 활용할 수 있는 빠르고 안전한 웹브라우저,"Chrome은 Google의 공식 웹브라우저로, 빠르고 안전하며 맞춤설정이 가능합니다. 지금 다운로드하고 활용해 보세요.",원하는 대로 활용할 수 있는 브라우저 | 내장된 A I 애니메이션 재생 애니메이션 일시중지 애니메이션 다시보기 로 향상된 브라우징 | 모든 탭에서 Chrome의 Gemini를 사용할 수 있습니다. | AI 모드 | Google 렌즈 | 어디서나 y o u r s 함께하는 브라우저 | 자동 완성으로 시간 절약 | 여러 기기에서 탐색 | 탐색 중에도 s a f e | 비밀번호 관리자 | 안전 확인 | 개인 정보 보호 가이드 | 향상된 세이프 브라우징 | 온라인에서 f a s t 작업하는 방법 | 사용 중인 기기에 최적화 | Google이 만 든 브라우저 | Google AI | 인터넷을 탐색하면서 AI의 강력한 힘을 활용하세요. | Google 검색 | 즐겨 사용하던 검색창이 기본 제공됩니다. | Chrome의 최신 업 데 이 트 살펴보기 | 기본으로 설정 | 최신 상태 유지 | 자주 묻는 질문(FAQ) | 기본 웹브라우저로 Chrome을 사용하려면 어떻게 해야 하나요?,메뉴 메뉴 콘텐츠로 이동 AI 혁신 안전 Google 제공 확장 프로그램 close drawer AI 혁신 안전 Google 제공 확장 프로그램 Chrome 다운로드 | AI 혁신 안전 Google 제공 확장 프로그램 | Chrome 제품군 기타 플랫폼 Chromebook Chromecast Chrome 웹 스토어 엔터프라이즈 Download Chrome Browser Chrome Browser for Enterprise Chrome 기기 ChromeOS Google Cloud Google Workspace 교육 Chrome 브라우저 기기 개발자 및 파트너 Chromium  | 개인정보 보호 및 서비스 약관 Google 정보 Google 제품 쿠키 관리,AI 혁신 | 안전 | Google 제공 | 확장 프로그램 | 기타 플랫폼 | Chromebook | Chromecast | Chrome 웹 스토어 | Download Chrome Browser | Chrome Browser for Enterprise | Chrome 기기 | ChromeOS | Google Cloud | Google Workspace | Chrome 브라우저 | 기기 | Chromium | Chrome 실험실 | Chrome 베타 | Chrome 개발자 | Chrome Canary | Chrome 도움말 | 새로운 기능 | Chrome 업데이트 | Chrome 사용 팁 | Chrome 블로그 | 개인정보 보호 및 서비스 약관 | Google 정보 | Google 제품,동의함 | 나중에 | 메뉴 메뉴 | close drawer | Chrome 다운로드 | 살펴보기 | 애니메이션 재생 애니메이션 일시중지 애니메이션 다시보기 | 자동 완성으로 시간 절약 | 여러 기기에서 탐색 | 기본 웹브라우저로 Chrome을 사용하려면 어떻게 해야 하나요? | Chrome의 안전 설정이란 무엇인가요? | Chrome의 비밀번호 관리자란 무엇인가요? | Chrome을 어떻게 업데이트하나요? | 쿠키 관리,Google에서 쿠키를 사용하는 방법을 자세히 알아보세요. 새 탭에서 열립니다. | 탐색 창 열기 | navigation menu | Navigation drawer | ai innovations | 안전 | Google 제공 | extensions | close the navigation drawer | 내장된 AI로 향상된 브라우징 | 애니메이션 재생 | 지금 사용하는 탭에서 바로 열어서 사용하세요 | 카드 뒤집기 | 어디서나 나만의 방식으로 함께하는 브라우저 | 탐색 중에도 안전하게 | 온라인에서 빠르게 작업하는 방법 | Google이 만든 브라우저 | Chrome의 최신 업데이트 살펴보기 | YouTube | Facebook | linkedin | TikTok | Google | 모달 닫기,,,,"AI 혁신 | 안전 | Google 제공 | 확장 프로그램 | AI | 맞춤설정 | 빠름 | 업데이트 | AI 모드 가장 어려운 질문에 대한 대답을 제공하는 강력한 AI 검색 옴니박스의 AI 모드를 사용하여 복잡한 | Google 렌즈 무엇이든 보고, 무엇이든 검색하세요. Chrome의 Google 렌즈를 사용해 검색, 번역 | 비밀번호 관리자 모든 사이트에서 안전한 비밀번호를 사용하세요. Chrome에는 Google 비밀번호 관리자가 | 안전 확인 클릭 한 번으로 안전 수준을 실시간으로 확인하세요. Chrome의 안전 확인 기능은 저장된 비밀번 | 개인 정보 보호 가이드 사용하기 쉬운 설정으로 개인 정보 보호를 직접 제어하세요. 온라인에서 내가 공유하는  | 향상된 세이프 브라우징 안전한 온라인 환경에서 안심하고 탐색하세요. Chrome의 세이프 브라우징은 멀웨어나 | Google AI 인터넷을 탐색하면서 AI의 강력한 힘을 활용하세요. Google에서는 여러 Google 제 | 기본으로 설정 Chrome은 다양한 기기에서 원활하게 작동합니다. Chrome에 로그인하고 이를 기본 브라우 | 최신 상태 유지 Chrome은 새로운 업데이트를 통해 항상 개선되고 있습니다. 새로운 기능을 알아보고 브라우 | YouTube | Facebook | LinkedIn | TikTok | 기타 플랫폼 | Chromebook | Chromecast | Chrome 웹 스토어",https www google com chrome,"Chrome - 원하는 대로 활용할 수 있는 빠르고 안전한 웹브라우저 
 Chrome은 Google의 공식 웹브라우저로, 빠르고 안전하며 맞춤설정이 가능합니다. 지금 다운로드하고 활용해 보세요. 
 원하는 대로 활용할 수 있는 브라우저 | 내장된 A I 애니메이션 재생 애니메이션 일시중지 애니메이션 다시보기 로 향상된 브라우징 | 모든 탭에서 Chrome의 Gemini를 사용할 수 있습니다. | AI 모드 | Google 렌즈 | 어디서나 y o u r s 함께하는 브라우저 | 자동 완성으로 시간 절약 | 여러 기기에서 탐색 | 탐색 중에도 s a f e | 비밀번호 관리자 | 안전 확인 | 개인 정보 보호 가이드 | 향상된 세이프 브라우징 | 온라인에서 f a s t 작업하는 방법 | 사용 중인 기기에 최적화 | Google이 만 든 브라우저 | Google AI | 인터넷을 탐색하면서 AI의 강력한 힘을 활용하세요. | Google 검색 | 즐겨 사용하던 검색창이 기본 제공됩니다. | Chrome의 최신 업 데 이 트 살펴보기 | 기본으로 설정 | 최신 상태 유지 | 자주 묻는 질문(FAQ) | 기본 웹브라우저로 Chrome을 사용하려면 어떻게 해야 하나요? 
 메뉴 메뉴 콘텐츠로 이동 AI 혁신 안전 Google 제공 확장 프로그램 close drawer AI 혁신 안전 Google 제공 확장 프로그램 Chrome 다운로드 | AI 혁신 안전 Google 제공 확장 프로그램 | Chrome 제품군 기타 플랫폼 Chromebook Chromecast Chrome 웹 스토어 엔터프라이즈 Download Chrome Browser Chrome Browser for Enterprise Chrome 기기 ChromeOS Google Cloud Google Workspace 교육 Chrome 브라우저 기기 개발자 및 파트너 Chromium  | 개인정보 보호 및 서비스 약관 Google 정보 Google 제품 쿠키 관리 
 AI 혁신 | 안전 | Google 제공 | 확장 프로그램 | 기타 플랫폼 | Chromebook | Chromecast | Chrome 웹 스토어 | Download Chrome Browser | Chrome Browser for Enterprise | Chrome 기기 | ChromeOS | Google Cloud | Google Workspace | Chrome 브라우저 | 기기 | Chromium | Chrome 실험실 | Chrome 베타 | Chrome 개발자 | Chrome Canary | Chrome 도움말 | 새로운 기능 | Chrome 업데이트 | Chrome 사용 팁 | Chrome 블로그 | 개인정보 보호 및 서비스 약관 | Google 정보 | Google 제품 
 동의함 | 나중에 | 메뉴 메뉴 | close drawer | Chrome 다운로드 | 살펴보기 | 애니메이션 재생 애니메이션 일시중지 애니메이션 다시보기 | 자동 완성으로 시간 절약 | 여러 기기에서 탐색 | 기본 웹브라우저로 Chrome을 사용하려면 어떻게 해야 하나요? | Chrome의 안전 설정이란 무엇인가요? | Chrome의 비밀번호 관리자란 무엇인가요? | Chrome을 어떻게 업데이트하나요? | 쿠키 관리 
 Google에서 쿠키를 사용하는 방법을 자세히 알아보세요. 새 탭에서 열립니다. | 탐색 창 열기 | navigation menu | Navigation drawer | ai innovations | 안전 | Google 제공 | extensions | close the navigation drawer | 내장된 AI로 향상된 브라우징 | 애니메이션 재생 | 지금 사용하는 탭에서 바로 열어서 사용하세요 | 카드 뒤집기 | 어디서나 나만의 방식으로 함께하는 브라우저 | 탐색 중에도 안전하게 | 온라인에서 빠르게 작업하는 방법 | Google이 만든 브라우저 | Chrome의 최신 업데이트 살펴보기 | YouTube | Facebook | linkedin | TikTok | Google | 모달 닫기 
 AI 혁신 | 안전 | Google 제공 | 확장 프로그램 | AI | 맞춤설정 | 빠름 | 업데이트 | AI 모드 가장 어려운 질문에 대한 대답을 제공하는 강력한 AI 검색 옴니박스의 AI 모드를 사용하여 복잡한 | Google 렌즈 무엇이든 보고, 무엇이든 검색하세요. Chrome의 Google 렌즈를 사용해 검색, 번역 | 비밀번호 관리자 모든 사이트에서 안전한 비밀번호를 사용하세요. Chrome에는 Google 비밀번호 관리자가 | 안전 확인 클릭 한 번으로 안전 수준을 실시간으로 확인하세요. Chrome의 안전 확인 기능은 저장된 비밀번 | 개인 정보 보호 가이드 사용하기 쉬운 설정으로 개인 정보 보호를 직접 제어하세요. 온라인에서 내가 공유하는  | 향상된 세이프 브라우징 안전한 온라인 환경에서 안심하고 탐색하세요. Chrome의 세이프 브라우징은 멀웨어나 | Google AI 인터넷을 탐색하면서 AI의 강력한 힘을 활용하세요. Google에서는 여러 Google 제 | 기본으로 설정 Chrome은 다양한 기기에서 원활하게 작동합니다. Chrome에 로그인하고 이를 기본 브라우 | 최신 상태 유지 Chrome은 새로운 업데이트를 통해 항상 개선되고 있습니다. 새로운 기능을 알아보고 브라우 | YouTube | Facebook | LinkedIn | TikTok | 기타 플랫폼 | Chromebook | Chromecast | Chrome 웹 스토어 
 https www google com chrome",2747,521
b728911c9782edb8,e001_full-wtg_b728911c9782edb8-2026-08-27T051447794738Z,4c8ec7f188a2d35e875b78ad404357f5,FINANCIAL_ACTION_ENTRY,FINANCE_PAYMENT,현대카드,https://mycompany.hyundaicard.com/,1,현대카드 MY COMPANY,현대카드 MY COMPANY,My Account | 이용 내역 | 이용 대금 결제 | 카드 관리 | 결재 관리 | 법인·이용자 정보 관리 | 법인 리워드 | 이용 제한 | 기타 | 카드 | 카드 안내 | 추가 발급 | 발급 조회·등록 | 기타 카드 | 혜택 | 혜택 한 눈에 보기 | 기본 혜택 | 우대 서비스 | 제휴 혜택 | 업무지원 | 지원 업무 한눈에 보기 | 지원 업무 안내 | 컬처 | Space | Culture,홈으로 이동 메뉴 닫기 환영합니다로그인 후 이용해 주세요. 펼치기 My Account 카드 혜택 업무지원 컬쳐 고객지원 My Account 이용 내역 이용 대금 명세서 카드 이용 내역 입금 내역 연체 내역 이용 대금 결제 즉시결제 가상 계좌 신청·조회 카드 관리 카드 정보 조회·변경 사업장 정보 조회·변경 이용 한도 조회·변경 결재 관리 추가 발급 승인 한,홈으로 이동 | 메뉴 닫기 | 환영합니다로그인 후 이용해 주세요. | My Account | 카드 | 혜택 | 업무지원 | 컬쳐 | 고객지원 | 이용 대금 명세서 | 카드 이용 내역 | 입금 내역 | 연체 내역 | 즉시결제 | 가상 계좌 신청·조회 | 카드 정보 조회·변경 | 사업장 정보 조회·변경 | 이용 한도 조회·변경 | 추가 발급 승인 | 한도 변경 승인 | 대표자 변경 | 리워드 조회·신청 | 리워드 사용 내역 | 카드 이용 제한 설정 | 신청 내역 조회 | 첨부 서류 업로드 | 법인카드 신규 신청 | 카드 비교하기 | 카드 신청 가이드 | 법인명 카드 추가 신청 | 개인명 카드 추가 신청 | 재발급 신청 | 카드 발급 상황 조회 | 카드 수령·비밀번호 등록 | Gift 카드 | 혜택 한 눈에 보기 | 법인 리워드 | 대한항공 법인 크레딧 | 항공 마일리지 | 멤버십 리워즈(MR),펼치기 | menu | TOP,1 / 5 | 2 / 5 | 3 / 5 | 4 / 5 | 5 / 5 | Go to slide 1 | Go to slide 2 | Go to slide 3,,일주일 동안 보지 않기,_method | _proc | prdtCd | eventCode | costcoYn | corpNm | bankNm | account | userNm | dpsrClsfVl,My Account | 카드 | 혜택 | 업무지원 | 컬쳐 | 고객지원 | 이용 대금 명세서 | 카드 이용 내역 | 입금 내역 | 연체 내역 | 즉시결제 | 가상 계좌 신청·조회 | 카드 정보 조회·변경 | 사업장 정보 조회·변경 | 이용 한도 조회·변경 | 추가 발급 승인 | 한도 변경 승인 | 대표자 변경 | 리워드 조회·신청 | 리워드 사용 내역 | 카드 이용 제한 설정 | 신청 내역 조회 | 첨부 서류 업로드 | 법인카드 신규 신청 | 카드 비교하기,https mycompany hyundaicard com,"현대카드 MY COMPANY 
 현대카드 MY COMPANY 
 My Account | 이용 내역 | 이용 대금 결제 | 카드 관리 | 결재 관리 | 법인·이용자 정보 관리 | 법인 리워드 | 이용 제한 | 기타 | 카드 | 카드 안내 | 추가 발급 | 발급 조회·등록 | 기타 카드 | 혜택 | 혜택 한 눈에 보기 | 기본 혜택 | 우대 서비스 | 제휴 혜택 | 업무지원 | 지원 업무 한눈에 보기 | 지원 업무 안내 | 컬처 | Space | Culture 
 홈으로 이동 메뉴 닫기 환영합니다로그인 후 이용해 주세요. 펼치기 My Account 카드 혜택 업무지원 컬쳐 고객지원 My Account 이용 내역 이용 대금 명세서 카드 이용 내역 입금 내역 연체 내역 이용 대금 결제 즉시결제 가상 계좌 신청·조회 카드 관리 카드 정보 조회·변경 사업장 정보 조회·변경 이용 한도 조회·변경 결재 관리 추가 발급 승인 한 
 홈으로 이동 | 메뉴 닫기 | 환영합니다로그인 후 이용해 주세요. | My Account | 카드 | 혜택 | 업무지원 | 컬쳐 | 고객지원 | 이용 대금 명세서 | 카드 이용 내역 | 입금 내역 | 연체 내역 | 즉시결제 | 가상 계좌 신청·조회 | 카드 정보 조회·변경 | 사업장 정보 조회·변경 | 이용 한도 조회·변경 | 추가 발급 승인 | 한도 변경 승인 | 대표자 변경 | 리워드 조회·신청 | 리워드 사용 내역 | 카드 이용 제한 설정 | 신청 내역 조회 | 첨부 서류 업로드 | 법인카드 신규 신청 | 카드 비교하기 | 카드 신청 가이드 | 법인명 카드 추가 신청 | 개인명 카드 추가 신청 | 재발급 신청 | 카드 발급 상황 조회 | 카드 수령·비밀번호 등록 | Gift 카드 | 혜택 한 눈에 보기 | 법인 리워드 | 대한항공 법인 크레딧 | 항공 마일리지 | 멤버십 리워즈(MR) 
 펼치기 | menu | TOP 
 1 / 5 | 2 / 5 | 3 / 5 | 4 / 5 | 5 / 5 | Go to slide 1 | Go to slide 2 | Go to slide 3 
 일주일 동안 보지 않기 
 _method | _proc | prdtCd | eventCode | costcoYn | corpNm | bankNm | account | userNm | dpsrClsfVl 
 My Account | 카드 | 혜택 | 업무지원 | 컬쳐 | 고객지원 | 이용 대금 명세서 | 카드 이용 내역 | 입금 내역 | 연체 내역 | 즉시결제 | 가상 계좌 신청·조회 | 카드 정보 조회·변경 | 사업장 정보 조회·변경 | 이용 한도 조회·변경 | 추가 발급 승인 | 한도 변경 승인 | 대표자 변경 | 리워드 조회·신청 | 리워드 사용 내역 | 카드 이용 제한 설정 | 신청 내역 조회 | 첨부 서류 업로드 | 법인카드 신규 신청 | 카드 비교하기 
 https mycompany hyundaicard com",1426,330
be1e6feb78e5ef03,e001_full-wtg_be1e6feb78e5ef03-2026-08-27T052150258471Z,fa84f0a25e53ed2d4df5a16b50bc6072,ITEM_DETAIL,SHOPPING_COMMERCE,emart24,https://emart24.co.kr/,1,홈 - 이마트24,,브랜드 스토리 | 브랜드 가치 | 브랜드 갤러리 | 브랜드 리소스센터 | 상품 | 행사 상품 | 차별화 상품 | Fresh Food | 추석 선물 특선 | 매장 | 매장찾기 | 트렌드랩성수점 | 마곡프리미엄점 | 서비스 | APP 서비스 | 이마트24 간편결제 | 생활 서비스 | 제휴 서비스 | 이벤트 | 진행중인 이벤트 | 종료된 이벤트 | 창업안내 | 이마트24 특징 | 가맹모델 소개 | 창업 설명회,브랜드 스토리 브랜드 가치 브랜드 갤러리 브랜드 리소스센터 상품 행사 상품 차별화 상품 Fresh Food 추석 선물 특선 매장 매장찾기 트렌드랩성수점 마곡프리미엄점 서비스 APP 서비스 이마트24 간편결제 생활 서비스 제휴 서비스 이벤트 진행중인 이벤트 종료된 이벤트 창업안내 이마트24 특징 가맹모델 소개 창업 설명회 창업 성공기 창업 상담 추천 매장 소,브랜드 가치 | 브랜드 갤러리 | 브랜드 리소스센터 | 행사 상품 | 차별화 상품 | Fresh Food | 추석 선물 특선 | 매장찾기 | 트렌드랩성수점 | 마곡프리미엄점 | APP 서비스 | 이마트24 간편결제 | 생활 서비스 | 제휴 서비스 | 진행중인 이벤트 | 종료된 이벤트 | 이마트24 특징 | 가맹모델 소개 | 창업 설명회 | 창업 성공기 | 창업 상담 | 추천 매장 소개 | 광고문의 | 고객센터 | 채용안내 | 전자 계약 시스템 | 브랜드 스토리 | 상품 | 매장 | 서비스 | 이벤트 | 창업안내,,Previous slide | Next slide | Go to slide 1 | Go to slide 2 | Go to slide 3 | Go to slide 4 | Go to slide 5 | Go to slide 6 | Go to slide 7 | Go to slide 8 | Go to slide 9 | Go to slide 10 | Go to slide 11 | Go to slide 12,매장명 또는 지역을 입력해주세요. ex) 00동,일주일동안 열지 않기 | 하루동안 열지 않기 | 패밀리사이트 + 신세계그룹 신세계백화점 이마트 신세계인터내셔날 신세계푸드,,브랜드 스토리 브랜드 가치 브랜드 갤러리 브랜드 리소스센터 | 상품 행사 상품 차별화 상품 Fresh Food 추석 선물 특선 | 매장 매장찾기 트렌드랩성수점 마곡프리미엄점 | 서비스 APP 서비스 이마트24 간편결제 생활 서비스 제휴 서비스 | 이벤트 진행중인 이벤트 종료된 이벤트 | 창업안내 이마트24 특징 가맹모델 소개 창업 설명회 창업 성공기 창업 상담 추천 매장 소개 | 광고문의 | 고객센터 | 채용안내 | 전자 계약 시스템 | 브랜드 가치 | 브랜드 갤러리 | 브랜드 리소스센터 | 행사 상품 | 차별화 상품 | Fresh Food | 추석 선물 특선 | 매장찾기 | 트렌드랩성수점 | 마곡프리미엄점 | APP 서비스 | 이마트24 간편결제 | 생활 서비스 | 제휴 서비스 | 진행중인 이벤트,https emart24 co kr,"홈 - 이마트24 
 브랜드 스토리 | 브랜드 가치 | 브랜드 갤러리 | 브랜드 리소스센터 | 상품 | 행사 상품 | 차별화 상품 | Fresh Food | 추석 선물 특선 | 매장 | 매장찾기 | 트렌드랩성수점 | 마곡프리미엄점 | 서비스 | APP 서비스 | 이마트24 간편결제 | 생활 서비스 | 제휴 서비스 | 이벤트 | 진행중인 이벤트 | 종료된 이벤트 | 창업안내 | 이마트24 특징 | 가맹모델 소개 | 창업 설명회 
 브랜드 스토리 브랜드 가치 브랜드 갤러리 브랜드 리소스센터 상품 행사 상품 차별화 상품 Fresh Food 추석 선물 특선 매장 매장찾기 트렌드랩성수점 마곡프리미엄점 서비스 APP 서비스 이마트24 간편결제 생활 서비스 제휴 서비스 이벤트 진행중인 이벤트 종료된 이벤트 창업안내 이마트24 특징 가맹모델 소개 창업 설명회 창업 성공기 창업 상담 추천 매장 소 
 브랜드 가치 | 브랜드 갤러리 | 브랜드 리소스센터 | 행사 상품 | 차별화 상품 | Fresh Food | 추석 선물 특선 | 매장찾기 | 트렌드랩성수점 | 마곡프리미엄점 | APP 서비스 | 이마트24 간편결제 | 생활 서비스 | 제휴 서비스 | 진행중인 이벤트 | 종료된 이벤트 | 이마트24 특징 | 가맹모델 소개 | 창업 설명회 | 창업 성공기 | 창업 상담 | 추천 매장 소개 | 광고문의 | 고객센터 | 채용안내 | 전자 계약 시스템 | 브랜드 스토리 | 상품 | 매장 | 서비스 | 이벤트 | 창업안내 
 Previous slide | Next slide | Go to slide 1 | Go to slide 2 | Go to slide 3 | Go to slide 4 | Go to slide 5 | Go to slide 6 | Go to slide 7 | Go to slide 8 | Go to slide 9 | Go to slide 10 | Go to slide 11 | Go to slide 12 
 매장명 또는 지역을 입력해주세요. ex) 00동 
 일주일동안 열지 않기 | 하루동안 열지 않기 | 패밀리사이트 + 신세계그룹 신세계백화점 이마트 신세계인터내셔날 신세계푸드 
 브랜드 스토리 브랜드 가치 브랜드 갤러리 브랜드 리소스센터 | 상품 행사 상품 차별화 상품 Fresh Food 추석 선물 특선 | 매장 매장찾기 트렌드랩성수점 마곡프리미엄점 | 서비스 APP 서비스 이마트24 간편결제 생활 서비스 제휴 서비스 | 이벤트 진행중인 이벤트 종료된 이벤트 | 창업안내 이마트24 특징 가맹모델 소개 창업 설명회 창업 성공기 창업 상담 추천 매장 소개 | 광고문의 | 고객센터 | 채용안내 | 전자 계약 시스템 | 브랜드 가치 | 브랜드 갤러리 | 브랜드 리소스센터 | 행사 상품 | 차별화 상품 | Fresh Food | 추석 선물 특선 | 매장찾기 | 트렌드랩성수점 | 마곡프리미엄점 | APP 서비스 | 이마트24 간편결제 | 생활 서비스 | 제휴 서비스 | 진행중인 이벤트 
 https emart24 co kr",1477,309
e1fadb214cde51c0,e001_full-wtg_e1fadb214cde51c0-2026-08-27T051500365784Z,14fba63a4decbe8f5f5108bd04ceb4a2,UTILITY_ENTRY,UTILITY_OTHER,캐시워크,https://cashwalk.com/,1,"캐시워크 - 걸으면 돈버는 앱 1위! 만보기, 앱테크, 현금 이벤트까지",걷고 달리고 챌린지에 참여하면 캐시가 쌓이는 국내 대표 건강 리워드 만보기 앱 캐시워크. 지금 무료로 시작하세요.,"걸으면 캐시가 쌓이는 만보기 | 걸으면 돈이 되는 앱, 캐시워크 | 시간대별 걸음 추이 | 캐시워크 앱 설치하기 | 오늘의 캐시딜 | [제로딜] (총 5개) 뷰카 잇몸치약 프레쉬민트향 110g 4개입+ 1개 추가 증정! (1개당 2,060원!) | [제로딜] AGE20S 에센스 커버팩트 더블루밍 본품1개+리필2개(클렌징티슈10장+에어퍼프2매+쇼핑백 증정) | [최저가도전] 김소형 헤밀레 자연 발효 그릭 요거트 스타터 | 단 하루 특가! 남녀 프리미엄 편한 스니커즈 양말 20켤레 | [브랜드특가] 헤밀레 김소형원장 2년 숙성 황매실 사용 매실청 900ml | [최저가도전]★1+1★ CMG제약 편한(安)쉼 식물성 멜라토닌 500mgx30정 (총2박스/2개월분) | AGE20S 시그니처 에센스 팩트 인텐스커버(선택) 케이스1개+리필2개(에어퍼프5매입 증정) | [최저가도전] 1+1 앙쥬 MLBB 블랙 립스틱 (6종 택1) | 아이오유 히알루론산 수분 약산성 대용량 클렌징폼 500mlx2 | [최저가도전] 모나리자 대용량 내추럴 순수 플러스 물티슈 캡형 100매 x 10+10 (총20개) | [최저가 도전]한예지 천연펄프 가든 플라워 3겹 30m 30롤 두루마리 휴지 화장지 2팩/3팩 | [최저가도전] 컷슬린데일리 보리한잔 340ml x 24개입 보리차 0kcal, 무라벨, 무첨가 | 커뮤니티 베스트 | 로그인 / 회원가입 | 친구 프로필 | 캐시 히스토리 | 캐시로또 응모권이 도착했어요 | 계정 탈퇴 문의",홈 팀워크 동네산책 런마일 모두의챌린지 캐시로또 보험 캐시딜 | 홈 동네 생활 주변 산책 산책 기록 | 홈 캐시톡 7 21 42 캐시로또 통계 MY | 회사소개 인재채용 이용약관 개인정보처리방침 광고 소개 IR / PR 고객센터,팀워크 | 동네산책 | 런마일 | 모두의챌린지 | 캐시로또 | 보험 | 캐시딜 | 동네 생활 | 주변 산책 | 산책 기록 | 캐시톡 | 7 21 42 캐시로또 | 통계 | MY | 회사소개 | 인재채용 | 이용약관 | 개인정보처리방침 | 광고 소개 | IR | PR | 고객센터,열기 | 앱 다운로드 | 사용하기 → | 로그아웃 | 전송 | 더보기 | 실시간 | 주간 | 월간 | 댓글수 | 추천수 | 로그인 / 회원가입 | 1개월 | 3개월 | 6개월 | 12개월 | 닫기 | 다시 시도 | 계정 탈퇴 문의,닫기 | 통합검색 | 검색어 지우기 | 검색 | 넛지EAP | 캐시워크 for Business | 모바일 하단 탭 | 캐시로또 | 내 계정 | 조회 기간 | 푸터 링크 | Advertisement,"대회, 챌린지, 커뮤니티를 검색해보세요 | '-' 없이 휴대폰 번호 입력",,,"러닝 | 마라톤 | 챌린지 | 산책 | 보험료 | 01💡다이어터의 기본기 영양제 4가지, 꼭 먹어야 하는 영양제는 뭘까?[10] | 02닭가슴살 다이어트식단[8] | 03맥반석계란 만들어먹어요🥚[13] | 04다이어트에 좋은 고단백 황태 미역국💛[13] | 05혈당 잡는 건강 반찬 만들기[4] | 06당뇨가 있으면 과일은 식후에 먹는 게 나을까요?[2] | 07현실적인 다이어트 식단 조합 5가지[14] | 08혈당스파이크 예방 애사비젤리 꾸준히 먹어본 후기 🎶[8] | 09닭고기 감자 치즈구이[4] | 10위고비나 마운자로 할 때 식욕이 줄면 생활할때 활력은 떨어지지 않나요?[7] | 01자가점검 41점 '심한 우울', SSRI 프로작 20mg과 함께 극복하는 60대의 홀로서기[11] | 02연락이 늦으면 저만 불안한거죠? 이 불안증 고칠수 있을까요?[12] | 03완벽주의와 책임감 때문에 지치고, 맡기는 법도 몰라 힘들어요[17] | 04새로운 도전을 해야할 시기가 온거 같습니다 [10] | 05😀 수백 명 있던 가짜 친구 목록 싹 다 정리한 후기[18] | 06😥 번아웃 증상 경험 초기 무기력증인 줄 알았는데 스트레스 상위 0% 뜬 후기[20] | 07밤마다 야식 참는 게 고통스럽습니다. 식욕을 억제하는 노하우 있으면 가르쳐주세요.[26] | 08정년이후 삶이 고민입니다[16] | 09나이가 들면 어떤 직업을 가져야할까요[10] | 10딸 같은 남편, 효자인 남편 피곤 하네요 ㅠ[24]",https cashwalk com,"캐시워크 - 걸으면 돈버는 앱 1위! 만보기, 앱테크, 현금 이벤트까지 
 걷고 달리고 챌린지에 참여하면 캐시가 쌓이는 국내 대표 건강 리워드 만보기 앱 캐시워크. 지금 무료로 시작하세요. 
 걸으면 캐시가 쌓이는 만보기 | 걸으면 돈이 되는 앱, 캐시워크 | 시간대별 걸음 추이 | 캐시워크 앱 설치하기 | 오늘의 캐시딜 | [제로딜] (총 5개) 뷰카 잇몸치약 프레쉬민트향 110g 4개입+ 1개 추가 증정! (1개당 2,060원!) | [제로딜] AGE20S 에센스 커버팩트 더블루밍 본품1개+리필2개(클렌징티슈10장+에어퍼프2매+쇼핑백 증정) | [최저가도전] 김소형 헤밀레 자연 발효 그릭 요거트 스타터 | 단 하루 특가! 남녀 프리미엄 편한 스니커즈 양말 20켤레 | [브랜드특가] 헤밀레 김소형원장 2년 숙성 황매실 사용 매실청 900ml | [최저가도전]★1+1★ CMG제약 편한(安)쉼 식물성 멜라토닌 500mgx30정 (총2박스/2개월분) | AGE20S 시그니처 에센스 팩트 인텐스커버(선택) 케이스1개+리필2개(에어퍼프5매입 증정) | [최저가도전] 1+1 앙쥬 MLBB 블랙 립스틱 (6종 택1) | 아이오유 히알루론산 수분 약산성 대용량 클렌징폼 500mlx2 | [최저가도전] 모나리자 대용량 내추럴 순수 플러스 물티슈 캡형 100매 x 10+10 (총20개) | [최저가 도전]한예지 천연펄프 가든 플라워 3겹 30m 30롤 두루마리 휴지 화장지 2팩/3팩 | [최저가도전] 컷슬린데일리 보리한잔 340ml x 24개입 보리차 0kcal, 무라벨, 무첨가 | 커뮤니티 베스트 | 로그인 / 회원가입 | 친구 프로필 | 캐시 히스토리 | 캐시로또 응모권이 도착했어요 | 계정 탈퇴 문의 
 홈 팀워크 동네산책 런마일 모두의챌린지 캐시로또 보험 캐시딜 | 홈 동네 생활 주변 산책 산책 기록 | 홈 캐시톡 7 21 42 캐시로또 통계 MY | 회사소개 인재채용 이용약관 개인정보처리방침 광고 소개 IR / PR 고객센터 
 팀워크 | 동네산책 | 런마일 | 모두의챌린지 | 캐시로또 | 보험 | 캐시딜 | 동네 생활 | 주변 산책 | 산책 기록 | 캐시톡 | 7 21 42 캐시로또 | 통계 | MY | 회사소개 | 인재채용 | 이용약관 | 개인정보처리방침 | 광고 소개 | IR | PR | 고객센터 
 열기 | 앱 다운로드 | 사용하기 → | 로그아웃 | 전송 | 더보기 | 실시간 | 주간 | 월간 | 댓글수 | 추천수 | 로그인 / 회원가입 | 1개월 | 3개월 | 6개월 | 12개월 | 닫기 | 다시 시도 | 계정 탈퇴 문의 
 닫기 | 통합검색 | 검색어 지우기 | 검색 | 넛지EAP | 캐시워크 for Business | 모바일 하단 탭 | 캐시로또 | 내 계정 | 조회 기간 | 푸터 링크 | Advertisement 
 대회, 챌린지, 커뮤니티를 검색해보세요 | '-' 없이 휴대폰 번호 입력 
 러닝 | 마라톤 | 챌린지 | 산책 | 보험료 | 01💡다이어터의 기본기 영양제 4가지, 꼭 먹어야 하는 영양제는 뭘까?[10] | 02닭가슴살 다이어트식단[8] | 03맥반석계란 만들어먹어요🥚[13] | 04다이어트에 좋은 고단백 황태 미역국💛[13] | 05혈당 잡는 건강 반찬 만들기[4] | 06당뇨가 있으면 과일은 식후에 먹는 게 나을까요?[2] | 07현실적인 다이어트 식단 조합 5가지[14] | 08혈당스파이크 예방 애사비젤리 꾸준히 먹어본 후기 🎶[8] | 09닭고기 감자 치즈구이[4] | 10위고비나 마운자로 할 때 식욕이 줄면 생활할때 활력은 떨어지지 않나요?[7] | 01자가점검 41점 '심한 우울', SSRI 프로작 20mg과 함께 극복하는 60대의 홀로서기[11] | 02연락이 늦으면 저만 불안한거죠? 이 불안증 고칠수 있을까요?[12] | 03완벽주의와 책임감 때문에 지치고, 맡기는 법도 몰라 힘들어요[17] | 04새로운 도전을 해야할 시기가 온거 같습니다 [10] | 05😀 수백 명 있던 가짜 친구 목록 싹 다 정리한 후기[18] | 06😥 번아웃 증상 경험 초기 무기력증인 줄 알았는데 스트레스 상위 0% 뜬 후기[20] | 07밤마다 야식 참는 게 고통스럽습니다. 식욕을 억제하는 노하우 있으면 가르쳐주세요.[26] | 08정년이후 삶이 고민입니다[16] | 09나이가 들면 어떤 직업을 가져야할까요[10] | 10딸 같은 남편, 효자인 남편 피곤 하네요 ㅠ[24] 
 https cashwalk com",2176,459
ea031f85e857140e,e001_full-wtg_ea031f85e857140e-2026-08-27T052222679178Z,b4d5c5bb364ef0d292e584df234e5cdb,ITEM_DETAIL,SHOPPING_COMMERCE,메가커피,https://m.megacoffee.co.kr/,1,ë©ê°ì»¤í¼ ê³µì ì¼íëª°,"ëíë¯¼êµ­ ì»¤í¼ë¬¸íë¥¼ ì ëíë ë©ê°ì»¤í¼ ì¨ë¼ì¸ ì¼íëª°. 2ë§ì¬ê° ì´ìì ì¹´í ì¬ë£ ë° ì©í ì¼íëª°, ì ìí, 365 MEGA SALE.",ìµê·¼ê²ìì´ | ì¸ê¸°ê²ìì´ | ì¶ì²ìí,ë©ë´ ê²ì =__('ë§ì´íì´ì§')} =__('ì¥ë°êµ¬ë')} 0 .menu_txton { font-family:Pretendard;font-weight:normal;font-size:14px;color:#0e52a5; } .menu_txtoff { font-family:Pretendard;font-weight:n | ë§ì´íì´ì§ ë°°ì¡ì¡°í ì°ëª©ë¡ ëì£¼ë¬¸ìí ë¡ê·¸ì¸ì í´ì£¼ì¸ì > íìê°ì > .catesuboff{padding:4px 5px 5px 18px;height:15px;text-align:left;padding:10px;background:#efefef;color:,ë©ë´ | =__('ë§ì´íì´ì§')} | =__('ì¥ë°êµ¬ë')} | ìì¤ì¸ì¼ | ì ì í | ì²´íì ëª¨ì§ | ìíì ì²­ | ì¦ì /í ì¸ | ë§ì´íì´ì§ | ë°°ì¡ì¡°í | ì°ëª©ë¡ | ëì£¼ë¬¸ìí | ë¡ê·¸ì¸ì í´ì£¼ì¸ì > | íìê°ì > | ì¹´í ê³ ë¦¬ | ë¸ëëëª° | ì»¤í¼ | ê°ë³¶ìì»¤í¼ | ìë | ì»¤í¼ìë£(RTD) | ìë | ì½ëë¸ë£¨/ëì¹ | ìº¡ì/ì¸ì¤í´í¸ | ëë¦½ë°±/íë | ì ë¬¼ì¸í¸ | BOOK | ë¸ëëì»¤í¼ | ì¤íì í°ì»¤í¼ | ìì°ì§ë³ì»¤í¼ | íë¡ì¤í | í°/ì¡ìì°¨/í°ì¨ì´ | íì°¨ í°ë°± | íì°¨ ë¦¬í/ë² ì´ì¤ | í°íë | íë¸ì°¨ í°ë°± | íë¸ì°¨ ë¦¬í/ë² ì´ì¤ | ë ¹ì°¨ í°ë°±/ë¦¬í/ë² ì´ì¤ | ì ìì°¨ | ê¸°íì¡ìì°¨ | ì½¤ë¶ì°¨,ì·¨ì | ê²ì | ë«ê¸°,,"7,235ê°ì ì¹´íê° ë¨¼ì  ê²ì¦í í¬ëª¨ë ë°ëë¼ë¹ ë¼ë¼ìë½ 1000m",ê²ì,adUrl | keyword,ìµê·¼ ê²ìì´ê° ììµëë¤. | ë¬ê³ ë | ê·¸ë¦°í°ë¼ë¼ | ì ìì°¨ | ì¼ê·¸ë ì´ | ê³ êµ¬ë§ë¼ë¼ | ìëª½ì²­ | íí¼ë¯¼í¸ | ìê°ì°¨ | ì½ì½ì | ì¢ ì´ì»µ | ìºë¦¬ì´ | ìì ê³ êµ¬ë§ | êµ­ë´ìì° ì¤ìí 92mm 500ml (16ì¨ì¤) ìì´ì¤ì»µ 1ë | ë©ë´ | =__('ë§ì´íì´ì§')} | =__('ì¥ë°êµ¬ë')} 0 | ë§ì´íì´ì§ | ë°°ì¡ì¡°í | ì°ëª©ë¡ | ëì£¼ë¬¸ìí | ë¡ê·¸ì¸ì í´ì£¼ì¸ì > | íìê°ì > | 1:1ë¬¸ì | Q & A,https megacoffee co kr,"ë©ê°ì»¤í¼ ê³µì ì¼íëª° 
 ëíë¯¼êµ­ ì»¤í¼ë¬¸íë¥¼ ì ëíë ë©ê°ì»¤í¼ ì¨ë¼ì¸ ì¼íëª°. 2ë§ì¬ê° ì´ìì ì¹´í ì¬ë£ ë° ì©í ì¼íëª°, ì ìí, 365 MEGA SALE. 
 ìµê·¼ê²ìì´ | ì¸ê¸°ê²ìì´ | ì¶ì²ìí 
 ë©ë´ ê²ì =__('ë§ì´íì´ì§')} =__('ì¥ë°êµ¬ë')} 0 .menu_txton { font-family:Pretendard;font-weight:normal;font-size:14px;color:#0e52a5; } .menu_txtoff { font-family:Pretendard;font-weight:n | ë§ì´íì´ì§ ë°°ì¡ì¡°í ì°ëª©ë¡ ëì£¼ë¬¸ìí ë¡ê·¸ì¸ì í´ì£¼ì¸ì > íìê°ì > .catesuboff{padding:4px 5px 5px 18px;height:15px;text-align:left;padding:10px;background:#efefef;color: 
 ë©ë´ | =__('ë§ì´íì´ì§')} | =__('ì¥ë°êµ¬ë')} | ìì¤ì¸ì¼ | ì ì í | ì²´íì ëª¨ì§ | ìíì ì²­ | ì¦ì /í ì¸ | ë§ì´íì´ì§ | ë°°ì¡ì¡°í | ì°ëª©ë¡ | ëì£¼ë¬¸ìí | ë¡ê·¸ì¸ì í´ì£¼ì¸ì > | íìê°ì > | ì¹´í ê³ ë¦¬ | ë¸ëëëª° | ì»¤í¼ | ê°ë³¶ìì»¤í¼ | ìë | ì»¤í¼ìë£(RTD) | ìë | ì½ëë¸ë£¨/ëì¹ | ìº¡ì/ì¸ì¤í´í¸ | ëë¦½ë°±/íë | ì ë¬¼ì¸í¸ | BOOK | ë¸ëëì»¤í¼ | ì¤íì í°ì»¤í¼ | ìì°ì§ë³ì»¤í¼ | íë¡ì¤í | í°/ì¡ìì°¨/í°ì¨ì´ | íì°¨ í°ë°± | íì°¨ ë¦¬í/ë² ì´ì¤ | í°íë | íë¸ì°¨ í°ë°± | íë¸ì°¨ ë¦¬í/ë² ì´ì¤ | ë ¹ì°¨ í°ë°±/ë¦¬í/ë² ì´ì¤ | ì ìì°¨ | ê¸°íì¡ìì°¨ | ì½¤ë¶ì°¨ 
 ì·¨ì | ê²ì | ë«ê¸° 
 7,235ê°ì ì¹´íê° ë¨¼ì  ê²ì¦í í¬ëª¨ë ë°ëë¼ë¹ ë¼ë¼ìë½ 1000m 
 ê²ì 
 adUrl | keyword 
 ìµê·¼ ê²ìì´ê° ììµëë¤. | ë¬ê³ ë | ê·¸ë¦°í°ë¼ë¼ | ì ìì°¨ | ì¼ê·¸ë ì´ | ê³ êµ¬ë§ë¼ë¼ | ìëª½ì²­ | íí¼ë¯¼í¸ | ìê°ì°¨ | ì½ì½ì | ì¢ ì´ì»µ | ìºë¦¬ì´ | ìì ê³ êµ¬ë§ | êµ­ë´ìì° ì¤ìí 92mm 500ml (16ì¨ì¤) ìì´ì¤ì»µ 1ë | ë©ë´ | =__('ë§ì´íì´ì§')} | =__('ì¥ë°êµ¬ë')} 0 | ë§ì´íì´ì§ | ë°°ì¡ì¡°í | ì°ëª©ë¡ | ëì£¼ë¬¸ìí | ë¡ê·¸ì¸ì í´ì£¼ì¸ì > | íìê°ì > | 1:1ë¬¸ì | Q & A 
 https megacoffee co kr",1966,62
ef06dc942ef3ccc9,e001_full-wtg_ef06dc942ef3ccc9-2026-08-27T052218606458Z,40fe007c836712d89aa67537b1570262,ITEM_DETAIL,SHOPPING_COMMERCE,롯데하이마트,https://www.e-himart.co.kr/,1,,,,,,,,,,,,https www himart co kr,https www himart co kr,22,5
fdce1294fac3dfdb,e001_full-wtg_fdce1294fac3dfdb-2026-08-27T052245153346Z,464c1fb557417122dcdc85c11989f21c,ITEM_DETAIL,SHOPPING_COMMERCE,신세계백화점,https://www.shinsegae.com/index.do,1,신세계백화점,행복한 라이프 스타일을 디자인하는 신세계입니다.,MAIN | Shopping News & Event | #Shinsegae Brand | Magazine | 2026 추석 선물 특선집,,,재전송 | 확인 | 취소 | 플레이 | 앱으로 보기,,아이디 | 비밀번호 | 인증번호 6자리 입력,아이디 저장하기,reCaptchaVersion | reCaptchaTokenV3 | loginRedirect | loginId | loginPw | chkSaveId | authNo | ssoToken | o2oRetUrl | ckwhere | pageLink | contentDtlCd | contentId | mainCd | storeCd | brandCd | yearCode | smstCode | storeCode | lectCode | cust_id,한눈에 보기 | 신세계 아카데미 | 강좌검색 | 카탈로그 | 책가방 | MY 아카데미 | 아카데미 소개 | 수강신청 | 공연 | 문화홀 안내 | 신세계갤러리 | 전시 | 아트 컬렉션 | 갤러리 안내 | 광주신세계미술제 | 신세계 VIP클럽 | 신백멤버스 | 신세계 멤버십 | 고객의견 | 서비스 안내 | 공지사항 | 분실물 조회 | 추천 혜택 | 팔로우 혜택 | 전체 혜택,https www shinsegae com index do,"신세계백화점 
 행복한 라이프 스타일을 디자인하는 신세계입니다. 
 MAIN | Shopping News & Event | #Shinsegae Brand | Magazine | 2026 추석 선물 특선집 
 재전송 | 확인 | 취소 | 플레이 | 앱으로 보기 
 아이디 | 비밀번호 | 인증번호 6자리 입력 
 아이디 저장하기 
 reCaptchaVersion | reCaptchaTokenV3 | loginRedirect | loginId | loginPw | chkSaveId | authNo | ssoToken | o2oRetUrl | ckwhere | pageLink | contentDtlCd | contentId | mainCd | storeCd | brandCd | yearCode | smstCode | storeCode | lectCode | cust_id 
 한눈에 보기 | 신세계 아카데미 | 강좌검색 | 카탈로그 | 책가방 | MY 아카데미 | 아카데미 소개 | 수강신청 | 공연 | 문화홀 안내 | 신세계갤러리 | 전시 | 아트 컬렉션 | 갤러리 안내 | 광주신세계미술제 | 신세계 VIP클럽 | 신백멤버스 | 신세계 멤버십 | 고객의견 | 서비스 안내 | 공지사항 | 분실물 조회 | 추천 혜택 | 팔로우 혜택 | 전체 혜택 
 https www shinsegae com index do",678,97
0ee385d0c964e560,e001_full-wtg_0ee385d0c964e560-2026-08-27T052001613003Z,08efe1f76321b8f079a32b7849b9aee3,ITEM_DETAIL,SHOPPING_COMMERCE,홈플러스,https://mfront.homeplus.co.kr/,1,홈플러스 :: 당일배송 온라인 마트 장보기,"당일배송, 신선한 식품, 그리고 특별한 할인 혜택까지. 온라인으로 마트 장보기를 간편하게, 홈플러스와 함께하세요.",홈플러스 매직배송 홈 | 오늘의 행사 | 나의 매장 정보 | 서비스 바로가기 | 오늘의 장바구니 필수 라인업 | 고객님을 위한 추천 상품 | 행복대란 30개입 | 롯데 엄마손파이 254G | 미국산 부채살 100G/소고기 | 농협목우촌 주부9단 비엔나 250G*2 | 생물 오징어(국내산) 마리 | 도드람 해남 묵은지 김치찌개 1KG | 홈플델리 로스트 치킨 | 오뚜기 스트링치즈 플레인 20G*10 | 유한킴벌리 좋은느낌 오리지널 맥시 슬림 날개 생리대 중형 36매 | LG생활건강 홈스타 세탁조 클리너 450ML | 해태 홈런볼 초코 41G*4입 | 해태 맛동산 300G | 이번 주 주목할 만한 테마 | 오늘의 결제 혜택 | 3천원 할인 | 놓치면 후회할 쇼핑 큐레이션,매직배송익스프레스주문 후 1시간 내외 배송홈★무배데이베스트전단행사AI포유이벤트/쿠폰전체메뉴 토글 | 매직배송익스프레스주문 후 1시간 내외 배송 | 공지사항이용약관개인정보처리방침청소년 보호정책 | 카테고리배송시간홈마이페이지자주구매,매직배송 | 익스프레스 | ★무배데이 | 베스트 | 전단행사 | AI포유 | 이벤트/쿠폰 | 공지사항 | 이용약관 | 개인정보처리방침 | 청소년 보호정책,"닫기 | 전체메뉴 토글 | 전체보기 | 4,600원 | 6,600원 | 오늘 하루 보지 않기 | 로그인 | APP 설치 | 사업자 정보 확인 | 홈플러스 온라인 고객센터 챗봇 | 카테고리 | 배송시간 | 마이페이지 | 자주구매","매직배송/익스프레스 전환 | 검색 | 장바구니 담기 | 평점 4.7점, 리뷰갯수 103,388개 | 평점 4.9점, 리뷰갯수 4,744개 | 할인 전 4,600 가격 자세히보기 | 할인율 10% | 평점 4.7점, 리뷰갯수 42,142개 | 평점 4.8점, 리뷰갯수 19,605개 | 할인 전 6,600 가격 자세히보기 | 할인율 40% | 평점 4.7점, 리뷰갯수 7,283개 | 평점 4.7점, 리뷰갯수 1,657개 | 평점 4.6점, 리뷰갯수 8,354개 | 평점 4.6점, 리뷰갯수 3,535개 | 평점 4.8점, 리뷰갯수 2,071개 | 평점 4.8점, 리뷰갯수 5,177개 | 평점 4.9점, 리뷰갯수 60,590개 | 평점 4.8점, 리뷰갯수 8,354개 | 이번 주 주목할 만한 테마 | 푸터 메뉴",,,procSystem | returnURL | device,"매직배송 | 익스프레스 | 즐거운 쇼핑 | 홈스토랑 | 몽 블랑제 베이커리 | 델리 · 밀키트 | 홈카페 | simplus | 냉장고 채우기 | 하나 더! | 세제 | 이벤트/쿠폰 | 행복대란 30개입행사상품7,890원 100G당 506원매직배송4.7/99,999+4만원↑무료배송 | 롯데 엄마손파이 254G5,280원 10G당 208원매직배송4.9/4,7444만원↑무료배송 | 미국산 부채살 100G/소고기상품할인4,600원10%4,140원 100G당 4,140원 (6개 단위 구매)매 | 농협목우촌 주부9단 비엔나 250G*2행사상품6,990원 10G당 140원매직배송4.8/19,6054만원↑무 | 생물 오징어(국내산) 마리중복쿠폰상품할인2.5만↑ 3천원 할인6,600원40%3,960원 1개당 3,960원 | 도드람 해남 묵은지 김치찌개 1KG1+115,990원 100G당 1,599원매직배송4.7/1,6574만원↑무 | 홈플델리 로스트 치킨9,990원 매직배송4.6/8,3544만원↑무료배송 | 오뚜기 스트링치즈 플레인 20G*101+112,990원 10G당 650원매직배송4.6/3,5354만원↑무료배 | 유한킴벌리 좋은느낌 오리지널 맥시 슬림 날개 생리대 중형 36매함께할인중복쿠폰생필품 4만↑ 5천원13,500 | LG생활건강 홈스타 세탁조 클리너 450ML1+1중복쿠폰생필품 4만↑ 5천원5,900원 100ML당 1,31 | 해태 홈런볼 초코 41G*4입행사상품4,790원 10G당 292원매직배송4.9/60,5904만원↑무료배송 | 해태 맛동산 300G4,400원 10G당 147원매직배송4.8/8,3544만원↑무료배송 | 아이간식",https mfront homeplus co kr,"홈플러스 :: 당일배송 온라인 마트 장보기 
 당일배송, 신선한 식품, 그리고 특별한 할인 혜택까지. 온라인으로 마트 장보기를 간편하게, 홈플러스와 함께하세요. 
 홈플러스 매직배송 홈 | 오늘의 행사 | 나의 매장 정보 | 서비스 바로가기 | 오늘의 장바구니 필수 라인업 | 고객님을 위한 추천 상품 | 행복대란 30개입 | 롯데 엄마손파이 254G | 미국산 부채살 100G/소고기 | 농협목우촌 주부9단 비엔나 250G*2 | 생물 오징어(국내산) 마리 | 도드람 해남 묵은지 김치찌개 1KG | 홈플델리 로스트 치킨 | 오뚜기 스트링치즈 플레인 20G*10 | 유한킴벌리 좋은느낌 오리지널 맥시 슬림 날개 생리대 중형 36매 | LG생활건강 홈스타 세탁조 클리너 450ML | 해태 홈런볼 초코 41G*4입 | 해태 맛동산 300G | 이번 주 주목할 만한 테마 | 오늘의 결제 혜택 | 3천원 할인 | 놓치면 후회할 쇼핑 큐레이션 
 매직배송익스프레스주문 후 1시간 내외 배송홈★무배데이베스트전단행사AI포유이벤트/쿠폰전체메뉴 토글 | 매직배송익스프레스주문 후 1시간 내외 배송 | 공지사항이용약관개인정보처리방침청소년 보호정책 | 카테고리배송시간홈마이페이지자주구매 
 매직배송 | 익스프레스 | ★무배데이 | 베스트 | 전단행사 | AI포유 | 이벤트/쿠폰 | 공지사항 | 이용약관 | 개인정보처리방침 | 청소년 보호정책 
 닫기 | 전체메뉴 토글 | 전체보기 | 4,600원 | 6,600원 | 오늘 하루 보지 않기 | 로그인 | APP 설치 | 사업자 정보 확인 | 홈플러스 온라인 고객센터 챗봇 | 카테고리 | 배송시간 | 마이페이지 | 자주구매 
 매직배송/익스프레스 전환 | 검색 | 장바구니 담기 | 평점 4.7점, 리뷰갯수 103,388개 | 평점 4.9점, 리뷰갯수 4,744개 | 할인 전 4,600 가격 자세히보기 | 할인율 10% | 평점 4.7점, 리뷰갯수 42,142개 | 평점 4.8점, 리뷰갯수 19,605개 | 할인 전 6,600 가격 자세히보기 | 할인율 40% | 평점 4.7점, 리뷰갯수 7,283개 | 평점 4.7점, 리뷰갯수 1,657개 | 평점 4.6점, 리뷰갯수 8,354개 | 평점 4.6점, 리뷰갯수 3,535개 | 평점 4.8점, 리뷰갯수 2,071개 | 평점 4.8점, 리뷰갯수 5,177개 | 평점 4.9점, 리뷰갯수 60,590개 | 평점 4.8점, 리뷰갯수 8,354개 | 이번 주 주목할 만한 테마 | 푸터 메뉴 
 procSystem | returnURL | device 
 매직배송 | 익스프레스 | 즐거운 쇼핑 | 홈스토랑 | 몽 블랑제 베이커리 | 델리 · 밀키트 | 홈카페 | simplus | 냉장고 채우기 | 하나 더! | 세제 | 이벤트/쿠폰 | 행복대란 30개입행사상품7,890원 100G당 506원매직배송4.7/99,999+4만원↑무료배송 | 롯데 엄마손파이 254G5,280원 10G당 208원매직배송4.9/4,7444만원↑무료배송 | 미국산 부채살 100G/소고기상품할인4,600원10%4,140원 100G당 4,140원 (6개 단위 구매)매 | 농협목우촌 주부9단 비엔나 250G*2행사상품6,990원 10G당 140원매직배송4.8/19,6054만원↑무 | 생물 오징어(국내산) 마리중복쿠폰상품할인2.5만↑ 3천원 할인6,600원40%3,960원 1개당 3,960원 | 도드람 해남 묵은지 김치찌개 1KG1+115,990원 100G당 1,599원매직배송4.7/1,6574만원↑무 | 홈플델리 로스트 치킨9,990원 매직배송4.6/8,3544만원↑무료배송 | 오뚜기 스트링치즈 플레인 20G*101+112,990원 10G당 650원매직배송4.6/3,5354만원↑무료배 | 유한킴벌리 좋은느낌 오리지널 맥시 슬림 날개 생리대 중형 36매함께할인중복쿠폰생필품 4만↑ 5천원13,500 | LG생활건강 홈스타 세탁조 클리너 450ML1+1중복쿠폰생필품 4만↑ 5천원5,900원 100ML당 1,31 | 해태 홈런볼 초코 41G*4입행사상품4,790원 10G당 292원매직배송4.9/60,5904만원↑무료배송 | 해태 맛동산 300G4,400원 10G당 147원매직배송4.8/8,3544만원↑무료배송 | 아이간식 
 https mfront homeplus co kr",2095,428
0f3bdb2bd0bb891e,e001_full-wtg_0f3bdb2bd0bb891e-2026-08-27T052428749107Z,c1f91d326831821ca8478001f6a43872,ITEM_DETAIL,SHOPPING_COMMERCE,탑마트,https://www.seowon.com/,1,ììì íµ,,QUICK MENU | ìíì¶ì² | 8ì íë§í¸ì± í ì¸ì¿ í° | ìì° ì ë¬¼ì¸í¸ ì¬ì ìì½ | ì¶ì° ì ë¬¼ì¸í¸ ì¬ì ìì½ | ëì° ì ë¬¼ì¸í¸ ì¬ì ìì½ | íì¬ìë´ | ê³µì§ì¬í­ | ììë´ì¤,ì¼íìë´ ë§¤ì¥ì°¾ê¸° ì¸í°ë·ì ë¨ íì¬ìë´ ìíì¶ì² ê³ ê°ì¼í° íë³´ëì¤ì¹´ë ìíê¶ ì í´ì¹´ë ìì£¼íë ì§ë¬¸ ê³ ê°ì ìë¦¬ íë§í¸ì± ì¸ì¬ì±ì© ì§ë¬´ìê° ì,ì¼íìë´ | ë§¤ì¥ì°¾ê¸° | ì¸í°ë·ì ë¨ | íì¬ìë´ | ìíì¶ì² | ê³ ê°ì¼í° | íë³´ëì¤ì¹´ë | ìíê¶ | ì í´ì¹´ë | ìì£¼íë ì§ë¬¸ | ê³ ê°ì ìë¦¬ | íë§í¸ì± | ì¸ì¬ì±ì© | ì§ë¬´ìê° | ì±ì©ê³µê³ | íì¬ìê° | ê°ì¹ì²´ê³ | ê¹í´ë¬¼ë¥ì¼í° / ê³ì´ì¬ | ìììì | ëë°ì±ì¥ | ììë³ì,Previous | Next | GO,Previous | Next | 1 of 3 | 2 of 3 | 3 of 3 | 1 of 4 | 2 of 4 | 3 of 4 | 4 of 4 | 1 of 2 | 2 of 2,,,,"ì¼íìë´ ë§¤ì¥ì°¾ê¸° ì¸í°ë·ì ë¨ íì¬ìë´ ìí | ë§¤ì¥ì°¾ê¸° | ì¸í°ë·ì ë¨ | íì¬ìë´ | ìíì¶ì² | ê³ ê°ì¼í° íë³´ëì¤ì¹´ë ìíê¶ ì í´ì¹´ë ìì£ | íë³´ëì¤ì¹´ë | ìíê¶ | ì í´ì¹´ë | ìì£¼íë ì§ë¬¸ | ê³ ê°ì ìë¦¬ | íë§í¸ì± | ì¸ì¬ì±ì© ì§ë¬´ìê° ì±ì©ê³µê³ | ì§ë¬´ìê° | ì±ì©ê³µê³ | íì¬ìê° íì¬ìê° ê°ì¹ì²´ê³ ê¹í´ë¬¼ë¥ì¼í° /  | íì¬ìê° | ê°ì¹ì²´ê³ | ê¹í´ë¬¼ë¥ì¼í° / ê³ì´ì¬ | ìììì | ëë°ì±ì¥ | FAQ | WEBEDI | ì í¬ ìì ìë´ 2026.08.03 | (ì¬)ììëë, ì ìë ë ê±°ë ¸ì¸ì ì íê¸° ì§ì",https www seowon com,"ììì íµ 
 QUICK MENU | ìíì¶ì² | 8ì íë§í¸ì± í ì¸ì¿ í° | ìì° ì ë¬¼ì¸í¸ ì¬ì ìì½ | ì¶ì° ì ë¬¼ì¸í¸ ì¬ì ìì½ | ëì° ì ë¬¼ì¸í¸ ì¬ì ìì½ | íì¬ìë´ | ê³µì§ì¬í­ | ììë´ì¤ 
 ì¼íìë´ ë§¤ì¥ì°¾ê¸° ì¸í°ë·ì ë¨ íì¬ìë´ ìíì¶ì² ê³ ê°ì¼í° íë³´ëì¤ì¹´ë ìíê¶ ì í´ì¹´ë ìì£¼íë ì§ë¬¸ ê³ ê°ì ìë¦¬ íë§í¸ì± ì¸ì¬ì±ì© ì§ë¬´ìê° ì 
 ì¼íìë´ | ë§¤ì¥ì°¾ê¸° | ì¸í°ë·ì ë¨ | íì¬ìë´ | ìíì¶ì² | ê³ ê°ì¼í° | íë³´ëì¤ì¹´ë | ìíê¶ | ì í´ì¹´ë | ìì£¼íë ì§ë¬¸ | ê³ ê°ì ìë¦¬ | íë§í¸ì± | ì¸ì¬ì±ì© | ì§ë¬´ìê° | ì±ì©ê³µê³ | íì¬ìê° | ê°ì¹ì²´ê³ | ê¹í´ë¬¼ë¥ì¼í° / ê³ì´ì¬ | ìììì | ëë°ì±ì¥ | ììë³ì 
 Previous | Next | GO 
 Previous | Next | 1 of 3 | 2 of 3 | 3 of 3 | 1 of 4 | 2 of 4 | 3 of 4 | 4 of 4 | 1 of 2 | 2 of 2 
 ì¼íìë´ ë§¤ì¥ì°¾ê¸° ì¸í°ë·ì ë¨ íì¬ìë´ ìí | ë§¤ì¥ì°¾ê¸° | ì¸í°ë·ì ë¨ | íì¬ìë´ | ìíì¶ì² | ê³ ê°ì¼í° íë³´ëì¤ì¹´ë ìíê¶ ì í´ì¹´ë ìì£ | íë³´ëì¤ì¹´ë | ìíê¶ | ì í´ì¹´ë | ìì£¼íë ì§ë¬¸ | ê³ ê°ì ìë¦¬ | íë§í¸ì± | ì¸ì¬ì±ì© ì§ë¬´ìê° ì±ì©ê³µê³ | ì§ë¬´ìê° | ì±ì©ê³µê³ | íì¬ìê° íì¬ìê° ê°ì¹ì²´ê³ ê¹í´ë¬¼ë¥ì¼í° /  | íì¬ìê° | ê°ì¹ì²´ê³ | ê¹í´ë¬¼ë¥ì¼í° / ê³ì´ì¬ | ìììì | ëë°ì±ì¥ | FAQ | WEBEDI | ì í¬ ìì ìë´ 2026.08.03 | (ì¬)ììëë, ì ìë ë ê±°ë ¸ì¸ì ì íê¸° ì§ì 
 https www seowon com",1549,44
35319a420294ee17,e001_full-wtg_35319a420294ee17-2026-08-27T051947549087Z,5b96caa0d265bc1d4f4a39676a583825,FINANCIAL_ACTION_ENTRY,FINANCE_PAYMENT,토스,https://toss.im/,1,토스,금융부터 일상까지 마침내 토스 하나로.,"금융부터 일상까지마침내토스 하나로 | 자산을 관리하는 일은 한껏 단순하게 | 공부할 필요 없이누구나 금융 전문가로 | 지금 바로 받을 수 있는 대출 금리와 한도만 보여드려요 | 내가 자주 쓰는 카드보다 더 혜택 좋은 카드가 있는지 찾아드려요 | 전문가가 내 보험을 분석하고 나에게 필요 없는 보장을 알려드려요 | 토스증권 AI로 실적발표・어닝콜 실시간 분석 | 신경 쓰지 않아도 자동으로 주식 모으기 | 수백만 명이 모여있는 토스증권 커뮤니티 | 상품 판매와 정산 이것마저도 토스로 | 매달 800만명이 방문하는 또 하나의 강력한 상권, 토스쇼핑. | 안정적인 현금 흐름을 위해 구매가 확정되면 2일 안에 정산해드려요. | 상품마다 판매 전략이 다르듯광고 노출 전략도 다르게Ads",서비스비즈니스회사소개뉴스룸채용KOR앱 다운로드앱 다운로드,회사소개 | 뉴스룸 | 채용,서비스 | 비즈니스 | KOR | 앱 다운로드앱 다운로드 | Korean | English | 번역 중 | 매주 | 매일 | 매달 | 월요일 | 10주,"메뉴 열기 | 6.15% | Translation language | Close language menu | 정보 격차를 없애 누구나 쉽게 투자하는 세상을 만들어요. 기업 실적과 가이던스, 복잡한 숫자에 담긴 의미를 분석해요. | 주식 모으기 켜기 | 주식 모으기 주기 | Close dropdown | 설정 삭제 | 원하는 금액과 기간을 설정하면 자동으로 주식을 구매해요. 언제 살지 고민할 필요 없이, 잠깐 휴대폰을 내려놓아도요. | 다른 투자자들과 실시간으로 의견을 나누며 시야를 넓혀요. 이제 투자는 나만의 고민이 아닌, 함께 성장하는 경험이 돼요.",,,,"내 자산 모아보기입출금계좌와 예적금은 물론 주식 투자금까지. 여러 금융사에 흩어진 모든 자산을 모아서 보여드 | 내 자산 관리하기카드값이나 대출금이 나가기 전에, 계좌 잔액이 부족하면 알려줘서 연체되지 않게 막아드려요.내 | 매일 이자 받기이자 받는 날까지 기다릴 필요 없어요. 토스뱅크는 이자를 언제 받을지 내가 선택할 수 있어요. | 외화 환전하기토스뱅크는 살 때도, 팔 때도 환전 수수료 평생 무료. 24시간 내내 무료니까 필요할 때 마음 ",https toss im,"토스 
 금융부터 일상까지 마침내 토스 하나로. 
 금융부터 일상까지마침내토스 하나로 | 자산을 관리하는 일은 한껏 단순하게 | 공부할 필요 없이누구나 금융 전문가로 | 지금 바로 받을 수 있는 대출 금리와 한도만 보여드려요 | 내가 자주 쓰는 카드보다 더 혜택 좋은 카드가 있는지 찾아드려요 | 전문가가 내 보험을 분석하고 나에게 필요 없는 보장을 알려드려요 | 토스증권 AI로 실적발표・어닝콜 실시간 분석 | 신경 쓰지 않아도 자동으로 주식 모으기 | 수백만 명이 모여있는 토스증권 커뮤니티 | 상품 판매와 정산 이것마저도 토스로 | 매달 800만명이 방문하는 또 하나의 강력한 상권, 토스쇼핑. | 안정적인 현금 흐름을 위해 구매가 확정되면 2일 안에 정산해드려요. | 상품마다 판매 전략이 다르듯광고 노출 전략도 다르게Ads 
 서비스비즈니스회사소개뉴스룸채용KOR앱 다운로드앱 다운로드 
 회사소개 | 뉴스룸 | 채용 
 서비스 | 비즈니스 | KOR | 앱 다운로드앱 다운로드 | Korean | English | 번역 중 | 매주 | 매일 | 매달 | 월요일 | 10주 
 메뉴 열기 | 6.15% | Translation language | Close language menu | 정보 격차를 없애 누구나 쉽게 투자하는 세상을 만들어요. 기업 실적과 가이던스, 복잡한 숫자에 담긴 의미를 분석해요. | 주식 모으기 켜기 | 주식 모으기 주기 | Close dropdown | 설정 삭제 | 원하는 금액과 기간을 설정하면 자동으로 주식을 구매해요. 언제 살지 고민할 필요 없이, 잠깐 휴대폰을 내려놓아도요. | 다른 투자자들과 실시간으로 의견을 나누며 시야를 넓혀요. 이제 투자는 나만의 고민이 아닌, 함께 성장하는 경험이 돼요. 
 내 자산 모아보기입출금계좌와 예적금은 물론 주식 투자금까지. 여러 금융사에 흩어진 모든 자산을 모아서 보여드 | 내 자산 관리하기카드값이나 대출금이 나가기 전에, 계좌 잔액이 부족하면 알려줘서 연체되지 않게 막아드려요.내 | 매일 이자 받기이자 받는 날까지 기다릴 필요 없어요. 토스뱅크는 이자를 언제 받을지 내가 선택할 수 있어요. | 외화 환전하기토스뱅크는 살 때도, 팔 때도 환전 수수료 평생 무료. 24시간 내내 무료니까 필요할 때 마음  
 https toss im",1130,243
517b8047eb5be716,e001_full-wtg_517b8047eb5be716-2026-08-27T052347442544Z,ca14be534d2cf67c5de89912f5336a17,ITEM_DETAIL,SHOPPING_COMMERCE,농협하나로마트,https://www.nhhanaro.co.kr/,1,농협모바일,,,,,,,,,,매장찾기 마트찾기 농축협홈페이지 | 마트찾기 | 농축협홈페이지 | 하나로 Life 하나로 News 이벤트/행사 e-전단지 | 하나로 News | 이벤트/행사 | e-전단지 | 브랜드 상품 농축협 브랜드상품 농협하나로PB상품 | 농축협 브랜드상품 | 농협하나로PB상품 | 문화센터 문화센터안내 문화센터 강좌정보 | 문화센터안내 | 문화센터 강좌정보,https www nhhanaro co kr,"농협모바일 
 매장찾기 마트찾기 농축협홈페이지 | 마트찾기 | 농축협홈페이지 | 하나로 Life 하나로 News 이벤트/행사 e-전단지 | 하나로 News | 이벤트/행사 | e-전단지 | 브랜드 상품 농축협 브랜드상품 농협하나로PB상품 | 농축협 브랜드상품 | 농협하나로PB상품 | 문화센터 문화센터안내 문화센터 강좌정보 | 문화센터안내 | 문화센터 강좌정보 
 https www nhhanaro co kr",228,40
5ede56738376a8c5,e001_full-wtg_5ede56738376a8c5-2026-08-27T051555247726Z,7cd83a1ad79cddcb0de40f71cf319a85,COMMUNICATION_ENTRY,SOCIAL_COMMUNICATION,Instagram,https://www.instagram.com/,1,Instagram,계정을 만들거나 Instagram에 로그인하여 나를 이해하는 사람들과 회원님의 관심사를 공유해보세요.,친한 친구들과 일상의 순간을 공유해보세요.,InstagramInstagram로그인앱 열기 | 한국어아래쪽 V자형 아이콘AfrikaansالعربيةČeštinaDanskDeutschΕλληνικάEnglishEnglish (UK)Español (España)EspañolفارسیSuomiFrançaisעבריתBahasa IndonesiaItaliano日本語한국어Bahasa MelayuNorskNederlandsPolskiPortuguês (Bra,로그인 | 앱 열기,Instagram 열기 | 로그인 | 가입하기,Instagram | 아래쪽 V자형 아이콘 | 표시 언어 변경,,,,Instagram친한 친구들과 일상의 순간을 공유해보세요.Instagram 열기로그인또는가입하기,https www instagram com,"Instagram 
 계정을 만들거나 Instagram에 로그인하여 나를 이해하는 사람들과 회원님의 관심사를 공유해보세요. 
 친한 친구들과 일상의 순간을 공유해보세요. 
 InstagramInstagram로그인앱 열기 | 한국어아래쪽 V자형 아이콘AfrikaansالعربيةČeštinaDanskDeutschΕλληνικάEnglishEnglish (UK)Español (España)EspañolفارسیSuomiFrançaisעבריתBahasa IndonesiaItaliano日本語한국어Bahasa MelayuNorskNederlandsPolskiPortuguês (Bra 
 로그인 | 앱 열기 
 Instagram 열기 | 로그인 | 가입하기 
 Instagram | 아래쪽 V자형 아이콘 | 표시 언어 변경 
 Instagram친한 친구들과 일상의 순간을 공유해보세요.Instagram 열기로그인또는가입하기 
 https www instagram com",485,64
888d37f34b5d3aaa,e001_full-wtg_888d37f34b5d3aaa-2026-08-27T052012699280Z,8e5b634eafffe38c5e8105b29c23f82d,ITEM_DETAIL,SHOPPING_COMMERCE,롯데홈쇼핑,https://www.lottehomeshopping.com/user/main/index.lotte,1,LOTTE Homeshopping,,NEWS | 보도자료 | CSR 소식 | SUPPORT,메뉴 회사소개 회사개요 연혁 경영현황 전자공고 비전 오시는 길 사업소개 국내사업 해외수출 입점안내 대표 콘텐츠 방송 프로그램 상품/브랜드 서비스 지속가능경영 ESG경영 환경경영 나눔활동 상생협력 윤리경영 소비자중심경영 안전/시설경영 인재채용 인재상 인사제도 직무별 안내 조직문화 채용정보 지원자 도우미 뉴스룸 공지사항 NEWS 인스타그램 페이스북 유튜브 닫기,메뉴 | 회사소개 | 회사개요 | 연혁 | 경영현황 | 전자공고 | 비전 | 오시는 길 | 사업소개 | 국내사업 | 해외수출 | 입점안내 | 대표 콘텐츠 | 방송 프로그램 | 상품/브랜드 | 서비스 | 지속가능경영 | ESG경영 | 환경경영 | 나눔활동 | 상생협력 | 윤리경영 | 소비자중심경영 | 안전/시설경영 | 인재채용 | 인재상 | 인사제도 | 직무별 안내 | 조직문화 | 채용정보 | 지원자 도우미 | 뉴스룸 | 공지사항 | NEWS | 인스타그램 | 페이스북 | 유튜브 | 닫기 | LANGUAGE | KOREAN,,,,,id | rno | board_id | currentPageNo | code | search_type | search_keyword | status | etc | time,회사소개 회사개요 연혁 경영현황 전자공고 비전 오시는 길 | 회사개요 | 연혁 | 경영현황 | 전자공고 | 비전 | 오시는 길 | 사업소개 국내사업 해외수출 입점안내 | 국내사업 | 해외수출 | 입점안내 | 대표 콘텐츠 방송 프로그램 상품/브랜드 서비스 | 방송 프로그램 | 상품/브랜드 | 서비스 | 지속가능경영 ESG경영 환경경영 나눔활동 상생협력 윤리경영 소비자중심경영 안전/시설경영 | ESG경영 | 환경경영 | 나눔활동 | 상생협력 | 윤리경영 | 소비자중심경영 | 안전/시설경영 | 인재채용 인재상 인사제도 직무별 안내 조직문화 채용정보 지원자 도우미 | 인재상,https www lottehomeshopping com user main index lotte,"LOTTE Homeshopping 
 NEWS | 보도자료 | CSR 소식 | SUPPORT 
 메뉴 회사소개 회사개요 연혁 경영현황 전자공고 비전 오시는 길 사업소개 국내사업 해외수출 입점안내 대표 콘텐츠 방송 프로그램 상품/브랜드 서비스 지속가능경영 ESG경영 환경경영 나눔활동 상생협력 윤리경영 소비자중심경영 안전/시설경영 인재채용 인재상 인사제도 직무별 안내 조직문화 채용정보 지원자 도우미 뉴스룸 공지사항 NEWS 인스타그램 페이스북 유튜브 닫기 
 메뉴 | 회사소개 | 회사개요 | 연혁 | 경영현황 | 전자공고 | 비전 | 오시는 길 | 사업소개 | 국내사업 | 해외수출 | 입점안내 | 대표 콘텐츠 | 방송 프로그램 | 상품/브랜드 | 서비스 | 지속가능경영 | ESG경영 | 환경경영 | 나눔활동 | 상생협력 | 윤리경영 | 소비자중심경영 | 안전/시설경영 | 인재채용 | 인재상 | 인사제도 | 직무별 안내 | 조직문화 | 채용정보 | 지원자 도우미 | 뉴스룸 | 공지사항 | NEWS | 인스타그램 | 페이스북 | 유튜브 | 닫기 | LANGUAGE | KOREAN 
 id | rno | board_id | currentPageNo | code | search_type | search_keyword | status | etc | time 
 회사소개 회사개요 연혁 경영현황 전자공고 비전 오시는 길 | 회사개요 | 연혁 | 경영현황 | 전자공고 | 비전 | 오시는 길 | 사업소개 국내사업 해외수출 입점안내 | 국내사업 | 해외수출 | 입점안내 | 대표 콘텐츠 방송 프로그램 상품/브랜드 서비스 | 방송 프로그램 | 상품/브랜드 | 서비스 | 지속가능경영 ESG경영 환경경영 나눔활동 상생협력 윤리경영 소비자중심경영 안전/시설경영 | ESG경영 | 환경경영 | 나눔활동 | 상생협력 | 윤리경영 | 소비자중심경영 | 안전/시설경영 | 인재채용 인재상 인사제도 직무별 안내 조직문화 채용정보 지원자 도우미 | 인재상 
 https www lottehomeshopping com user main index lotte",1028,181
8fd5d30f8b1d707b,e001_full-wtg_8fd5d30f8b1d707b-2026-08-27T051524503998Z,cd955f4d5cf0ab69d409061c42ed02cf,FINANCIAL_ACTION_ENTRY,FINANCE_PAYMENT,하나은행,https://banking.hanabank.com/,1,íëìí:ëª¨ë°ì¼webë± í¹,"íëìí, íëìí ëª¨ë°ì¼ì¹",,,,ì ì§,Previous slide | Next slide,,1ì¼ ëì ì´ì§ ììµëë¤.,popdayChk_confirm,ê³ì¢ì¡°í | ìíê¸ìµìë´ | íëëë¥ì¤í¸,https banking hanabank com,"íëìí:ëª¨ë°ì¼webë± í¹ 
 íëìí, íëìí ëª¨ë°ì¼ì¹ 
 ì ì§ 
 Previous slide | Next slide 
 1ì¼ ëì ì´ì§ ììµëë¤. 
 popdayChk_confirm 
 ê³ì¢ì¡°í | ìíê¸ìµìë´ | íëëë¥ì¤í¸ 
 https banking hanabank com",253,12
95967b50683649f2,e001_full-wtg_95967b50683649f2-2026-08-27T051806340380Z,bd2af5f2a0b5a346827b67410dc1e9c0,FINANCIAL_ACTION_ENTRY,FINANCE_PAYMENT,NH스마트뱅킹,https://banking.nonghyup.com/nhbank.html,1,농협 개인모바일,,,,,,,,,,,https banking nonghyup com nhbank html,"농협 개인모바일 
 https banking nonghyup com nhbank html",49,8
a215c45b2cc585ca,e001_full-wtg_a215c45b2cc585ca-2026-08-27T051541867878Z,e1427608966cc0638cb3ad44607d1fe5,UTILITY_ENTRY,UTILITY_OTHER,에이닷 전화,https://a.sktelecom.com/,1,"나만의 AI 개인비서, 에이닷",내 일상을 편리하게 만들어줄 나만의 AI 개인비서 에이닷! 지금 바로 다운로드 하고 AI LIFE 를 즐기세요.,AI 개인비서로일상을 더욱 편리하게. | 에이전트 대화 | 음성대화 | 브리핑 | 노트 | 일정 | 멀티 로그인 | 감성대화 | AI 전화 | 검색 | 뮤직 보관함 | T서비스 | 에이닷 PC Web | 지금 에이닷에선재미있고 다양한이벤트가 진행 중이에요!,다운로드,다운로드,,"나만의 AI 개인비서, 에이닷 | 애플 스토어에서 다운로드 | 구글 플레이에서 다운로드 | 에이닷 앱 설치",,,,AI 개인비서로일상을 더욱 편리하게. 더 똑똑해진 에이닷 4.0 A.(에이닷) 시작하기 에이전트 대화 말 한,https sktelecom com,"나만의 AI 개인비서, 에이닷 
 내 일상을 편리하게 만들어줄 나만의 AI 개인비서 에이닷! 지금 바로 다운로드 하고 AI LIFE 를 즐기세요. 
 AI 개인비서로일상을 더욱 편리하게. | 에이전트 대화 | 음성대화 | 브리핑 | 노트 | 일정 | 멀티 로그인 | 감성대화 | AI 전화 | 검색 | 뮤직 보관함 | T서비스 | 에이닷 PC Web | 지금 에이닷에선재미있고 다양한이벤트가 진행 중이에요! 
 다운로드 
 다운로드 
 나만의 AI 개인비서, 에이닷 | 애플 스토어에서 다운로드 | 구글 플레이에서 다운로드 | 에이닷 앱 설치 
 AI 개인비서로일상을 더욱 편리하게. 더 똑똑해진 에이닷 4.0 A.(에이닷) 시작하기 에이전트 대화 말 한 
 https sktelecom com",388,81
c5285b96b598a08b,e001_full-wtg_c5285b96b598a08b-2026-08-27T051548001919Z,12158b645bfa072640414a4f8ea5d66e,ITEM_DETAIL,SHOPPING_COMMERCE,배달의민족,https://baemin.com/,1,배달의민족 - 배달팁 무료 배민클럽,"시켜도 시켜도 배달팁 무료 배민클럽! 음식부터 장보기, 쇼핑까지 배달은 배달의민족",,앱 다운로드배달의민족음식배달배민클럽B마트장보기・쇼핑선물하기전국특가배민페이,,Get the App,인스타그램 | 페이스북 | 유튜브 | 네이버블로그,,,,"시켜도 시켜도 배달팁 무료 배민클럽! 음식부터 장보기, 쇼핑까지 배달은배달의민족",https baemin com,"배달의민족 - 배달팁 무료 배민클럽 
 시켜도 시켜도 배달팁 무료 배민클럽! 음식부터 장보기, 쇼핑까지 배달은 배달의민족 
 앱 다운로드배달의민족음식배달배민클럽B마트장보기・쇼핑선물하기전국특가배민페이 
 Get the App 
 인스타그램 | 페이스북 | 유튜브 | 네이버블로그 
 시켜도 시켜도 배달팁 무료 배민클럽! 음식부터 장보기, 쇼핑까지 배달은배달의민족 
 https baemin com",220,36
e296af221a5f7128,e001_full-wtg_e296af221a5f7128-2026-08-27T051610954078Z,4527fc528e92ba320f693940a4d181b9,FINANCIAL_ACTION_ENTRY,FINANCE_PAYMENT,KB스타뱅킹,https://omoney.kbstar.com/quics?page=C021616,1,이용안내 ( 스마트금융서비스 | KB스타뱅킹 | 이용안내 ),,전체메뉴 | 개인 | 기업 | 자산관리 | 부동산 | 퇴직연금 | 카드 | 전체서비스 | GLOBAL | 스마트금융서비스 서비스 메뉴 | KB스타뱅킹 | 이용안내 | 서비스 이용대상 | 서비스 이용절차,,,검색 | KB국민은행 전체메뉴 닫기 | close,,,지점검색 | 지점검색입력 | 자동화코너검색 | 자동화코너검색 검색어,_REFERER_SITE_NAME | page | 검색설정명 | 검색출력량 | 검색페이지번호 | 검색어 | gnbSearchData1 | gnbSearchData2 | 선택검색번호 | inp_radio | searName2 | searName3 | QSL | 페이지코드 | 컴포넌트코드 | 로그인여부,로그인 | 인증센터 개인 기업 | 개인 | 기업 | 자산관리 | 부동산 | 퇴직연금 | 카드 | 전체서비스 금융서비스 에스크로이체 보안센터 인증센터(개인) 인증센터(기업) 특화서비스 주택청약 국민주택채권  | 금융서비스 에스크로이체 보안센터 인증센터(개인) 인증센터(기업) | 에스크로이체 | 보안센터 | 인증센터(개인) | 인증센터(기업) | 특화서비스 주택청약 국민주택채권 주택도시기금 스마트금융서비스 Liiv M KB국민인증서 | 주택청약 | 국민주택채권 | 주택도시기금 | 스마트금융서비스 | Liiv M | KB국민인증서 | 멤버십서비스 KB고객우대제도 GOLD&WISE | KB고객우대제도 | GOLD&WISE | KB와 함께 은행소개 지점안내 고객센터 KB정보광장 이벤트 희망금융클리닉 KB굿잡 KB의 생각,https omoney kbstar com quics page c021616,"이용안내 ( 스마트금융서비스 | KB스타뱅킹 | 이용안내 ) 
 전체메뉴 | 개인 | 기업 | 자산관리 | 부동산 | 퇴직연금 | 카드 | 전체서비스 | GLOBAL | 스마트금융서비스 서비스 메뉴 | KB스타뱅킹 | 이용안내 | 서비스 이용대상 | 서비스 이용절차 
 검색 | KB국민은행 전체메뉴 닫기 | close 
 지점검색 | 지점검색입력 | 자동화코너검색 | 자동화코너검색 검색어 
 _REFERER_SITE_NAME | page | 검색설정명 | 검색출력량 | 검색페이지번호 | 검색어 | gnbSearchData1 | gnbSearchData2 | 선택검색번호 | inp_radio | searName2 | searName3 | QSL | 페이지코드 | 컴포넌트코드 | 로그인여부 
 로그인 | 인증센터 개인 기업 | 개인 | 기업 | 자산관리 | 부동산 | 퇴직연금 | 카드 | 전체서비스 금융서비스 에스크로이체 보안센터 인증센터(개인) 인증센터(기업) 특화서비스 주택청약 국민주택채권  | 금융서비스 에스크로이체 보안센터 인증센터(개인) 인증센터(기업) | 에스크로이체 | 보안센터 | 인증센터(개인) | 인증센터(기업) | 특화서비스 주택청약 국민주택채권 주택도시기금 스마트금융서비스 Liiv M KB국민인증서 | 주택청약 | 국민주택채권 | 주택도시기금 | 스마트금융서비스 | Liiv M | KB국민인증서 | 멤버십서비스 KB고객우대제도 GOLD&WISE | KB고객우대제도 | GOLD&WISE | KB와 함께 은행소개 지점안내 고객센터 KB정보광장 이벤트 희망금융클리닉 KB굿잡 KB의 생각 
 https omoney kbstar com quics page c021616",838,125
ed7b9bea21def8f8,e001_full-wtg_ed7b9bea21def8f8-2026-08-27T051620501534Z,90a3f404f3934105c3728a2ee6dffcd4,UTILITY_ENTRY,UTILITY_OTHER,내 파일,https://www.samsungsvc.co.kr/solution/164886,1,"[ì¼ì± ì¤ë§í¸í°] ê°¤ë­ì, ë´ íì¼ ì± ì¬ì© ë°©ë² ìë´(íì¼ ë° í´ë ì°¾ê¸°, ë³µì¬, ì´ë, ì­ì )","ë´ íì¼ ì±ì ë¬¸ì, ì¬ì§, ì¤ëì¤ ë° ê¸°í ë¤ì´ë¡ë íì¼ì ê´ë¦¬í ì ìì¼ë©°, ì¸ì¥ ì ì¥ê³µê° ëë í´ë¼ì°ë ìë¹ì¤ë¡ì ì´ëì ì§ìí©ëë¤.","ê°¤ë­ì, ë´ íì¼ ì± ì¬ì© ë°©ë² ìë´(íì¼ ë° í´ë ì°¾ê¸°, ë³µì¬, | ë¤ì´ë¡ëí íì¼ì ì°¾ë ë°©ë² | íì¼ ëë í´ëë¥¼ ì¸ì¥ ì ì¥ê³µê°ì¼ë¡ ë³µì¬, ì´ëíë ë°©ë²â | ê°¤ë­ìì PC ì°ê²° í íì¼ ëë í´ë ë³µì¬, ì´ëíë ë°©ë²â | íì¼ ëë í´ë ì­ì  ë°©ë²â","ë«ê¸° ë¤ë¡ê°ê¸° SAMSUNG ì¼ì±ì ììë¹ì¤ ìë íì¸ì ê³ ê°ë, ìë íì¸ì ê³ ê°ë! ë¡ê·¸ì¸ íìë©´ ë³´ë¤ í¸ë¦¬íê² ìë¹ì¤ë¥¼ ì´ì©íì¤ ì ììµëë¤. ë¬´ìì ë | ìë íì¸ì ê³ ê°ë, ìë íì¸ì ê³ ê°ë! ë¡ê·¸ì¸ íìë©´ ë³´ë¤ í¸ë¦¬íê² ìë¹ì¤ë¥¼ ì´ì©íì¤ ì ììµëë¤. ë¬´ìì ëìëë¦´ê¹ì? ë¡ê·¸ì¸ ì¥ë°êµ¬ë ì£¼ë¬¸/ë°",ë«ê¸° | ë¤ë¡ê°ê¸° | SAMSUNG ì¼ì±ì ììë¹ì¤ | ë¡ê·¸ì¸ | ì¥ë°êµ¬ë | ì£¼ë¬¸/ë°°ì¡ ì¡°í | ìëª¨íìµ 1:1ë¬¸ì | ìê°ìë¦¬ë¶í ë³´ì¦ë±ë¡ | ë¡ê·¸ìì | ì¤ì¤ë¡í´ê²° | ìì´ì»¨ | ëì¥ê³ /ê¹ì¹ëì¥ê³ | ì¸íê¸°/ê±´ì¡°ê¸°/ìì´ëë ì | ëª¨ë°ì¼ | PC/ëª¨ëí° | íë¦°í°/ë³µí©ê¸° | TV | ì²­ìê¸° | ê³µê¸°ì²­ì ê¸°/ì ìµê¸° | ì£¼ë°©ê°ì  | ì¤ëì¤ | ì¤ë§í¸ì±ì¤ | ì± & ìë¹ì¤ | ê¸°í ì í | ì ë¬¸ìë´ | AI CS Bot ìë´ | ìê²©ìë´ | ì íìë´ ìì½ | ìì´ìë´ | ìë¹ì¤ ìë´ | ìê¸ìë´ | ì ì§ë³´ì | Samsung Care+ | ììì¦/ëª ì¸ì ë°ê¸ | ë¤ì´ë¡ë ìë£ì¤ | ê³ ê° ìê°ìë¦¬ | ìë¹ì¤ ìì½ | ì¶ì¥ìë¹ì¤ ìì½ | ìì½ ì¡°í | ì¼í°ì°¾ê¸°,ë«ê¸° | ë¡ê·¸ì¸ | ì¥ë°êµ¬ë | ì£¼ë¬¸/ë°°ì¡ ì¡°í | ìëª¨íìµ 1:1ë¬¸ì | ìê°ìë¦¬ë¶í ë³´ì¦ë±ë¡ | ë¡ê·¸ìì | ì¬ì´ë ë©ë´ ë«ê¸° | ë¡ê·¸ì¸ë©ë´ ë²í¼ | ë¡ê·¸ììë©ë´ ë²í¼ | ì¬ì´ë ë©ë´ ë³´ê¸° | ê²ì | ì ì²´ì­ì  | ê²ììì­ ë«ê¸° | ê³µì íê¸° | ì¹´ì¹´ì¤ | ë¤ì´ë² ë°´ë | ë¤ì´ë² | í¸ìí° | íì´ì¤ë¶ | êµ¬ê¸íë¬ì¤ | URL ë³µì¬ | ì´ì íë©´ | ì¼ì± ê´ë ¨ ì¬ì´í¸ | ì¬íê³µí ì´ì¼ê¸° | ìëª¨íìµììì íì êµ¬ë§¤íì¸ | ì ì©í ì í ëììì ë³´ë¥¼ ì´ì | ë´ ìì¹ì ê°ì¥ ê°ê¹ì´ì¼í°ë¥¼  | AI CS Bot(ì±ë´ìë´)ìê²ê¶ê¸í ì | íì´ì§ ìë¨ì¼ë¡ ì´ë,,ê²ìì´ë¥¼ ì ë ¥í´ì£¼ì¸ì.,ë¤ | ìëì,feedbackYN,ì¤ì¤ë¡í´ê²° ì¤ì¤ë¡í´ê²° ìì´ì»¨ëì¥ê³ /ê¹ì¹ë | ìì´ì»¨ | ëì¥ê³ /ê¹ì¹ëì¥ê³ | ì¸íê¸°/ê±´ì¡°ê¸°/ìì´ëë ì | ëª¨ë°ì¼ | PC/ëª¨ëí° | íë¦°í°/ë³µí©ê¸° | TV | ì²­ìê¸° | ê³µê¸°ì²­ì ê¸°/ì ìµê¸° | ì£¼ë°©ê°ì  | ì¤ëì¤ | ì¤ë§í¸ì±ì¤ | ì± & ìë¹ì¤ | ê¸°í ì í | ì ë¬¸ìë´ ì ë¬¸ìë´ AI CS Bot ìë´ìê²©ìë´ì í | AI CS Bot ìë´ | ìê²©ìë´ | ì íìë´ ìì½ | ìì´ìë´ | ìë¹ì¤ ìë´ ìë¹ì¤ ìë´ ìê¸ìë´ì ì§ë³´ìSa | ìê¸ìë´ | ì ì§ë³´ì | Samsung Care+ | ììì¦/ëª ì¸ì ë°ê¸,https www samsungsvc co kr solution 164886,"[ì¼ì± ì¤ë§í¸í°] ê°¤ë­ì, ë´ íì¼ ì± ì¬ì© ë°©ë² ìë´(íì¼ ë° í´ë ì°¾ê¸°, ë³µì¬, ì´ë, ì­ì ) 
 ë´ íì¼ ì±ì ë¬¸ì, ì¬ì§, ì¤ëì¤ ë° ê¸°í ë¤ì´ë¡ë íì¼ì ê´ë¦¬í ì ìì¼ë©°, ì¸ì¥ ì ì¥ê³µê° ëë í´ë¼ì°ë ìë¹ì¤ë¡ì ì´ëì ì§ìí©ëë¤. 
 ê°¤ë­ì, ë´ íì¼ ì± ì¬ì© ë°©ë² ìë´(íì¼ ë° í´ë ì°¾ê¸°, ë³µì¬, | ë¤ì´ë¡ëí íì¼ì ì°¾ë ë°©ë² | íì¼ ëë í´ëë¥¼ ì¸ì¥ ì ì¥ê³µê°ì¼ë¡ ë³µì¬, ì´ëíë ë°©ë²â | ê°¤ë­ìì PC ì°ê²° í íì¼ ëë í´ë ë³µì¬, ì´ëíë ë°©ë²â | íì¼ ëë í´ë ì­ì  ë°©ë²â 
 ë«ê¸° ë¤ë¡ê°ê¸° SAMSUNG ì¼ì±ì ììë¹ì¤ ìë íì¸ì ê³ ê°ë, ìë íì¸ì ê³ ê°ë! ë¡ê·¸ì¸ íìë©´ ë³´ë¤ í¸ë¦¬íê² ìë¹ì¤ë¥¼ ì´ì©íì¤ ì ììµëë¤. ë¬´ìì ë | ìë íì¸ì ê³ ê°ë, ìë íì¸ì ê³ ê°ë! ë¡ê·¸ì¸ íìë©´ ë³´ë¤ í¸ë¦¬íê² ìë¹ì¤ë¥¼ ì´ì©íì¤ ì ììµëë¤. ë¬´ìì ëìëë¦´ê¹ì? ë¡ê·¸ì¸ ì¥ë°êµ¬ë ì£¼ë¬¸/ë° 
 ë«ê¸° | ë¤ë¡ê°ê¸° | SAMSUNG ì¼ì±ì ììë¹ì¤ | ë¡ê·¸ì¸ | ì¥ë°êµ¬ë | ì£¼ë¬¸/ë°°ì¡ ì¡°í | ìëª¨íìµ 1:1ë¬¸ì | ìê°ìë¦¬ë¶í ë³´ì¦ë±ë¡ | ë¡ê·¸ìì | ì¤ì¤ë¡í´ê²° | ìì´ì»¨ | ëì¥ê³ /ê¹ì¹ëì¥ê³ | ì¸íê¸°/ê±´ì¡°ê¸°/ìì´ëë ì | ëª¨ë°ì¼ | PC/ëª¨ëí° | íë¦°í°/ë³µí©ê¸° | TV | ì²­ìê¸° | ê³µê¸°ì²­ì ê¸°/ì ìµê¸° | ì£¼ë°©ê°ì  | ì¤ëì¤ | ì¤ë§í¸ì±ì¤ | ì± & ìë¹ì¤ | ê¸°í ì í | ì ë¬¸ìë´ | AI CS Bot ìë´ | ìê²©ìë´ | ì íìë´ ìì½ | ìì´ìë´ | ìë¹ì¤ ìë´ | ìê¸ìë´ | ì ì§ë³´ì | Samsung Care+ | ììì¦/ëª ì¸ì ë°ê¸ | ë¤ì´ë¡ë ìë£ì¤ | ê³ ê° ìê°ìë¦¬ | ìë¹ì¤ ìì½ | ì¶ì¥ìë¹ì¤ ìì½ | ìì½ ì¡°í | ì¼í°ì°¾ê¸° 
 ë«ê¸° | ë¡ê·¸ì¸ | ì¥ë°êµ¬ë | ì£¼ë¬¸/ë°°ì¡ ì¡°í | ìëª¨íìµ 1:1ë¬¸ì | ìê°ìë¦¬ë¶í ë³´ì¦ë±ë¡ | ë¡ê·¸ìì | ì¬ì´ë ë©ë´ ë«ê¸° | ë¡ê·¸ì¸ë©ë´ ë²í¼ | ë¡ê·¸ììë©ë´ ë²í¼ | ì¬ì´ë ë©ë´ ë³´ê¸° | ê²ì | ì ì²´ì­ì  | ê²ììì­ ë«ê¸° | ê³µì íê¸° | ì¹´ì¹´ì¤ | ë¤ì´ë² ë°´ë | ë¤ì´ë² | í¸ìí° | íì´ì¤ë¶ | êµ¬ê¸íë¬ì¤ | URL ë³µì¬ | ì´ì íë©´ | ì¼ì± ê´ë ¨ ì¬ì´í¸ | ì¬íê³µí ì´ì¼ê¸° | ìëª¨íìµììì íì êµ¬ë§¤íì¸ | ì ì©í ì í ëììì ë³´ë¥¼ ì´ì | ë´ ìì¹ì ê°ì¥ ê°ê¹ì´ì¼í°ë¥¼  | AI CS Bot(ì±ë´ìë´)ìê²ê¶ê¸í ì | íì´ì§ ìë¨ì¼ë¡ ì´ë 
 ê²ìì´ë¥¼ ì ë ¥í´ì£¼ì¸ì. 
 ë¤ | ìëì 
 feedbackYN 
 ì¤ì¤ë¡í´ê²° ì¤ì¤ë¡í´ê²° ìì´ì»¨ëì¥ê³ /ê¹ì¹ë | ìì´ì»¨ | ëì¥ê³ /ê¹ì¹ëì¥ê³ | ì¸íê¸°/ê±´ì¡°ê¸°/ìì´ëë ì | ëª¨ë°ì¼ | PC/ëª¨ëí° | íë¦°í°/ë³µí©ê¸° | TV | ì²­ìê¸° | ê³µê¸°ì²­ì ê¸°/ì ìµê¸° | ì£¼ë°©ê°ì  | ì¤ëì¤ | ì¤ë§í¸ì±ì¤ | ì± & ìë¹ì¤ | ê¸°í ì í | ì ë¬¸ìë´ ì ë¬¸ìë´ AI CS Bot ìë´ìê²©ìë´ì í | AI CS Bot ìë´ | ìê²©ìë´ | ì íìë´ ìì½ | ìì´ìë´ | ìë¹ì¤ ìë´ ìë¹ì¤ ìë´ ìê¸ìë´ì ì§ë³´ìSa | ìê¸ìë´ | ì ì§ë³´ì | Samsung Care+ | ììì¦/ëª ì¸ì ë°ê¸ 
 https www samsungsvc co kr solution 164886",3156,37
efda6e0b8457d63c,e001_full-wtg_efda6e0b8457d63c-2026-08-27T051559666954Z,62a6d162da96601df7cb4b3d7a7dfa1c,PLACE_LOOKUP,MAP_MOBILITY,네이버지도,https://www.navercorp.com/service/map,1,지도 l NAVER Corp.,네이버 지도 서비스 소개입니다.,logo | 지도 | 네이버지도 | 네이버 플레이스 | 3D 공간 정보,logo 회사소개 기술과 서비스로 세상의 모든 가능성을 연결합니다 소개 주요 계열사 주요 연혁 브랜드 리소스 제휴 제안 Contact 서비스 검색에서 탐색으로 진화 On-Service AI 네이버 주요 서비스 포털 도구 검색 광고 커머스 클라우드 핀테크 1784 콘텐츠 데이터센터 각 커뮤니티 전체 서비스 지도 기술 혁신의 기술을 일상의 서비스로 Everyd | 회사소개 기술과 서비스로 세상의 모든 가능성을 연결합니다 소개 주요 계열사 주요 연혁 브랜드 리소스 제휴 제안 Contact 서비스 검색에서 탐색으로 진화 On-Service AI 네이버 주요 서비스 포털 도구 검색 광고 커머스 클라우드 핀테크 1784 콘텐츠 데이터센터 각 커뮤니티 전체 서비스 지도 기술 혁신의 기술을 일상의 서비스로 Everyday Te,logo | 회사소개 | 소개 | 주요 계열사 | 주요 연혁 | 브랜드 리소스 | 제휴 제안 | Contact | 서비스 | 네이버 주요 서비스 | 포털 | 도구 | 검색 | 광고 | 커머스 | 클라우드 | 핀테크 | 1784 | 콘텐츠 | 데이터센터 각 | 커뮤니티 | 전체 서비스 | 지도 | 기술 | 네이버 주요 기술 | HyperCLOVA X | 공간지능 | 로보틱스 | 이머시브 미디어 | 지속가능성 | 네이버 지속가능성 | 지속가능경영 | Tech for People | Social | Environment | Principle | ESG 자료실 | 투자정보 | IR 뉴스 | 기업지배구조,KRKR | KR | EN | search | mobile menu | 검색하기 | 삭제 | KR KR | close | 회사소개 | 서비스 | 기술 | 지속가능성 | 투자정보 | 미디어 | 네이버지도 | 네이버 플레이스 | 3D 공간 정보 | 비즈니스 지원 | 이전 배너 | 다음 배너 | 파트너 지원 | 개발자 지원 | 자료실 | 주요 계열사 | 개인정보 처리방침,"Site Header | 이해진 의장, 엔비디아·브룩필드와 AI 팩토리 공동 구축을 위한 초대형 협력 소식 발표 | 일본으로 간 아크(ARC) – 네이버 1784 스마트빌딩 모델의 첫 글로벌 레퍼런스 | 더 뉴 그랜저에서 맞춤형 브리핑부터 길안내까지 한번에… 네이버, 현대차그룹과 모빌리티 시너지 강화 | 네이버지도, 도보 길안내에서도 내비게이션처럼 음성 안내 지원... 끊김 없이 편리한 이동 경험 제공한다 | 어느 동물병원이 외과 수술 잘하지?…네이버 플레이스에서 한번에 찾는다 | ‘방한 외국인 필수앱’ 네이버지도, 2026 비로컬(BE LOCAL) 캠페인 진행 | 네이버페이(Npay), 고유가 피해지원금 2차 신청 서비스 시작…네이버 지도로 사용처까지 확인 가능 | 네이버에서 각종 멤버십 할인 쿠폰 다운 받는다…고객 관리 서비스(CRM) 연동 확대 | 개인정보 처리방침 메뉴",네이버 기업사이트 내 검색,,,Skip to navigation | Skip to content | 회사소개 기술과 서비스로 세상의 모든 가능성을 연결합니다 소개 주요 계열사 주요 연혁 브랜드 리소스 제휴 제 | 소개 | 주요 계열사 | 주요 연혁 | 브랜드 리소스 | 제휴 제안 | Contact | 서비스 검색에서 탐색으로 진화 On-Service AI 네이버 주요 서비스 포털 도구 검색 광고 커머스 클라 | 네이버 주요 서비스 | 포털 | 도구 | 검색 | 광고 | 커머스 | 클라우드 | 핀테크 | 1784 | 콘텐츠 | 데이터센터 각 | 커뮤니티 | 전체 서비스 | 지도 | 기술 혁신의 기술을 일상의 서비스로 Everyday Tech 네이버 주요 기술 HyperCLOVA X 공간지,https www navercorp com service map,"지도 l NAVER Corp. 
 네이버 지도 서비스 소개입니다. 
 logo | 지도 | 네이버지도 | 네이버 플레이스 | 3D 공간 정보 
 logo 회사소개 기술과 서비스로 세상의 모든 가능성을 연결합니다 소개 주요 계열사 주요 연혁 브랜드 리소스 제휴 제안 Contact 서비스 검색에서 탐색으로 진화 On-Service AI 네이버 주요 서비스 포털 도구 검색 광고 커머스 클라우드 핀테크 1784 콘텐츠 데이터센터 각 커뮤니티 전체 서비스 지도 기술 혁신의 기술을 일상의 서비스로 Everyd | 회사소개 기술과 서비스로 세상의 모든 가능성을 연결합니다 소개 주요 계열사 주요 연혁 브랜드 리소스 제휴 제안 Contact 서비스 검색에서 탐색으로 진화 On-Service AI 네이버 주요 서비스 포털 도구 검색 광고 커머스 클라우드 핀테크 1784 콘텐츠 데이터센터 각 커뮤니티 전체 서비스 지도 기술 혁신의 기술을 일상의 서비스로 Everyday Te 
 logo | 회사소개 | 소개 | 주요 계열사 | 주요 연혁 | 브랜드 리소스 | 제휴 제안 | Contact | 서비스 | 네이버 주요 서비스 | 포털 | 도구 | 검색 | 광고 | 커머스 | 클라우드 | 핀테크 | 1784 | 콘텐츠 | 데이터센터 각 | 커뮤니티 | 전체 서비스 | 지도 | 기술 | 네이버 주요 기술 | HyperCLOVA X | 공간지능 | 로보틱스 | 이머시브 미디어 | 지속가능성 | 네이버 지속가능성 | 지속가능경영 | Tech for People | Social | Environment | Principle | ESG 자료실 | 투자정보 | IR 뉴스 | 기업지배구조 
 KRKR | KR | EN | search | mobile menu | 검색하기 | 삭제 | KR KR | close | 회사소개 | 서비스 | 기술 | 지속가능성 | 투자정보 | 미디어 | 네이버지도 | 네이버 플레이스 | 3D 공간 정보 | 비즈니스 지원 | 이전 배너 | 다음 배너 | 파트너 지원 | 개발자 지원 | 자료실 | 주요 계열사 | 개인정보 처리방침 
 Site Header | 이해진 의장, 엔비디아·브룩필드와 AI 팩토리 공동 구축을 위한 초대형 협력 소식 발표 | 일본으로 간 아크(ARC) – 네이버 1784 스마트빌딩 모델의 첫 글로벌 레퍼런스 | 더 뉴 그랜저에서 맞춤형 브리핑부터 길안내까지 한번에… 네이버, 현대차그룹과 모빌리티 시너지 강화 | 네이버지도, 도보 길안내에서도 내비게이션처럼 음성 안내 지원... 끊김 없이 편리한 이동 경험 제공한다 | 어느 동물병원이 외과 수술 잘하지?…네이버 플레이스에서 한번에 찾는다 | ‘방한 외국인 필수앱’ 네이버지도, 2026 비로컬(BE LOCAL) 캠페인 진행 | 네이버페이(Npay), 고유가 피해지원금 2차 신청 서비스 시작…네이버 지도로 사용처까지 확인 가능 | 네이버에서 각종 멤버십 할인 쿠폰 다운 받는다…고객 관리 서비스(CRM) 연동 확대 | 개인정보 처리방침 메뉴 
 네이버 기업사이트 내 검색 
 Skip to navigation | Skip to content | 회사소개 기술과 서비스로 세상의 모든 가능성을 연결합니다 소개 주요 계열사 주요 연혁 브랜드 리소스 제휴 제 | 소개 | 주요 계열사 | 주요 연혁 | 브랜드 리소스 | 제휴 제안 | Contact | 서비스 검색에서 탐색으로 진화 On-Service AI 네이버 주요 서비스 포털 도구 검색 광고 커머스 클라 | 네이버 주요 서비스 | 포털 | 도구 | 검색 | 광고 | 커머스 | 클라우드 | 핀테크 | 1784 | 콘텐츠 | 데이터센터 각 | 커뮤니티 | 전체 서비스 | 지도 | 기술 혁신의 기술을 일상의 서비스로 Everyday Tech 네이버 주요 기술 HyperCLOVA X 공간지 
 https www navercorp com service map",1902,397
24e6654bfd1ab85b,e001_full-wtg_24e6654bfd1ab85b-2026-08-27T051911281696Z,3fd7812f9fcd0bfe4d52db57870990e0,CONTENT_OPEN,CONTENT_VIDEO,YouTube,https://m.youtube.com/,1,YouTube,"ì¹êµ¬, ê°ì¡±ì ë¹ë¡¯í´ ì  ì¸ê³ ì¬ëë¤ê³¼ ëìì ê³µì",ê²ìíì¬ ììíê¸°,,,í­íì¬ ììê±° í´ì  | YouTube ê²ì,YouTube ëìì íë ì´ì´ | ì¬ì | YouTube í | ê²ì | ìì±ì¼ë¡ ê²ì | YouTube ê²ì | ë©ë´ ì´í´ë³´ê¸° | ê²ìíì¬ ììíê¸° | ëíìì,YouTube ê²ì,,search_query,,https youtube com,"YouTube 
 ì¹êµ¬, ê°ì¡±ì ë¹ë¡¯í´ ì  ì¸ê³ ì¬ëë¤ê³¼ ëìì ê³µì 
 ê²ìíì¬ ììíê¸° 
 í­íì¬ ììê±° í´ì  | YouTube ê²ì 
 YouTube ëìì íë ì´ì´ | ì¬ì | YouTube í | ê²ì | ìì±ì¼ë¡ ê²ì | YouTube ê²ì | ë©ë´ ì´í´ë³´ê¸° | ê²ìíì¬ ììíê¸° | ëíìì 
 YouTube ê²ì 
 search_query 
 https youtube com",372,11
46e5a43370f75308,e001_full-wtg_46e5a43370f75308-2026-08-27T051542990241Z,dec9f65686074aa3540f1133649f594f,COMMUNICATION_ENTRY,SOCIAL_COMMUNICATION,당근,https://www.daangn.com/kr/,1,당신 근처의 당근,"중고 거래부터 동네 정보까지, 이웃과 함께해요. 가깝고 따뜻한 당신의 근처를 만들어요.",당신 근처의 당근 | 당근에서 알바 찾고 계신가요? | 당근 서비스 둘러보기 | 지금 뜨는 동네 이야기,본문 바로가기,본문 바로가기,중고거래,당근 | 메뉴 | 검색하려는 서비스를 선택하세요 | 검색어 입력 | 검색 | 부동산 전국 아파트 사진전 배너 | 당근 facebook로 이동 | 당근 instagram로 이동 | 당근 youtube로 이동 | Notifications (F8),검색어를 입력해주세요,,search,에어컨 | 에어컨청소 | 노트북 | 원룸 | 현대 중고차 | 이사짐 알바 | 근처 맛집 | 투표 | 동네친구 | 배드민턴 모임 | 자전거 | 플스 | 투룸 빌라 | 닌텐도 | 서빙 알바 | 기아 중고차 | 전세 매물 | 중고거래중고거래 | 동네업체동네업체 | 중고차중고차 | 동네생활동네생활 | 모임모임 | 알바/과외/레슨알바/과외 | 부동산부동산 | 카페카페,https www daangn com kr,"당신 근처의 당근 
 중고 거래부터 동네 정보까지, 이웃과 함께해요. 가깝고 따뜻한 당신의 근처를 만들어요. 
 당신 근처의 당근 | 당근에서 알바 찾고 계신가요? | 당근 서비스 둘러보기 | 지금 뜨는 동네 이야기 
 본문 바로가기 
 본문 바로가기 
 중고거래 
 당근 | 메뉴 | 검색하려는 서비스를 선택하세요 | 검색어 입력 | 검색 | 부동산 전국 아파트 사진전 배너 | 당근 facebook로 이동 | 당근 instagram로 이동 | 당근 youtube로 이동 | Notifications (F8) 
 검색어를 입력해주세요 
 search 
 에어컨 | 에어컨청소 | 노트북 | 원룸 | 현대 중고차 | 이사짐 알바 | 근처 맛집 | 투표 | 동네친구 | 배드민턴 모임 | 자전거 | 플스 | 투룸 빌라 | 닌텐도 | 서빙 알바 | 기아 중고차 | 전세 매물 | 중고거래중고거래 | 동네업체동네업체 | 중고차중고차 | 동네생활동네생활 | 모임모임 | 알바/과외/레슨알바/과외 | 부동산부동산 | 카페카페 
 https www daangn com kr",538,101
49a5eca8b58f7270,e001_full-wtg_49a5eca8b58f7270-2026-08-27T051532092010Z,73cc6defeda190331a5789b458b17578,ITEM_DETAIL,SHOPPING_COMMERCE,11번가,https://www.11st.co.kr/,1,11번가 모바일,"11번가 빠른 배송 ""슈팅 배송""",바로가기 | 공유하기 | 장바구니 담기 | 앱에서만 제공되는 혜택을 놓치고 계신 건 아닌가요?,바로가기사이드 메뉴 열기검색십일번가 홈 이동나의11번가최근 본 상품,,닫기 | 검색 | 카카오톡 | 카카오스토리 | 라인 | 밴드 | 문자(SMS) | URL복사 | 카트 레이어 닫기 | 확인 | TOP | 앱설치 안내 레이어 닫기 | 모바일 웹으로 볼래요,배송비포함 주문액,,,destination_option_0,사이드 메뉴 열기 | 십일번가 홈 이동 | 나의11번가 | 최근 본 상품,https www 11st co kr,"11번가 모바일 
 11번가 빠른 배송 ""슈팅 배송"" 
 바로가기 | 공유하기 | 장바구니 담기 | 앱에서만 제공되는 혜택을 놓치고 계신 건 아닌가요? 
 바로가기사이드 메뉴 열기검색십일번가 홈 이동나의11번가최근 본 상품 
 닫기 | 검색 | 카카오톡 | 카카오스토리 | 라인 | 밴드 | 문자(SMS) | URL복사 | 카트 레이어 닫기 | 확인 | TOP | 앱설치 안내 레이어 닫기 | 모바일 웹으로 볼래요 
 배송비포함 주문액 
 destination_option_0 
 사이드 메뉴 열기 | 십일번가 홈 이동 | 나의11번가 | 최근 본 상품 
 https www 11st co kr",332,66
51484a735cdb487b,e001_full-wtg_51484a735cdb487b-2026-08-27T052231789159Z,fe4869d78ce4af45bbe4eef640522d52,ITEM_DETAIL,SHOPPING_COMMERCE,컴포즈커피,https://composecoffee.com/,1,컴포즈커피,컴포즈커피 공식홈페이지,커피를 커피답게 | 고객 만족도 1위 브랜드,,,취소 | 확인,닫기 | 새로고침,영어 단어 입력,,,,https composecoffee com,"컴포즈커피 
 컴포즈커피 공식홈페이지 
 커피를 커피답게 | 고객 만족도 1위 브랜드 
 취소 | 확인 
 닫기 | 새로고침 
 영어 단어 입력 
 https composecoffee com",106,19
7f6f1aa6dd218d4d,e001_full-wtg_7f6f1aa6dd218d4d-2026-08-27T052339082037Z,69c77cbd03fd98f0835c4552c81a6e78,ITEM_DETAIL,SHOPPING_COMMERCE,이마트,https://store.emart.com/,1,"이마트 : 매장쇼핑 전 필수, 이마트","이마트 쇼핑 전 방문 필수 앱! 할인쿠폰, 행사상품, e머니 등 누릴 수 있는 혜택을 한 번에 확인하고 다양한 경품 이벤트도 참여해 보세요. 점포안내, 휴점일 등 유용한 정보도 제공해 드립니다.","전체메뉴 | 공지사항 | emart | 레시피북, 오늘 이 메뉴 어때요? | 놓치지 말고 지금 구매하세요! | 에디터와 함께 나누는 이마트 이야기 | 스퀘어 이마트의 모든 이야기가 모이는 곳 | 전신 뷰티케어 무료체험 🎁 | 이번 주 전단행사 상품이에요! | 슬기로운 쇼핑생활, 이마트 클럽 | 스마트한 쇼핑생활 | 하단정보","emart | 레시피북, 오늘 이 메뉴 어때요?레시피북, 오늘 이 메뉴 어때요?전체보기 | 놓치지 말고 지금 구매하세요! | 에디터와 함께 나누는 이마트 이야기전체보기 | 스퀘어 이마트의 모든 이야기가 모이는 곳전체보기 | 전신 뷰티케어 무료체험 🎁전신 뷰티케어 무료체험 🎁전체보기","레시피북, 오늘 이 메뉴 어때요?전체보기 | 전체보기 | 전신 뷰티케어 무료체험 🎁전체보기 | 이번 주 전단행사 상품이에요!전체보기 | 영수증 | 쿠폰 | 이마트페이 | 마이 | 쇼핑모드",북마크 담기 | 오더픽 | 오더투홈 | 디지털그랩 | 와인그랩 | 오더픽 바로가기 | 10 | 226 | 4788 | 15 | 76 | 11 | 12 | 26 | 23 | 가을의 시작! 가을의 식탁 | 가격걱정 끝! 5K PRiCE 1주년 | 신선·가공 | 일상·생활 | 가전·패션 | 기간한정 특가 | 단하루 특가 | 대한민국 수산대전 | 펼치기 | 접기 | 쇼핑메모 담기 | 오늘은 그만 보기 | 닫기,쇼핑모드 이동하기 | 메뉴창 닫기 | 브랜드 사이트 바로가기 | 트레이더스 | 스타필드 마켓 | 전체메뉴 열기 | 배너 전체보기 | new | 우수 사용자,,,,"고객센터 | 이용약관 | 개인정보처리방침 | 로그인하고 혜택 받기 | 1/27스톱 | 디지털 전단추석사전예약오더픽오더투홈와인그랩디지털그랩이마티콘바로퀵출석체크전체보기 | 레시피북, 오늘 이 메뉴 어때요?레시피북, 오늘 이 메뉴 어때요?전체보기북마크 담기상큼하게 즐기는 구운 채소 | 놓치지 말고 지금 구매하세요!오더픽오더투홈디지털그랩와인그랩13~20시수령홈파티 광어회(팩)할인율11%정상가8 | 1/6스톱 | 에디터와 함께 나누는 이마트 이야기전체보기식감이 재밌는 BEBETO FREEZE 크런치 동결건조 젤리!안녕하 | 식감이 재밌는 BEBETO FREEZE 크런치 동결건조 젤리!안녕하세요. 마키야입니다 :) 오늘은 조금 특별 | 🍽️ 제철 무화과로 맛있는 브런치 무화과 보관법까지 알려드려요달그락 102 | (EVENT) 앞으로의 365일도 부탁해! 디지털그랩 1주년 기념 댓글 이벤트이마트 2264788 | 제철 감자로 만든 특별한 한입 요리!✨ 감자 명란 타파스🥔소복이네 155 | 해외에서 유행 중인 그릭요거트 감자 샐러드 🥔🥗헤이나 7615 | 스퀘어 이마트의 모든 이야기가 모이는 곳전체보기📢 스퀘어스타 8기 모집스퀘어메이트 114월계 이마트가 달라져 | 📢 스퀘어스타 8기 모집스퀘어메이트 114 | 월계 이마트가 달라져요✨ 스타필드마켓 월계점 오픈!자전거탄고니8164 1212 | 오늘의 주인공은 5K 콩나물소복이네 1226 | 가을 햇꽃게 후기🦀마트마트88 1012 | 노브랜드 치즈쫄볶이 🥢어렴풋한만두전골34 1223 | 전신 뷰티케어 무료체험 🎁전신 뷰티케어 무료체험 🎁전체보기100명 모집D-13프리메이 스킨케어 4종 세트8. | 이번 주 전단행사 상품이에요!이번 주 전단행사 상품이에요!전체보기가을의 시작! 가을의 식탁가격걱정 끝! 5K | 슬기로운 쇼핑생활, 이마트 클럽원하는 클럽 가입하고 혜택 받으세요와인 클럽풍미 가득 와인,어울리는 안주맘키즈 | 1/2스톱",https store emart com,"이마트 : 매장쇼핑 전 필수, 이마트 
 이마트 쇼핑 전 방문 필수 앱! 할인쿠폰, 행사상품, e머니 등 누릴 수 있는 혜택을 한 번에 확인하고 다양한 경품 이벤트도 참여해 보세요. 점포안내, 휴점일 등 유용한 정보도 제공해 드립니다. 
 전체메뉴 | 공지사항 | emart | 레시피북, 오늘 이 메뉴 어때요? | 놓치지 말고 지금 구매하세요! | 에디터와 함께 나누는 이마트 이야기 | 스퀘어 이마트의 모든 이야기가 모이는 곳 | 전신 뷰티케어 무료체험 🎁 | 이번 주 전단행사 상품이에요! | 슬기로운 쇼핑생활, 이마트 클럽 | 스마트한 쇼핑생활 | 하단정보 
 emart | 레시피북, 오늘 이 메뉴 어때요?레시피북, 오늘 이 메뉴 어때요?전체보기 | 놓치지 말고 지금 구매하세요! | 에디터와 함께 나누는 이마트 이야기전체보기 | 스퀘어 이마트의 모든 이야기가 모이는 곳전체보기 | 전신 뷰티케어 무료체험 🎁전신 뷰티케어 무료체험 🎁전체보기 
 레시피북, 오늘 이 메뉴 어때요?전체보기 | 전체보기 | 전신 뷰티케어 무료체험 🎁전체보기 | 이번 주 전단행사 상품이에요!전체보기 | 영수증 | 쿠폰 | 이마트페이 | 마이 | 쇼핑모드 
 북마크 담기 | 오더픽 | 오더투홈 | 디지털그랩 | 와인그랩 | 오더픽 바로가기 | 10 | 226 | 4788 | 15 | 76 | 11 | 12 | 26 | 23 | 가을의 시작! 가을의 식탁 | 가격걱정 끝! 5K PRiCE 1주년 | 신선·가공 | 일상·생활 | 가전·패션 | 기간한정 특가 | 단하루 특가 | 대한민국 수산대전 | 펼치기 | 접기 | 쇼핑메모 담기 | 오늘은 그만 보기 | 닫기 
 쇼핑모드 이동하기 | 메뉴창 닫기 | 브랜드 사이트 바로가기 | 트레이더스 | 스타필드 마켓 | 전체메뉴 열기 | 배너 전체보기 | new | 우수 사용자 
 고객센터 | 이용약관 | 개인정보처리방침 | 로그인하고 혜택 받기 | 1/27스톱 | 디지털 전단추석사전예약오더픽오더투홈와인그랩디지털그랩이마티콘바로퀵출석체크전체보기 | 레시피북, 오늘 이 메뉴 어때요?레시피북, 오늘 이 메뉴 어때요?전체보기북마크 담기상큼하게 즐기는 구운 채소 | 놓치지 말고 지금 구매하세요!오더픽오더투홈디지털그랩와인그랩13~20시수령홈파티 광어회(팩)할인율11%정상가8 | 1/6스톱 | 에디터와 함께 나누는 이마트 이야기전체보기식감이 재밌는 BEBETO FREEZE 크런치 동결건조 젤리!안녕하 | 식감이 재밌는 BEBETO FREEZE 크런치 동결건조 젤리!안녕하세요. 마키야입니다 :) 오늘은 조금 특별 | 🍽️ 제철 무화과로 맛있는 브런치 무화과 보관법까지 알려드려요달그락 102 | (EVENT) 앞으로의 365일도 부탁해! 디지털그랩 1주년 기념 댓글 이벤트이마트 2264788 | 제철 감자로 만든 특별한 한입 요리!✨ 감자 명란 타파스🥔소복이네 155 | 해외에서 유행 중인 그릭요거트 감자 샐러드 🥔🥗헤이나 7615 | 스퀘어 이마트의 모든 이야기가 모이는 곳전체보기📢 스퀘어스타 8기 모집스퀘어메이트 114월계 이마트가 달라져 | 📢 스퀘어스타 8기 모집스퀘어메이트 114 | 월계 이마트가 달라져요✨ 스타필드마켓 월계점 오픈!자전거탄고니8164 1212 | 오늘의 주인공은 5K 콩나물소복이네 1226 | 가을 햇꽃게 후기🦀마트마트88 1012 | 노브랜드 치즈쫄볶이 🥢어렴풋한만두전골34 1223 | 전신 뷰티케어 무료체험 🎁전신 뷰티케어 무료체험 🎁전체보기100명 모집D-13프리메이 스킨케어 4종 세트8. | 이번 주 전단행사 상품이에요!이번 주 전단행사 상품이에요!전체보기가을의 시작! 가을의 식탁가격걱정 끝! 5K | 슬기로운 쇼핑생활, 이마트 클럽원하는 클럽 가입하고 혜택 받으세요와인 클럽풍미 가득 와인,어울리는 안주맘키즈 | 1/2스톱 
 https store emart com",1872,370
88cb7f1e54f26500,e001_full-wtg_88cb7f1e54f26500-2026-08-27T052737415965Z,ba31bc6ece7073097c42a7bb788321b9,ITEM_DETAIL,SHOPPING_COMMERCE,롯데마트,https://lottemartzetta.com/,1,롯데마트 제타ㅣ온라인 신선 장보기 몰,롯데마트 제타ㅣ롯데마트 제타ㅣ온라인 신선 장보기 몰,"롯데마트 제타에 오신걸 환영합니다. | 로그인 | 회원가입 | 인기 만점 상품, 빠르게 찾기 | 이 가격이면 고민 없이 바로 담기 | 통짜 장어 (1팩) | 모나리자 녹스프라임데코 3겹화장지 (30M*30롤) | 필리핀산 돌 바나나 (1KG 내외) | (NEW) 큰 초밥(20입) | 신선란 미국산(30입) (1.7KG) | [농할할인가 59,900원] 미담쌀(백미) 20KG (20KG) | [농할할인가 9,520원] 유명산지 햇사과 (4-8입/봉) | CJ 햇반 스팸김치볶음밥 (440G) | 오뚜기 페퍼로니 치즈크러스트 피자 (510G) | CJ 비비고 서울식 소불고기 (404G) | 결이 살아 숨 쉬는 오늘좋은 숨결통식빵 (400G) | 오뚜기 진라면 매운맛 큰컵 (110G) | CJ 스팸 라이트 레트로 기획 (200G*4입) | 무화과 (1KG/박스) | [농할할인가 5,920원] 대추방울토마토 (1KG/박스) | 티젠 콤부차 레몬 (5G*30입) | 청우 쫀득 초코칩 (20G*12입) | 퐁퐁 친환경 주방세제 오렌지 (1.2L) | 홈스타 세탁조클리너 (450ML) | 아토마일드 프리미엄엠보싱 물티슈(캡형, 번들) (64매*6개)","내용으로 건너뛰기검색으로 건너뛰기바닥글로 건너뛰기 | 배송점포: 제타플렉스 잠실점 302제타 이용법(새 창에서 열기)제타패스더더더 할인(새 창에서 열기)네이버 멤버십 X 롯데마트 제타(새 창에서 열기)다회용 장바구니(새 창에서 열기)신선 보증(새 창에서 열기)BottleShop(새 창에서 열기)토이저러스(새 창에서 열기)오프라인 매장 안내(새 창에서 열기)롯데마트 입점문의(새 창에서 열기)1:1 문의하기(새  | LOTTE MART ZETTALOTTE MART ZETTA원하는 상품을 검색하세요로그인배송시간 예약배송시간 예약주문할게요장바구니에 담은 상품 총 0개, 장바구니 총 금액 0원0원카테고리주 메뉴 버튼로그인회원가입홈카테고리BIG SALE즐겨찾기쇼핑리스트정기주문제타패스뒤로2026 추석집에서 즐기는 간편식제타에서 꼭 사야할 10가지제타 브랜드관BIG SALE전체보 | 카테고리주 메뉴 버튼로그인회원가입홈카테고리BIG SALE즐겨찾기쇼핑리스트정기주문제타패스뒤로2026 추석집에서 즐기는 간편식제타에서 꼭 사야할 10가지제타 브랜드관BIG SALE전체보기뒤로뒤로BIG SALE즐겨찾기쇼핑리스트정기주문제타패스 | 카테고리주 메뉴 버튼로그인회원가입홈카테고리BIG SALE즐겨찾기쇼핑리스트정기주문제타패스뒤로2026 추석집에서 즐기는 간편식제타에서 꼭 사야할 10가지제타 브랜드관BIG SALE전체보기뒤로뒤로",내용으로 건너뛰기 | 검색으로 건너뛰기 | 바닥글로 건너뛰기 | 배송점포: 제타플렉스 잠실점 302 | 제타 이용법(새 창에서 열기) | 제타패스 | 더더더 할인(새 창에서 열기) | 네이버 멤버십 X 롯데마트 제타(새 창에서 열기) | 다회용 장바구니(새 창에서 열기) | 신선 보증(새 창에서 열기) | BottleShop(새 창에서 열기) | 토이저러스(새 창에서 열기) | 오프라인 매장 안내(새 창에서 열기) | 롯데마트 입점문의(새 창에서 열기) | 1:1 문의하기(새 창에서 열기) | FAQ보기(새 창에서 열기) | 이전주문조회 (25.04.01 이전)(새 창에서 열기) | LOTTE MART ZETTA | 배송시간 예약배송시간 예약 | 주문할게요 | 0원 | 로그인 | 회원가입 | 카테고리 | BIG SALE | 즐겨찾기 | 쇼핑리스트 | 정기주문 | 전체보기,"상단 탭 메뉴 | 원하는 상품을 검색하세요 | 로그인 | 카테고리 | 주 메뉴 버튼 | 뒤로 | 인페이지 콘텐츠 블록 닫기 | 인기 만점 상품, 빠르게 찾기에서 이전 항목 보기 | 인기 만점 상품, 빠르게 찾기에서 다음 항목 보기 | 이 가격이면 고민 없이 바로 담기에서 이전 항목 보기 | 장바구니 담기 | 이 가격이면 고민 없이 바로 담기에서 다음 항목 보기 | (광고) 꾸덕한 한 컵, 매일의 건강한 습관에서 이전 항목 보기 | (광고) 꾸덕한 한 컵, 매일의 건강한 습관에서 다음 항목 보기 | 놓치면 아쉬운 1+1 혜택에서 이전 항목 보기 | 놓치면 아쉬운 1+1 혜택에서 다음 항목 보기 | 지금 가장 핫한 신상품에서 이전 항목 보기 | 지금 가장 핫한 신상품에서 다음 항목 보기 | 쉽고 빠르게 찾는 카테고리 행사에서 이전 항목 보기 | 쉽고 빠르게 찾는 카테고리 행사에서 다음 항목 보기 | 신선한 품질, 가격 파괴! 끝장 채소에서 이전 항목 보기 | 신선한 품질, 가격 파괴! 끝장 채소에서 다음 항목 보기 | 추석 명절선물세트 최대 혜택 받아가세요에서 이전 항목 보기 | 추석 명절선물세트 최대 혜택 받아가세요에서 다음 항목 보기 | 혜택/이벤트 한눈에 보기에서 이전 항목 보기 | 혜택/이벤트 한눈에 보기에서 다음 항목 보기 | 간편한 클린식단, 가볍고 든든하게에서 이전 항목 보기 | 간편한 클린식단, 가볍고 든든하게에서 다음 항목 보기 | 바쁜 아침, 간편하게 챙기는 아침식사에서 이전 항목 보기 | 바쁜 아침, 간편하게 챙기는 아침식사에서 다음 항목 보기","빠른 액세스 링크 | 배너 닫기 | 상단 탭 | 텍스트 초기화 | 장바구니 0원 - 장바구니 | 점포 내비게이션 | 카테고리 | 페이지 내 콘텐츠 블록 | 이전 배너 보기 | 배너 순환 중지 | 다음 배너 보기 | 배너 총 6개 중 6개, 믿으니까 모두 함께 삼다수 좋아마심. 우리가 믿는 물, 제주 삼다수 | 배너 총 6개 중 1개, 오직 제타패스 고객님께만, 최대 3천원 할인 YOZM 요거트 1만원 이상 구매 시 3천원 할인 +1만 5천원 이상 무료 | 배너 총 6개 중 2개, 알뜰페스타 소 LA갈비, 찜갈비 L.POINT 최대 30% 할인 국내산 돼지고기 갈비 농할 할인 11,200원 수원식  | 배너 총 6개 중 3개, 꿀잠 꽃게 행사카드 최대 20% 할인. 유명산지 햇사과 농할 할인 9,520원. 캠벨포도 농할 할인 10,320원. 골 | 배너 총 6개 중 4개, 동원 케바삭 치킨 2+1. CJ 함박스테이크, 미트볼 3종 1+1. 오뚜기 피자 4종 각 6,980원 | 배너 총 6개 중 5개, 롯데웰푸드 롯데웰푸드와 함께 백년가게를 집에서 식사이론 국탕 3종 2+1 (광고) | 장바구니 담기 -통짜 장어 (1팩) | 장바구니 담기 -모나리자 녹스프라임데코 3겹화장지 (30M*30롤) | 장바구니 담기 -필리핀산 돌 바나나 (1KG 내외) | 장바구니 담기 -(NEW) 큰 초밥(20입) | 장바구니 담기 -신선란 미국산(30입) (1.7KG) | 장바구니 담기 -[농할할인가 59,900원] 미담쌀(백미) 20KG (20KG) | 장바구니 담기 -[농할할인가 9,520원] 유명산지 햇사과 (4-8입/봉) | 장바구니 담기 -CJ 햇반 스팸김치볶음밥 (440G) | 장바구니 담기 -오뚜기 페퍼로니 치즈크러스트 피자 (510G) | 장바구니 담기 -CJ 비비고 서울식 소불고기 (404G) | 장바구니 담기 -결이 살아 숨 쉬는 오늘좋은 숨결통식빵 (400G) | 장바구니 담기 -오뚜기 진라면 매운맛 큰컵 (110G) | 장바구니 담기 -CJ 스팸 라이트 레트로 기획 (200G*4입) | 장바구니 담기 -무화과 (1KG/박스) | 장바구니 담기 -[농할할인가 5,920원] 대추방울토마토 (1KG/박스) | 장바구니 담기 -티젠 콤부차 레몬 (5G*30입) | 장바구니 담기 -청우 쫀득 초코칩 (20G*12입) | 장바구니 담기 -퐁퐁 친환경 주방세제 오렌지 (1.2L) | 장바구니 담기 -홈스타 세탁조클리너 (450ML) | 장바구니 담기 -아토마일드 프리미엄엠보싱 물티슈(캡형, 번들) (64매*6개) | 장바구니 담기 -프리미엄 명란 기획 (100G*2) | 장바구니 담기 -칠성사이다 캔 (190ML*6) | 장바구니 담기 -오늘좋은 해피콜 쿡메이트 궁중팬(28CM)",원하는 상품을 검색하세요,,,내용으로 건너뛰기 | 검색으로 건너뛰기 | 바닥글로 건너뛰기 | 배송점포: 제타플렉스 잠실점 302 | 제타 이용법(새 창에서 열기) | 제타패스 | 더더더 할인(새 창에서 열기) | 네이버 멤버십 X 롯데마트 제타(새 창에서 열기) | 다회용 장바구니(새 창에서 열기) | 신선 보증(새 창에서 열기) | BottleShop(새 창에서 열기) | 토이저러스(새 창에서 열기) | 오프라인 매장 안내(새 창에서 열기) | 롯데마트 입점문의(새 창에서 열기) | 1:1 문의하기(새 창에서 열기) | FAQ보기(새 창에서 열기) | 이전주문조회 (25.04.01 이전)(새 창에서 열기) | 카테고리주 메뉴 버튼로그인회원가입홈카테고리BIG SALE즐겨찾기쇼핑리스트정기주문제타패스뒤로2026 추석집에서 | 로그인 | 회원가입 | 카테고리 | BIG SALE | 즐겨찾기 | 쇼핑리스트 | 정기주문,https lottemartzetta com,"롯데마트 제타ㅣ온라인 신선 장보기 몰 
 롯데마트 제타ㅣ롯데마트 제타ㅣ온라인 신선 장보기 몰 
 롯데마트 제타에 오신걸 환영합니다. | 로그인 | 회원가입 | 인기 만점 상품, 빠르게 찾기 | 이 가격이면 고민 없이 바로 담기 | 통짜 장어 (1팩) | 모나리자 녹스프라임데코 3겹화장지 (30M*30롤) | 필리핀산 돌 바나나 (1KG 내외) | (NEW) 큰 초밥(20입) | 신선란 미국산(30입) (1.7KG) | [농할할인가 59,900원] 미담쌀(백미) 20KG (20KG) | [농할할인가 9,520원] 유명산지 햇사과 (4-8입/봉) | CJ 햇반 스팸김치볶음밥 (440G) | 오뚜기 페퍼로니 치즈크러스트 피자 (510G) | CJ 비비고 서울식 소불고기 (404G) | 결이 살아 숨 쉬는 오늘좋은 숨결통식빵 (400G) | 오뚜기 진라면 매운맛 큰컵 (110G) | CJ 스팸 라이트 레트로 기획 (200G*4입) | 무화과 (1KG/박스) | [농할할인가 5,920원] 대추방울토마토 (1KG/박스) | 티젠 콤부차 레몬 (5G*30입) | 청우 쫀득 초코칩 (20G*12입) | 퐁퐁 친환경 주방세제 오렌지 (1.2L) | 홈스타 세탁조클리너 (450ML) | 아토마일드 프리미엄엠보싱 물티슈(캡형, 번들) (64매*6개) 
 내용으로 건너뛰기검색으로 건너뛰기바닥글로 건너뛰기 | 배송점포: 제타플렉스 잠실점 302제타 이용법(새 창에서 열기)제타패스더더더 할인(새 창에서 열기)네이버 멤버십 X 롯데마트 제타(새 창에서 열기)다회용 장바구니(새 창에서 열기)신선 보증(새 창에서 열기)BottleShop(새 창에서 열기)토이저러스(새 창에서 열기)오프라인 매장 안내(새 창에서 열기)롯데마트 입점문의(새 창에서 열기)1:1 문의하기(새  | LOTTE MART ZETTALOTTE MART ZETTA원하는 상품을 검색하세요로그인배송시간 예약배송시간 예약주문할게요장바구니에 담은 상품 총 0개, 장바구니 총 금액 0원0원카테고리주 메뉴 버튼로그인회원가입홈카테고리BIG SALE즐겨찾기쇼핑리스트정기주문제타패스뒤로2026 추석집에서 즐기는 간편식제타에서 꼭 사야할 10가지제타 브랜드관BIG SALE전체보 | 카테고리주 메뉴 버튼로그인회원가입홈카테고리BIG SALE즐겨찾기쇼핑리스트정기주문제타패스뒤로2026 추석집에서 즐기는 간편식제타에서 꼭 사야할 10가지제타 브랜드관BIG SALE전체보기뒤로뒤로BIG SALE즐겨찾기쇼핑리스트정기주문제타패스 | 카테고리주 메뉴 버튼로그인회원가입홈카테고리BIG SALE즐겨찾기쇼핑리스트정기주문제타패스뒤로2026 추석집에서 즐기는 간편식제타에서 꼭 사야할 10가지제타 브랜드관BIG SALE전체보기뒤로뒤로 
 내용으로 건너뛰기 | 검색으로 건너뛰기 | 바닥글로 건너뛰기 | 배송점포: 제타플렉스 잠실점 302 | 제타 이용법(새 창에서 열기) | 제타패스 | 더더더 할인(새 창에서 열기) | 네이버 멤버십 X 롯데마트 제타(새 창에서 열기) | 다회용 장바구니(새 창에서 열기) | 신선 보증(새 창에서 열기) | BottleShop(새 창에서 열기) | 토이저러스(새 창에서 열기) | 오프라인 매장 안내(새 창에서 열기) | 롯데마트 입점문의(새 창에서 열기) | 1:1 문의하기(새 창에서 열기) | FAQ보기(새 창에서 열기) | 이전주문조회 (25.04.01 이전)(새 창에서 열기) | LOTTE MART ZETTA | 배송시간 예약배송시간 예약 | 주문할게요 | 0원 | 로그인 | 회원가입 | 카테고리 | BIG SALE | 즐겨찾기 | 쇼핑리스트 | 정기주문 | 전체보기 
 상단 탭 메뉴 | 원하는 상품을 검색하세요 | 로그인 | 카테고리 | 주 메뉴 버튼 | 뒤로 | 인페이지 콘텐츠 블록 닫기 | 인기 만점 상품, 빠르게 찾기에서 이전 항목 보기 | 인기 만점 상품, 빠르게 찾기에서 다음 항목 보기 | 이 가격이면 고민 없이 바로 담기에서 이전 항목 보기 | 장바구니 담기 | 이 가격이면 고민 없이 바로 담기에서 다음 항목 보기 | (광고) 꾸덕한 한 컵, 매일의 건강한 습관에서 이전 항목 보기 | (광고) 꾸덕한 한 컵, 매일의 건강한 습관에서 다음 항목 보기 | 놓치면 아쉬운 1+1 혜택에서 이전 항목 보기 | 놓치면 아쉬운 1+1 혜택에서 다음 항목 보기 | 지금 가장 핫한 신상품에서 이전 항목 보기 | 지금 가장 핫한 신상품에서 다음 항목 보기 | 쉽고 빠르게 찾는 카테고리 행사에서 이전 항목 보기 | 쉽고 빠르게 찾는 카테고리 행사에서 다음 항목 보기 | 신선한 품질, 가격 파괴! 끝장 채소에서 이전 항목 보기 | 신선한 품질, 가격 파괴! 끝장 채소에서 다음 항목 보기 | 추석 명절선물세트 최대 혜택 받아가세요에서 이전 항목 보기 | 추석 명절선물세트 최대 혜택 받아가세요에서 다음 항목 보기 | 혜택/이벤트 한눈에 보기에서 이전 항목 보기 | 혜택/이벤트 한눈에 보기에서 다음 항목 보기 | 간편한 클린식단, 가볍고 든든하게에서 이전 항목 보기 | 간편한 클린식단, 가볍고 든든하게에서 다음 항목 보기 | 바쁜 아침, 간편하게 챙기는 아침식사에서 이전 항목 보기 | 바쁜 아침, 간편하게 챙기는 아침식사에서 다음 항목 보기 
 빠른 액세스 링크 | 배너 닫기 | 상단 탭 | 텍스트 초기화 | 장바구니 0원 - 장바구니 | 점포 내비게이션 | 카테고리 | 페이지 내 콘텐츠 블록 | 이전 배너 보기 | 배너 순환 중지 | 다음 배너 보기 | 배너 총 6개 중 6개, 믿으니까 모두 함께 삼다수 좋아마심. 우리가 믿는 물, 제주 삼다수 | 배너 총 6개 중 1개, 오직 제타패스 고객님께만, 최대 3천원 할인 YOZM 요거트 1만원 이상 구매 시 3천원 할인 +1만 5천원 이상 무료 | 배너 총 6개 중 2개, 알뜰페스타 소 LA갈비, 찜갈비 L.POINT 최대 30% 할인 국내산 돼지고기 갈비 농할 할인 11,200원 수원식  | 배너 총 6개 중 3개, 꿀잠 꽃게 행사카드 최대 20% 할인. 유명산지 햇사과 농할 할인 9,520원. 캠벨포도 농할 할인 10,320원. 골 | 배너 총 6개 중 4개, 동원 케바삭 치킨 2+1. CJ 함박스테이크, 미트볼 3종 1+1. 오뚜기 피자 4종 각 6,980원 | 배너 총 6개 중 5개, 롯데웰푸드 롯데웰푸드와 함께 백년가게를 집에서 식사이론 국탕 3종 2+1 (광고) | 장바구니 담기 -통짜 장어 (1팩) | 장바구니 담기 -모나리자 녹스프라임데코 3겹화장지 (30M*30롤) | 장바구니 담기 -필리핀산 돌 바나나 (1KG 내외) | 장바구니 담기 -(NEW) 큰 초밥(20입) | 장바구니 담기 -신선란 미국산(30입) (1.7KG) | 장바구니 담기 -[농할할인가 59,900원] 미담쌀(백미) 20KG (20KG) | 장바구니 담기 -[농할할인가 9,520원] 유명산지 햇사과 (4-8입/봉) | 장바구니 담기 -CJ 햇반 스팸김치볶음밥 (440G) | 장바구니 담기 -오뚜기 페퍼로니 치즈크러스트 피자 (510G) | 장바구니 담기 -CJ 비비고 서울식 소불고기 (404G) | 장바구니 담기 -결이 살아 숨 쉬는 오늘좋은 숨결통식빵 (400G) | 장바구니 담기 -오뚜기 진라면 매운맛 큰컵 (110G) | 장바구니 담기 -CJ 스팸 라이트 레트로 기획 (200G*4입) | 장바구니 담기 -무화과 (1KG/박스) | 장바구니 담기 -[농할할인가 5,920원] 대추방울토마토 (1KG/박스) | 장바구니 담기 -티젠 콤부차 레몬 (5G*30입) | 장바구니 담기 -청우 쫀득 초코칩 (20G*12입) | 장바구니 담기 -퐁퐁 친환경 주방세제 오렌지 (1.2L) | 장바구니 담기 -홈스타 세탁조클리너 (450ML) | 장바구니 담기 -아토마일드 프리미엄엠보싱 물티슈(캡형, 번들) (64매*6개) | 장바구니 담기 -프리미엄 명란 기획 (100G*2) | 장바구니 담기 -칠성사이다 캔 (190ML*6) | 장바구니 담기 -오늘좋은 해피콜 쿡메이트 궁중팬(28CM) 
 원하는 상품을 검색하세요 
 내용으로 건너뛰기 | 검색으로 건너뛰기 | 바닥글로 건너뛰기 | 배송점포: 제타플렉스 잠실점 302 | 제타 이용법(새 창에서 열기) | 제타패스 | 더더더 할인(새 창에서 열기) | 네이버 멤버십 X 롯데마트 제타(새 창에서 열기) | 다회용 장바구니(새 창에서 열기) | 신선 보증(새 창에서 열기) | BottleShop(새 창에서 열기) | 토이저러스(새 창에서 열기) | 오프라인 매장 안내(새 창에서 열기) | 롯데마트 입점문의(새 창에서 열기) | 1:1 문의하기(새 창에서 열기) | FAQ보기(새 창에서 열기) | 이전주문조회 (25.04.01 이전)(새 창에서 열기) | 카테고리주 메뉴 버튼로그인회원가입홈카테고리BIG SALE즐겨찾기쇼핑리스트정기주문제타패스뒤로2026 추석집에서 | 로그인 | 회원가입 | 카테고리 | BIG SALE | 즐겨찾기 | 쇼핑리스트 | 정기주문 
 https lottemartzetta com",4371,945
95e22b9aff7196b3,e001_full-wtg_95e22b9aff7196b3-2026-08-27T052750064924Z,02b4c4a78d5f06a7c7b8a04c5f2b5213,ITEM_DETAIL,SHOPPING_COMMERCE,NS홈쇼핑,https://www.nsmall.com/,1,NS홈쇼핑- 건강한 아이디어,TV에서 본 그 상품 5% 할인 및 구매시 3천원 적립까지! 신규가입 첫 구매 5천원 적립금과 매일 달라지는 특가 상품도 혜택 더드림!,NSMall | 지금 방송 중,"NSMall 이전 페이지로 이동 홈쌀10kg 34,900원 검색 장바구니 | 카테고리 숏딜홈마이 최근본",NSMall | 검색 | 숏딜 | 마이 | 최근본,"이전 페이지로 이동 | 쌀10kg 34,900원 | 장바구니 | 탭메뉴 펼치기/닫기 | 전체보기 | 바로구매 | 카테고리 | 페이지 상단으로 이동 | 앱 설치 | 웹에서 쇼핑하기 | 전용 앱에서 쇼핑하기",28 / 28 | 1 / 28 | 2 / 28 | 타임특가 | 3 / 28 | 4 / 28 | 5 / 28 | 6 / 28 | 7 / 28 | 8 / 28 | 9 / 28 | 10 / 28 | 11 / 28 | 12 / 28 | 13 / 28 | 14 / 28 | 15 / 28 | 16 / 28 | 17 / 28 | 18 / 28 | 19 / 28 | 20 / 28 | 21 / 28 | 22 / 28 | 23 / 28 | 24 / 28 | 25 / 28 | 26 / 28 | 27 / 28 | 1 / 1 | 16 / 17 | 17 / 17 | 1 / 17 | 2 / 17 | 3 / 17 | 4 / 17 | 5 / 17 | 6 / 17 | 7 / 17 | 8 / 17,,,,"엔라방 | 편성표 | 5%쿠폰할인TV쇼핑 | 홈.특가 | 2천원적립신선장터 | 2천원적립NS마트 | 10%+무이자금은방 | 1만원무한적립갈비대전 | 건강플러스엔웰스 | 서울뷰티위크 | 10%+10%익산미식회 | 소상공인물가안정선착순배송비 | 건강가전렌탈샵 | 주방/생활 | 뷰티/패션 | 최저가찬스참존순금앰플 | 최저가찬스쥬비스다이어트 | 배송비쿠폰백진미채 | 배송비쿠폰농심 | 타임어택 | 혜택&쿠폰 | TV LIVE02:05블루미너스 왕의 맥문동진액 8박스/240포359,000원TV쇼핑카드5%무료배송바로구매 | TV Shop+13:55김치연구가 강미금의 별미김치 율무 열무김치 3kg+율무 총각김치 2kg9%29,900 | 09:32:04 남음2건 이상 구매 시 2천원 적립26년산 푸드앤픽 백미 10kg 맛있는쌀 햅쌀34,900원 | 09:32:04 남음2건 이상 구매 시 2천원 적립26년 햇 호풍미 당도보장 고구마 5kg 한입 외 (순차출",https www nsmall com,"NS홈쇼핑- 건강한 아이디어 
 TV에서 본 그 상품 5% 할인 및 구매시 3천원 적립까지! 신규가입 첫 구매 5천원 적립금과 매일 달라지는 특가 상품도 혜택 더드림! 
 NSMall | 지금 방송 중 
 NSMall 이전 페이지로 이동 홈쌀10kg 34,900원 검색 장바구니 | 카테고리 숏딜홈마이 최근본 
 NSMall | 검색 | 숏딜 | 마이 | 최근본 
 이전 페이지로 이동 | 쌀10kg 34,900원 | 장바구니 | 탭메뉴 펼치기/닫기 | 전체보기 | 바로구매 | 카테고리 | 페이지 상단으로 이동 | 앱 설치 | 웹에서 쇼핑하기 | 전용 앱에서 쇼핑하기 
 28 / 28 | 1 / 28 | 2 / 28 | 타임특가 | 3 / 28 | 4 / 28 | 5 / 28 | 6 / 28 | 7 / 28 | 8 / 28 | 9 / 28 | 10 / 28 | 11 / 28 | 12 / 28 | 13 / 28 | 14 / 28 | 15 / 28 | 16 / 28 | 17 / 28 | 18 / 28 | 19 / 28 | 20 / 28 | 21 / 28 | 22 / 28 | 23 / 28 | 24 / 28 | 25 / 28 | 26 / 28 | 27 / 28 | 1 / 1 | 16 / 17 | 17 / 17 | 1 / 17 | 2 / 17 | 3 / 17 | 4 / 17 | 5 / 17 | 6 / 17 | 7 / 17 | 8 / 17 
 엔라방 | 편성표 | 5%쿠폰할인TV쇼핑 | 홈.특가 | 2천원적립신선장터 | 2천원적립NS마트 | 10%+무이자금은방 | 1만원무한적립갈비대전 | 건강플러스엔웰스 | 서울뷰티위크 | 10%+10%익산미식회 | 소상공인물가안정선착순배송비 | 건강가전렌탈샵 | 주방/생활 | 뷰티/패션 | 최저가찬스참존순금앰플 | 최저가찬스쥬비스다이어트 | 배송비쿠폰백진미채 | 배송비쿠폰농심 | 타임어택 | 혜택&쿠폰 | TV LIVE02:05블루미너스 왕의 맥문동진액 8박스/240포359,000원TV쇼핑카드5%무료배송바로구매 | TV Shop+13:55김치연구가 강미금의 별미김치 율무 열무김치 3kg+율무 총각김치 2kg9%29,900 | 09:32:04 남음2건 이상 구매 시 2천원 적립26년산 푸드앤픽 백미 10kg 맛있는쌀 햅쌀34,900원 | 09:32:04 남음2건 이상 구매 시 2천원 적립26년 햇 호풍미 당도보장 고구마 5kg 한입 외 (순차출 
 https www nsmall com",1197,235
bbdefa2950f49882,e001_full-wtg_bbdefa2950f49882-2026-08-27T052227951656Z,6d3d8552dd778770d684c600298370fe,QUERY,PORTAL_SEARCH,Google,https://www.google.com/?hl=ko,1,Google,,,#navd{position:absolute;top:0}.KojFAc:focus{outline:none}.xuwOJb{display:none;overflow:hidden;position:fixed;inset:0;z-index:199}.SSH64d{background-color:var(--gVUKcd);opacity:0.001;position:absolute;,이미지 | 로그인,.Cdl0yb{outline:none;background:none;bor | .Tg7LZd{background:transparent;border:no | .eCAVse{display:flex;flex-wrap:wrap;flex | .nELVi{display:flex;background:none;bord | .Va3FIb{font-size:14px;font-family:sans- | 취소 | 확인 | 삭제 | 설정,검색 설정 | 기본 메뉴 | Google 앱 | 로그인 | Google | 닫기 | 뒤로 | Google 검색 | 파일 및 도구를 추가하거나 모델 선택 | 검색어 지우기 | AI 기반 검색 | 음성 검색 | 카메라 또는 사진을 사용해 검색하세요 | 보내기 | 옵션 더보기,Google에 물어보세요,,sca_esv | hl | sxsrf | source | ei | biw | bih,,https www google com hl ko,"Google 
 #navd{position:absolute;top:0}.KojFAc:focus{outline:none}.xuwOJb{display:none;overflow:hidden;position:fixed;inset:0;z-index:199}.SSH64d{background-color:var(--gVUKcd);opacity:0.001;position:absolute; 
 이미지 | 로그인 
 .Cdl0yb{outline:none;background:none;bor | .Tg7LZd{background:transparent;border:no | .eCAVse{display:flex;flex-wrap:wrap;flex | .nELVi{display:flex;background:none;bord | .Va3FIb{font-size:14px;font-family:sans- | 취소 | 확인 | 삭제 | 설정 
 검색 설정 | 기본 메뉴 | Google 앱 | 로그인 | Google | 닫기 | 뒤로 | Google 검색 | 파일 및 도구를 추가하거나 모델 선택 | 검색어 지우기 | AI 기반 검색 | 음성 검색 | 카메라 또는 사진을 사용해 검색하세요 | 보내기 | 옵션 더보기 
 Google에 물어보세요 
 sca_esv | hl | sxsrf | source | ei | biw | bih 
 https www google com hl ko",704,118
ccb9754c97fa7341,e001_full-wtg_ccb9754c97fa7341-2026-08-27T052409538843Z,d1266c2d142d2487d6c946860befe7d1,ITEM_DETAIL,SHOPPING_COMMERCE,현대백화점,https://thehyundaiseoul.ehyundai.com/,1,THE HYUNDAI SEOUL | 더현대 서울,"여의도의 랜드마크, 더현대 서울. 자연과 예술이 공존하는 프리미엄 쇼핑 공간에서 특별한 경험을 만나보세요.",더현대 서울 (THE HYUNDAI SEOUL) | Issue Diary | TASTY SEOUL | SHOPPING NEWS | WEEKLY POP-UP | ALT.1 | 더현대 서울 주말 및 공휴일 임시주차장 이용 안내 | Pop up Calendar | Instagram | Maker | Store | Walk | Special Place | CONTACT | 바로가기,HomeAboutStoreEventIconicCultureEdit deptKR | HomeAboutStoreEventIconicCultureEdit dept | 바로가기사이트맵현대백화점카드CH1985,Home | About | Store | Event | Iconic | Culture | Edit dept | 사이트맵 | 현대백화점카드 | CH1985,"KR | 오늘 10:30 ~ 20:00 | You Tube | 반가워요, 쇼핑 AI 헤이디예요 | II | 01 | 02 | 10 | 11 | 12 | 13 | 14 | 15 | 16 | 17 | 18 | 19 | 20 | 21 | 22 | 23 | 24 | 25 | 26 | 27 | 28 | 29 | 30 | 31 | 더 많은 콘텐츠 보기",THE HYUNDAI SEOUL | 주요 메뉴 | 검색 | 언어 선택 | 메뉴 열기 | 영업 정보 패널 | 영업시간 접기 | 라이브 영상 접기 | 음소거 해제 | AI 챗봇 헤이디 | 닫기 | 메시지 회전 정지 | 슬라이드 1 | 슬라이드 2 | 광고 배너 슬라이드 | 1 / 2 | AI 네일 스튜디오에서 5분만에 완성되는 네일아트 (새창) | 2 / 2 | H.Point 9주년 이벤트 (새창) | 1번 배너로 이동 | 2번 배너로 이동 | 배너 자동 재생 일시정지 | 이전 슬라이드 | 다음 슬라이드 | 이전 달 | 다음 달 | 스페셜 플레이스 슬라이드 | 자동 재생 일시정지 | 1번 슬라이드로 이동 | 2번 슬라이드로 이동 | 소셜 미디어 | Instagram (새창) | 바로가기 메뉴 | 현대백화점카드 (새창) | CH1985 (새창),,,,Email (대관 및 홈페이지 광고 문의)thehyundai_seoul@thehyundai.com | 사이트맵 | 현대백화점카드 | CH1985,https thehyundaiseoul ehyundai com,"THE HYUNDAI SEOUL | 더현대 서울 
 여의도의 랜드마크, 더현대 서울. 자연과 예술이 공존하는 프리미엄 쇼핑 공간에서 특별한 경험을 만나보세요. 
 더현대 서울 (THE HYUNDAI SEOUL) | Issue Diary | TASTY SEOUL | SHOPPING NEWS | WEEKLY POP-UP | ALT.1 | 더현대 서울 주말 및 공휴일 임시주차장 이용 안내 | Pop up Calendar | Instagram | Maker | Store | Walk | Special Place | CONTACT | 바로가기 
 HomeAboutStoreEventIconicCultureEdit deptKR | HomeAboutStoreEventIconicCultureEdit dept | 바로가기사이트맵현대백화점카드CH1985 
 Home | About | Store | Event | Iconic | Culture | Edit dept | 사이트맵 | 현대백화점카드 | CH1985 
 KR | 오늘 10:30 ~ 20:00 | You Tube | 반가워요, 쇼핑 AI 헤이디예요 | II | 01 | 02 | 10 | 11 | 12 | 13 | 14 | 15 | 16 | 17 | 18 | 19 | 20 | 21 | 22 | 23 | 24 | 25 | 26 | 27 | 28 | 29 | 30 | 31 | 더 많은 콘텐츠 보기 
 THE HYUNDAI SEOUL | 주요 메뉴 | 검색 | 언어 선택 | 메뉴 열기 | 영업 정보 패널 | 영업시간 접기 | 라이브 영상 접기 | 음소거 해제 | AI 챗봇 헤이디 | 닫기 | 메시지 회전 정지 | 슬라이드 1 | 슬라이드 2 | 광고 배너 슬라이드 | 1 / 2 | AI 네일 스튜디오에서 5분만에 완성되는 네일아트 (새창) | 2 / 2 | H.Point 9주년 이벤트 (새창) | 1번 배너로 이동 | 2번 배너로 이동 | 배너 자동 재생 일시정지 | 이전 슬라이드 | 다음 슬라이드 | 이전 달 | 다음 달 | 스페셜 플레이스 슬라이드 | 자동 재생 일시정지 | 1번 슬라이드로 이동 | 2번 슬라이드로 이동 | 소셜 미디어 | Instagram (새창) | 바로가기 메뉴 | 현대백화점카드 (새창) | CH1985 (새창) 
 Email (대관 및 홈페이지 광고 문의)thehyundai_seoul@thehyundai.com | 사이트맵 | 현대백화점카드 | CH1985 
 https thehyundaiseoul ehyundai com",1238,217
d5ae5426eac23877,e001_full-wtg_d5ae5426eac23877-2026-08-27T052302742466Z,89146aa39a5c3f02ebdd9f69ebbd4486,FINANCIAL_ACTION_ENTRY,FINANCE_PAYMENT,모니모,https://www.monimo.com/,1,모니모 - monimo,"모이는 금융, 커지는 혜택",,,,,이전 페이지로 가기 | 컨텐츠 불러오는 중,,,,,https www monimo com,"모니모 - monimo 
 모이는 금융, 커지는 혜택 
 이전 페이지로 가기 | 컨텐츠 불러오는 중 
 https www monimo com",78,16
e67be79550661604,e001_full-wtg_e67be79550661604-2026-08-27T052317699723Z,d0e57e46c6df02aa27a2893db31d85c6,ITEM_DETAIL,SHOPPING_COMMERCE,CU,https://cu.bgfretail.com/,1,CU브랜드 모바일,,"CU 스토리보기 | CU 진행중인 이벤트 | BEST 상품 | +1 증정상품 | 지금 나에게 필요한건? | 포켓CU 다운받기 | 우리동네CU어디있지? | 창업안내 | 고객센터 | 스토리 | 고객과 사회에 좋은 친구, BGF리테일의 편의점 브랜드 CU입니다. | 제휴·광고 문의",로그인 CU소개 브랜드 스토리 CU 갤러리 상품·서비스 전체상품 CU 차별화 상품 행사상품 생활편의 서비스 제휴카드 매장안내 멤버십 창업정보ㆍ상생혜택 새로운소식 점주광장 제휴인증 매장안내 고객센터 1577-8007 평일 09시 ~ 18시 CU소개 상품·서비스 매장안내 멤버십 창업정보·상생혜택 새로운소식 | CU소개 브랜드 스토리 CU 갤러리 상품·서비스 전체상품 CU 차별화 상품 행사상품 생활편의 서비스 제휴카드 매장안내 멤버십 창업정보ㆍ상생혜택 새로운소식 | CU소개 상품·서비스 매장안내 멤버십 창업정보·상생혜택 새로운소식 | 거래상담 제휴/광고 문의 매장찾기 전자세금계산서 발주 및 배송데이터 개인정보처리방침 제휴인증,로그인 | CU소개 | 브랜드 스토리 | CU 갤러리 | 상품·서비스 | 전체상품 | CU 차별화 상품 | 행사상품 | 생활편의 서비스 | 제휴카드 | 매장안내 | 멤버십 | 창업정보ㆍ상생혜택 | 새로운소식 | 점주광장 | 제휴인증 | 고객센터 1577-8007 평일 09시 ~ 18시 | 창업정보·상생혜택 | 거래상담 | 제휴/광고 문의 | 매장찾기 | 전자세금계산서 | 발주 및 배송데이터 | 개인정보처리방침,,Go to slide 1 | Go to slide 2 | Go to slide 3 | Go to slide 4 | Go to slide 5,점포명 또는 OO동을 입력해보세요.,오늘 하루 열지 않기,user_id | gdIdx,"CU소개 브랜드 스토리 CU 갤러리 | 브랜드 스토리 | CU 갤러리 | 상품·서비스 전체상품 CU 차별화 상품 행사상품 생활편의 서비스 제휴카드 | 전체상품 | CU 차별화 상품 | 행사상품 | 생활편의 서비스 | 제휴카드 | 매장안내 | 멤버십 | 창업정보ㆍ상생혜택 | 새로운소식 | 점주광장 | 제휴인증 | CU소개 | 상품·서비스 | 창업정보·상생혜택 | 거래상담 | 제휴/광고 문의 | 매장찾기 | 전자세금계산서 | 발주 및 배송데이터 | 개인정보처리방침 | 온라인 제휴/광고(포켓CU 앱, 멤버십) dooba1@bgf.co.kr",https cu bgfretail com,"CU브랜드 모바일 
 CU 스토리보기 | CU 진행중인 이벤트 | BEST 상품 | +1 증정상품 | 지금 나에게 필요한건? | 포켓CU 다운받기 | 우리동네CU어디있지? | 창업안내 | 고객센터 | 스토리 | 고객과 사회에 좋은 친구, BGF리테일의 편의점 브랜드 CU입니다. | 제휴·광고 문의 
 로그인 CU소개 브랜드 스토리 CU 갤러리 상품·서비스 전체상품 CU 차별화 상품 행사상품 생활편의 서비스 제휴카드 매장안내 멤버십 창업정보ㆍ상생혜택 새로운소식 점주광장 제휴인증 매장안내 고객센터 1577-8007 평일 09시 ~ 18시 CU소개 상품·서비스 매장안내 멤버십 창업정보·상생혜택 새로운소식 | CU소개 브랜드 스토리 CU 갤러리 상품·서비스 전체상품 CU 차별화 상품 행사상품 생활편의 서비스 제휴카드 매장안내 멤버십 창업정보ㆍ상생혜택 새로운소식 | CU소개 상품·서비스 매장안내 멤버십 창업정보·상생혜택 새로운소식 | 거래상담 제휴/광고 문의 매장찾기 전자세금계산서 발주 및 배송데이터 개인정보처리방침 제휴인증 
 로그인 | CU소개 | 브랜드 스토리 | CU 갤러리 | 상품·서비스 | 전체상품 | CU 차별화 상품 | 행사상품 | 생활편의 서비스 | 제휴카드 | 매장안내 | 멤버십 | 창업정보ㆍ상생혜택 | 새로운소식 | 점주광장 | 제휴인증 | 고객센터 1577-8007 평일 09시 ~ 18시 | 창업정보·상생혜택 | 거래상담 | 제휴/광고 문의 | 매장찾기 | 전자세금계산서 | 발주 및 배송데이터 | 개인정보처리방침 
 Go to slide 1 | Go to slide 2 | Go to slide 3 | Go to slide 4 | Go to slide 5 
 점포명 또는 OO동을 입력해보세요. 
 오늘 하루 열지 않기 
 user_id | gdIdx 
 CU소개 브랜드 스토리 CU 갤러리 | 브랜드 스토리 | CU 갤러리 | 상품·서비스 전체상품 CU 차별화 상품 행사상품 생활편의 서비스 제휴카드 | 전체상품 | CU 차별화 상품 | 행사상품 | 생활편의 서비스 | 제휴카드 | 매장안내 | 멤버십 | 창업정보ㆍ상생혜택 | 새로운소식 | 점주광장 | 제휴인증 | CU소개 | 상품·서비스 | 창업정보·상생혜택 | 거래상담 | 제휴/광고 문의 | 매장찾기 | 전자세금계산서 | 발주 및 배송데이터 | 개인정보처리방침 | 온라인 제휴/광고(포켓CU 앱, 멤버십) dooba1@bgf.co.kr 
 https cu bgfretail com",1215,243
f322b894ee95c181,e001_full-wtg_f322b894ee95c181-2026-08-27T051859903516Z,9632c315136c647d651c7933ef5ce209,PLACE_LOOKUP,MAP_MOBILITY,카카오맵,https://m.map.kakao.com/,1,카카오맵,"좋은 곳을 함께 찾아가는 지도, 카카오맵",카카오맵 | 지도 메뉴 | 지도 홈,지도 상세 메뉴 펼치기 앱 열기 카카오맵 뒤로가기 닫기 지도 메뉴 검색 길찾기 버스 교통정보 대기정보 트렌드 랭킹 마이페이지 모바일앱 카카오맵 공지사항고객센터지도정보로그인 메뉴 닫기 | 지도 메뉴 검색 길찾기 버스 교통정보 대기정보 트렌드 랭킹 마이페이지,지도 상세 메뉴 펼치기 | 앱 열기 | 뒤로가기 | 닫기 | 검색 | 길찾기 | 버스 | 교통정보 | 대기정보 | 트렌드 랭킹 | 마이페이지 | 카카오맵 | 공지사항 | 고객센터 | 지도정보 | 로그인 | 메뉴 닫기,지도 상세 메뉴 펼치기 | 뒤로가기 | 검색어 지우기 | 검색 히스토리 삭제 | 이 지역 재검색 | 현위치 | 확대 | 축소 | 로드뷰 보기 | 지도 설정 레이어 | 전체보기 | 취소 | 확인 | 선택 | 해제,,"장소, 주소, 버스 검색",다시 보지 않기,,검색 | 길찾기 | 버스 | 교통정보 | 대기정보 | 트렌드 랭킹 | 마이페이지 | 지도 내부 검색어 입력폼 지도로 가기 목록으로 가기 서제스트 닫기 검색어 지우기 추천 검색어 지하철 버스정류 | 지하철 | 버스정류장 | 맛집 | 숙박 | 카페 | 주유소 | 주차장 | 은행 | 편의점 | 대형마트 | 병원 | 약국 | 고객센터 | 로그인,https map kakao com,"카카오맵 
 좋은 곳을 함께 찾아가는 지도, 카카오맵 
 카카오맵 | 지도 메뉴 | 지도 홈 
 지도 상세 메뉴 펼치기 앱 열기 카카오맵 뒤로가기 닫기 지도 메뉴 검색 길찾기 버스 교통정보 대기정보 트렌드 랭킹 마이페이지 모바일앱 카카오맵 공지사항고객센터지도정보로그인 메뉴 닫기 | 지도 메뉴 검색 길찾기 버스 교통정보 대기정보 트렌드 랭킹 마이페이지 
 지도 상세 메뉴 펼치기 | 앱 열기 | 뒤로가기 | 닫기 | 검색 | 길찾기 | 버스 | 교통정보 | 대기정보 | 트렌드 랭킹 | 마이페이지 | 카카오맵 | 공지사항 | 고객센터 | 지도정보 | 로그인 | 메뉴 닫기 
 지도 상세 메뉴 펼치기 | 뒤로가기 | 검색어 지우기 | 검색 히스토리 삭제 | 이 지역 재검색 | 현위치 | 확대 | 축소 | 로드뷰 보기 | 지도 설정 레이어 | 전체보기 | 취소 | 확인 | 선택 | 해제 
 장소, 주소, 버스 검색 
 다시 보지 않기 
 검색 | 길찾기 | 버스 | 교통정보 | 대기정보 | 트렌드 랭킹 | 마이페이지 | 지도 내부 검색어 입력폼 지도로 가기 목록으로 가기 서제스트 닫기 검색어 지우기 추천 검색어 지하철 버스정류 | 지하철 | 버스정류장 | 맛집 | 숙박 | 카페 | 주유소 | 주차장 | 은행 | 편의점 | 대형마트 | 병원 | 약국 | 고객센터 | 로그인 
 https map kakao com",680,144
f9fbd771ffcdbd42,e001_full-wtg_f9fbd771ffcdbd42-2026-08-27T052359250628Z,1eefe03ba28fc62e02a18fd4b30f090e,ITEM_DETAIL,SHOPPING_COMMERCE,G마켓,,1,G마켓 - 지금부터의 마켓,"대한민국 1등 온라인쇼핑, G마켓! 전회원 할인쿠폰. 매일 특가 슈퍼딜. 남다른 혜택 스마일클럽.",내가 좋아하는 것들이 먼저 보이는 | HOME,HOME장바구니신상💙쿠크다스 초코케이크맛 특가검색 | 홈베스트한가위선물픽NEW브랜드혜택패션새로왔G책&문화선물하기상생마켓뷰티 | 홈검색매일 출첵하고 혜택받아요!닫기스마일홈마이지최근 쇼핑 활동,장바구니 | 베스트 | 한가위선물픽NEW | 브랜드혜택 | 패션 | 새로왔G | 책&문화 | 선물하기 | 상생마켓 | 뷰티,신상💙쿠크다스 초코케이크맛 특가 | 검색 | 상호명 및 호스팅 서비스 제공 : 주식회사 지마켓사업자 정보 자세히 보기 | 페이지 맨 위로 이동하기 | 닫기,신상💙쿠크다스 초코케이크맛 특가 검색 | 하단 고정메뉴,,,,본문 바로가기 | 베스트 | 한가위선물픽NEW | 브랜드혜택 | 패션 | 새로왔G | 책&문화 | 선물하기 | 상생마켓 | 뷰티 | 이용약관 | 개인정보 처리방침 | 사업자정보 확인 | 매일 출첵하고 혜택받아요!닫기스마일홈 | 마이지 | 최근 쇼핑 활동,,"G마켓 - 지금부터의 마켓 
 대한민국 1등 온라인쇼핑, G마켓! 전회원 할인쿠폰. 매일 특가 슈퍼딜. 남다른 혜택 스마일클럽. 
 내가 좋아하는 것들이 먼저 보이는 | HOME 
 HOME장바구니신상💙쿠크다스 초코케이크맛 특가검색 | 홈베스트한가위선물픽NEW브랜드혜택패션새로왔G책&문화선물하기상생마켓뷰티 | 홈검색매일 출첵하고 혜택받아요!닫기스마일홈마이지최근 쇼핑 활동 
 장바구니 | 베스트 | 한가위선물픽NEW | 브랜드혜택 | 패션 | 새로왔G | 책&문화 | 선물하기 | 상생마켓 | 뷰티 
 신상💙쿠크다스 초코케이크맛 특가 | 검색 | 상호명 및 호스팅 서비스 제공 : 주식회사 지마켓사업자 정보 자세히 보기 | 페이지 맨 위로 이동하기 | 닫기 
 신상💙쿠크다스 초코케이크맛 특가 검색 | 하단 고정메뉴 
 본문 바로가기 | 베스트 | 한가위선물픽NEW | 브랜드혜택 | 패션 | 새로왔G | 책&문화 | 선물하기 | 상생마켓 | 뷰티 | 이용약관 | 개인정보 처리방침 | 사업자정보 확인 | 매일 출첵하고 혜택받아요!닫기스마일홈 | 마이지 | 최근 쇼핑 활동",544,96
fb3d1841dddfd982,e001_full-wtg_fb3d1841dddfd982-2026-08-27T052309990475Z,c2e1baae1578361765af1810431815b0,FINANCIAL_ACTION_ENTRY,FINANCE_PAYMENT,NH콕뱅크,https://banking.nonghyup.com/nhbank.html,1,농협 개인모바일,,,,,,,,,,,https banking nonghyup com nhbank html,"농협 개인모바일 
 https banking nonghyup com nhbank html",49,8
